/*
 Navicat Premium Data Transfer

 Source Server         : xxx
 Source Server Type    : MySQL
 Source Server Version : 50726
 Source Host           : 103.84.85.154:3306
 Source Schema         : wtree

 Target Server Type    : MySQL
 Target Server Version : 50726
 File Encoding         : 65001

 Date: 12/11/2019 15:29:41
*/

SET NAMES utf8mb4;
SET FOREIGN_KEY_CHECKS = 0;

-- ----------------------------
-- Table structure for active
-- ----------------------------
DROP TABLE IF EXISTS `active`;
CREATE TABLE `active`  (
  `id` int(11) UNSIGNED NOT NULL AUTO_INCREMENT,
  `users` text CHARACTER SET utf8 COLLATE utf8_general_ci NULL COMMENT '用户id记录日活跃量',
  `create_time` int(11) NOT NULL COMMENT '添加时间',
  `update_time` int(11) NOT NULL COMMENT '更新时间',
  PRIMARY KEY (`id`) USING BTREE,
  UNIQUE INDEX `create_time`(`create_time`) USING BTREE
) ENGINE = InnoDB AUTO_INCREMENT = 5 CHARACTER SET = utf8 COLLATE = utf8_general_ci COMMENT = '活跃记录表' ROW_FORMAT = Dynamic;

-- ----------------------------
-- Records of active
-- ----------------------------
INSERT INTO `active` VALUES (1, '74,75,76,77,79,80,81,82,83,84,86,87,88,89,90,91,92,94,95,96,98,99,102,103,100,101,104,105,106,107,108,110,109,111,114,97,115,112,116,117,118,121,113,122,123,124,125,126,127,129,131,132,133,78,134,135,136,137,138,139,140,141,142,143,144,145,146,147,148,149,150,151,152,155,153,120,156,157,158,159,160,161,162', 1573282768, 1573308744);
INSERT INTO `active` VALUES (2, '161,75,81,89,162,160,121,90,158,145,142,115,97,124,98,100,140,80,84,78,104,107,159,102,126,116,101,152,86,91,153,92,79,163,95,106,166,164,165,167,168,169,170,171,172,173,175,176,83,77,177,178,179,82,180,181,182,183,118,184,185,187,188', 1573315344, 1573399924);
INSERT INTO `active` VALUES (3, '162,166,176,100,80,81,145,83,189,104,92,188,124,175,190,84,191,160,95,140,106,115,89,192,98,90,161,169,167,79,101,193,107,194,77,195,142,180,118,197,126,198,102,196,88,170,199,200,201,103,202,204,116,205,207,203,177,208,173,209,210,211,212,213,214,216,217,218,219,220,221,158,222,152', 1573401743, 1573483009);
INSERT INTO `active` VALUES (4, '89,79,80,162,101,153,156,90,102,145,74,104,124,107,115,160,140,142,177,183,118,189,211,106,92,176,175,97,161,88,81,116,192,195,100,194,158,84,77,213,159,201,103,224,226,227,217', 1573488864, 1573543576);

-- ----------------------------
-- Table structure for address
-- ----------------------------
DROP TABLE IF EXISTS `address`;
CREATE TABLE `address`  (
  `id` int(11) UNSIGNED NOT NULL AUTO_INCREMENT,
  `uid` int(11) UNSIGNED NULL DEFAULT 0,
  `address` varchar(255) CHARACTER SET utf8 COLLATE utf8_general_ci NOT NULL COMMENT '地址',
  `create_time` int(11) NOT NULL COMMENT '添加时间',
  PRIMARY KEY (`id`) USING BTREE
) ENGINE = InnoDB AUTO_INCREMENT = 1119 CHARACTER SET = utf8 COLLATE = utf8_general_ci COMMENT = '地址信息' ROW_FORMAT = Dynamic;

-- ----------------------------
-- Records of address
-- ----------------------------
INSERT INTO `address` VALUES (1, 73, '0xf334b8ab18967a594f5cf9a4fcffe396eaa307e9', 1573281624);
INSERT INTO `address` VALUES (2, 74, '0x51dfb7d163ffa1493037a6167d02b275284c9c62', 1573281624);
INSERT INTO `address` VALUES (3, 75, '0x73321a5408d767c3f55bdb2204b0dd470408670d', 1573281624);
INSERT INTO `address` VALUES (4, 76, '0x18f47236f61c04c2cb21c14aca9dc09d6296f126', 1573281624);
INSERT INTO `address` VALUES (5, 77, '0xd0511820bae1450174d3446572da400963c9bdbd', 1573281624);
INSERT INTO `address` VALUES (6, 78, '0x50796d7a3a6ddb428cdd6b61ab7bcdf782af148a', 1573281624);
INSERT INTO `address` VALUES (7, 79, '0x668d9b5b75a8ea8f2ade6cca2753bd59aae7178d', 1573281624);
INSERT INTO `address` VALUES (8, 80, '0x4180755d7e4f61b979b59b4285534458dc9b153c', 1573281624);
INSERT INTO `address` VALUES (9, 81, '0x543fc31e4881be80fd4ef7380a0f34edde5dc38d', 1573281624);
INSERT INTO `address` VALUES (10, 82, '0x00bab4c4390d4f3129a55c1f191c1613c21c3591', 1573281624);
INSERT INTO `address` VALUES (11, 83, '0x11372b113a23e11ba9eb07feb5a6d1d8a94dbaac', 1573281624);
INSERT INTO `address` VALUES (12, 84, '0xdaa59b8835c618df5f5473c62f0ab130e7a649d8', 1573281624);
INSERT INTO `address` VALUES (13, 85, '0xff8ca350b3214fa32f9bce3a620e4883c61758b1', 1573281624);
INSERT INTO `address` VALUES (14, 86, '0x2d5341905fc5c98166c1ff55853175023830cfef', 1573281624);
INSERT INTO `address` VALUES (15, 87, '0x618c4a2268e1589f4646c04d2516e96fe85b825b', 1573281624);
INSERT INTO `address` VALUES (16, 88, '0x6a90a9456feba837bee8a69ee558cdc1ee88362a', 1573281624);
INSERT INTO `address` VALUES (17, 89, '0xace575477852ee0172e303601325a2da0a7d8b6a', 1573281624);
INSERT INTO `address` VALUES (18, 90, '0x1d8d2254fafaa115650eb6f2e196fc7f4280d674', 1573281624);
INSERT INTO `address` VALUES (19, 91, '0x38717929534f9db75ac186886c4a5815172f08f1', 1573281624);
INSERT INTO `address` VALUES (20, 92, '0x9c3ca21d632b59f7df94d168cbb1de963d265398', 1573281624);
INSERT INTO `address` VALUES (21, 93, '0xac5ad239057dc4b4b4591540d80b55d0749830a8', 1573281624);
INSERT INTO `address` VALUES (22, 94, '0xe6d5eb183c7dc9dee526e0882f08e49a53c9affd', 1573281624);
INSERT INTO `address` VALUES (23, 95, '0x7c393836e7f3b151c672f9dc35f0ca45a07d8fb4', 1573281624);
INSERT INTO `address` VALUES (24, 96, '0x07c300af88314d48858925618a4761218b6d104c', 1573281624);
INSERT INTO `address` VALUES (25, 97, '0xa434521b6402d5d055e370c03666d18e87c1a55e', 1573281624);
INSERT INTO `address` VALUES (26, 98, '0xd4f888869e3f8c238ef30e6ff69bce53299cb1ef', 1573281624);
INSERT INTO `address` VALUES (27, 99, '0x5c6ba4cdad79cda35fff193ad8cd12801c5a69bc', 1573281624);
INSERT INTO `address` VALUES (28, 100, '0xc75d2349fd8aeea9e3f7152ea1a76db79481f780', 1573281624);
INSERT INTO `address` VALUES (29, 101, '0x75eb99ec6d30eea3b999068550c82422cf58817a', 1573281624);
INSERT INTO `address` VALUES (30, 102, '0x45f589b9e1b9428fd4dd87eceec12d48be5ffa5a', 1573281624);
INSERT INTO `address` VALUES (31, 103, '0x08908b576f10ac74a62c394821009d8c2a8f2bad', 1573281624);
INSERT INTO `address` VALUES (32, 104, '0xb420611b9c14aa9ff0a6352d2d82c6bfc03c0af7', 1573281624);
INSERT INTO `address` VALUES (33, 105, '0x71f3740dfe2d543e25a89455f2c818e3dc7a2e6a', 1573281624);
INSERT INTO `address` VALUES (34, 106, '0x82fdf6c7ec0ee789996f131e18aec530772b26a8', 1573281624);
INSERT INTO `address` VALUES (35, 107, '0x5844e1684dcf874a513275e3e89c0d54243aa3f4', 1573281624);
INSERT INTO `address` VALUES (36, 108, '0x49bf18ecd54953a82f02acf066ae4846900e83ad', 1573281624);
INSERT INTO `address` VALUES (37, 109, '0x26917b861d550738c45ea62475363c65cd6d097b', 1573281624);
INSERT INTO `address` VALUES (38, 110, '0xc155ec1066381f2dd318cb3f156aae394b32e3b2', 1573281624);
INSERT INTO `address` VALUES (39, 111, '0xb854ee2ebbc3d716ed4d89193ea15eb7d9da0f76', 1573281624);
INSERT INTO `address` VALUES (40, 112, '0x0d142c031043732b93e30f98568c09f618e37919', 1573281624);
INSERT INTO `address` VALUES (41, 113, '0x1557fc922135fc03c35c89fd949463f281ef5e84', 1573281624);
INSERT INTO `address` VALUES (42, 114, '0x78357eb76417f80d642494caf1fd26538e21f566', 1573281624);
INSERT INTO `address` VALUES (43, 115, '0xd64ba45cd794f709a3e0622990d69479683246b2', 1573281624);
INSERT INTO `address` VALUES (44, 116, '0x3456dccb958467417b82720faddcaf09e0abf23a', 1573281624);
INSERT INTO `address` VALUES (45, 117, '0x3f89b0eeaf64cb97834398226ac9df2998310867', 1573281624);
INSERT INTO `address` VALUES (46, 118, '0x08f904bf668a1a7a4bcc0d1ef3286d3d8780da72', 1573281624);
INSERT INTO `address` VALUES (47, 119, '0x8f29fae2eb9f8e3cf653032017ef7c6e9f0a13a3', 1573281624);
INSERT INTO `address` VALUES (48, 120, '0x277793b243c34be5e32c673654ca848d8d3050fa', 1573281624);
INSERT INTO `address` VALUES (49, 121, '0xd59c02b4cde22ea639768e6d71f1f3213b211c78', 1573281624);
INSERT INTO `address` VALUES (50, 122, '0xf741442c3925c2f9e2a780ebfd03cd2d8ae85840', 1573281624);
INSERT INTO `address` VALUES (51, 123, '0xe9bfb6e80351e9deb5b86fbddfd66be9616eac35', 1573281624);
INSERT INTO `address` VALUES (52, 124, '0x3a990da30540fa8e1114607b9d8afae3bddcf14d', 1573281624);
INSERT INTO `address` VALUES (53, 125, '0x7f06b3c99082f51eb791f9a30b0f0f240b84c9b3', 1573281624);
INSERT INTO `address` VALUES (54, 126, '0x9f8552ea2f0cb883e166fc8fa951f201e4ea7bb5', 1573281624);
INSERT INTO `address` VALUES (55, 127, '0x7e059a41fbc8bbed407ce77ab1b27e170c28faa9', 1573281624);
INSERT INTO `address` VALUES (56, 128, '0x612e184b1ba3a92003be6a35de55a458617276e3', 1573281624);
INSERT INTO `address` VALUES (57, 129, '0x6ccc5f79f4cb426ec1d3bb41730c45b465634a84', 1573281624);
INSERT INTO `address` VALUES (58, 130, '0xfbcbcfbe34f80510b4d0ef5eedbfc344eb5689dd', 1573281624);
INSERT INTO `address` VALUES (59, 131, '0x593c224a3d524d555b924eeeb82d7c5ab6e6691c', 1573281624);
INSERT INTO `address` VALUES (60, 132, '0xe18ebdadcc8ebd7d7cb4df9ed35bd5e519a0f6f7', 1573281624);
INSERT INTO `address` VALUES (61, 133, '0x44a30805ac992a29a66cf362c9ec448419547206', 1573281624);
INSERT INTO `address` VALUES (62, 134, '0x7a5d290290a143b6c7b03aa201f9354782074603', 1573281624);
INSERT INTO `address` VALUES (63, 135, '0x14cafc791b7f8d26a1d6e123611d49f269f93e9b', 1573281624);
INSERT INTO `address` VALUES (64, 136, '0xc2955c4045f3e525c35785f125ef0b379a73a273', 1573281624);
INSERT INTO `address` VALUES (65, 137, '0xd626c71b2835abb404203e9e5f3df8d2f4336382', 1573281624);
INSERT INTO `address` VALUES (66, 138, '0xea9b997df0ca1e736dfc5bc051607694a70e89ff', 1573281624);
INSERT INTO `address` VALUES (67, 139, '0xdd9a460847d2fe9b02caaaf1ccc0fe8153e8f648', 1573281624);
INSERT INTO `address` VALUES (68, 140, '0x0a1824ae0789ddc5a955e5ae4cb0cb60605a3e56', 1573281624);
INSERT INTO `address` VALUES (69, 141, '0x2054ad7906babb371803796d176e4e93d950602e', 1573281624);
INSERT INTO `address` VALUES (70, 142, '0x92f52c61002bf3d90521ad18031d9f036b9a4a18', 1573281624);
INSERT INTO `address` VALUES (71, 143, '0xe3aaf3dd46f0e40ce9bc687db11a972b53a688d5', 1573281624);
INSERT INTO `address` VALUES (72, 144, '0x0ac0150c11b949d16fedc89363790c354e623222', 1573281624);
INSERT INTO `address` VALUES (73, 145, '0x483c007187f727df94636e140e35eb70e015540f', 1573281624);
INSERT INTO `address` VALUES (74, 146, '0xfb1071c2e5b371050de1244c48d91612dbd7817f', 1573281624);
INSERT INTO `address` VALUES (75, 147, '0xf4ef76370dd19b80d824667564a852ceceeaea4c', 1573281624);
INSERT INTO `address` VALUES (76, 148, '0xd96908a3ee5eee7d411de6c1fe48b04754eaefac', 1573281624);
INSERT INTO `address` VALUES (77, 149, '0x65ca4edf6f87bf55455c261142aed30e503178c5', 1573281624);
INSERT INTO `address` VALUES (78, 150, '0x26714eea68b93a9d2eae76b48b226a9fab680422', 1573281624);
INSERT INTO `address` VALUES (79, 151, '0xe5c7ea087e51e7d3f3b626894d4679ca3c9a6c23', 1573281624);
INSERT INTO `address` VALUES (80, 152, '0x9e95726eeb4902887183df8c60ba1cc9cbd9c05e', 1573281624);
INSERT INTO `address` VALUES (81, 153, '0xc7a92f47caccb28fd252df63109c8b71b17d8885', 1573281624);
INSERT INTO `address` VALUES (82, 154, '0x8b366cb6417ba670ba04463dd715e58a4319a81c', 1573281624);
INSERT INTO `address` VALUES (83, 155, '0x2c8bada1c34d0b8b89ec7ce2478817d1e473827b', 1573281624);
INSERT INTO `address` VALUES (84, 156, '0x1671a2d4b4a558f4ea91ba16d7d727c30d441017', 1573281624);
INSERT INTO `address` VALUES (85, 157, '0x980243518b1c2f1d3a855793b76106e11d9d9c7b', 1573281624);
INSERT INTO `address` VALUES (86, 158, '0x9ef3f6506e38c89b691d2c3576361bf1bf204c6f', 1573281624);
INSERT INTO `address` VALUES (87, 159, '0xdaf1cd851dee1ae72b51737b4b2a920ae9253fe2', 1573281624);
INSERT INTO `address` VALUES (88, 160, '0xfd56cf94f9eb338bc0ea374d188f3d6362c132c1', 1573281624);
INSERT INTO `address` VALUES (89, 161, '0x1a7c37cf07ec4d17798f0dbe0761ad995329539d', 1573281624);
INSERT INTO `address` VALUES (90, 162, '0x2625448670f3b9d7c754b93c41e9f12e11ec6420', 1573281624);
INSERT INTO `address` VALUES (91, 163, '0x357c59e639a59e2f1f71fcbf43a44ec49ef919ce', 1573281624);
INSERT INTO `address` VALUES (92, 164, '0xf53b16bc790826197553bb307e2b047fccc6fb85', 1573281624);
INSERT INTO `address` VALUES (93, 165, '0xd7f928bf5c304d2372577c65dbb77c0fd993e1a0', 1573281624);
INSERT INTO `address` VALUES (94, 166, '0x82a06e03619be1963f179768e62ef9c68ccabda3', 1573281624);
INSERT INTO `address` VALUES (95, 167, '0xcf246ace3c542c40f03729f6520fefb9603ef34f', 1573281624);
INSERT INTO `address` VALUES (96, 168, '0x98bbcfca29b5b9cafb3fff7392fb8add79cbcf24', 1573281624);
INSERT INTO `address` VALUES (97, 169, '0x533674fc991658732affe3652e6f13120060028b', 1573281624);
INSERT INTO `address` VALUES (98, 170, '0x0f383438bdf50c356346ffc2c7879f43f955ae97', 1573281624);
INSERT INTO `address` VALUES (99, 171, '0x3a1c5fee3cbe4274d59fac3714745754428c47fa', 1573281624);
INSERT INTO `address` VALUES (100, 172, '0x9e7dcdb7f12c5f9d83b5d683eff3b50de17ef9c6', 1573281624);
INSERT INTO `address` VALUES (101, 173, '0xe359bc9527b0fa64515787c13fd77eebfb862b12', 1573281624);
INSERT INTO `address` VALUES (102, 174, '0x911b7728bc22d715ba22b11b3100d586ed474098', 1573281624);
INSERT INTO `address` VALUES (103, 175, '0xab672597dc75dd29695bf5934895b5caa1169b9e', 1573281624);
INSERT INTO `address` VALUES (104, 176, '0xf4ff86a42860d6e74fc1a505eda86209be93164b', 1573281624);
INSERT INTO `address` VALUES (105, 177, '0xc872fa2cbe4b04d026d5108e83716358ea2488fb', 1573281624);
INSERT INTO `address` VALUES (106, 178, '0xc5ecf56ca5e6e95481c8b63c3009ba20ed41a58f', 1573281624);
INSERT INTO `address` VALUES (107, 179, '0xbe2aef87d366c88504103d4e84d3a322d73a1532', 1573281624);
INSERT INTO `address` VALUES (108, 180, '0x6e7049aceee0451cb6c76c135380a6fdc8b5532d', 1573281624);
INSERT INTO `address` VALUES (109, 181, '0x1623f913ff7f3f5770f90fbe5be367169bd0ab25', 1573281624);
INSERT INTO `address` VALUES (110, 182, '0x98c5f93a871f2d1eda2057a767aa5becf105e028', 1573281624);
INSERT INTO `address` VALUES (111, 183, '0x0211e833561a3a4b9295a7c97760f89a3dc6c754', 1573281624);
INSERT INTO `address` VALUES (112, 184, '0xf88ab95e2fdea672e5091406782fd2ea27aee4cf', 1573281624);
INSERT INTO `address` VALUES (113, 185, '0xd381a2b272654b9569fe2b46496bb761f36cbde8', 1573281624);
INSERT INTO `address` VALUES (114, 186, '0x5126fc6f4de79e018d7c9b8e855417ea311ba3e1', 1573281624);
INSERT INTO `address` VALUES (115, 187, '0x8ad5e2aa8fa09c62f7162b81fe1c3152c7aa6c3b', 1573281624);
INSERT INTO `address` VALUES (116, 188, '0xef0106740d5970b235478b7323a33950c033b8bb', 1573281625);
INSERT INTO `address` VALUES (117, 189, '0x0587347ca332e06600d0e86225588a5eed3e3f87', 1573281625);
INSERT INTO `address` VALUES (118, 190, '0x7b101a90a381f84f86ab71461bb7ed3b5e813fa3', 1573281625);
INSERT INTO `address` VALUES (119, 191, '0x2ad7925c0b9f86677955c3026c90d6651e2291dc', 1573281625);
INSERT INTO `address` VALUES (120, 192, '0xfbccad00d95dd52fc33389941c9dfb894b8fc4da', 1573281625);
INSERT INTO `address` VALUES (121, 193, '0x07e55512473cf366bef11250d1e987c74e808d2f', 1573281625);
INSERT INTO `address` VALUES (122, 194, '0xc64673f4c124a6f60b13365fabd2555f5cce952c', 1573281625);
INSERT INTO `address` VALUES (123, 195, '0xf760c7c7ad834c61311f419c9704002de914f766', 1573281625);
INSERT INTO `address` VALUES (124, 196, '0x94174f4a4ad63e0082b42e4e91981dd8da7f1606', 1573281625);
INSERT INTO `address` VALUES (125, 197, '0x31052c828807b49dab8b8ab91166695b7b77dade', 1573281625);
INSERT INTO `address` VALUES (126, 198, '0x6e6909b6e66b173c20b0f192ed259f4dc5de6c31', 1573281625);
INSERT INTO `address` VALUES (127, 199, '0x67a5b3721c92a00e2be5515b6c7adc3fec278221', 1573281625);
INSERT INTO `address` VALUES (128, 200, '0x09a840bb3b3744fcb7c6f6210fa1dd8e37e187c3', 1573281625);
INSERT INTO `address` VALUES (129, 201, '0xc77d1b8e8680e946a0a2ed03435e1bb0da381316', 1573281625);
INSERT INTO `address` VALUES (130, 202, '0x5f4a517b2dd89d0052d38fd8a575bc573c6738c6', 1573281625);
INSERT INTO `address` VALUES (131, 203, '0x74db91872beae3498733c70bdafb42940c736abb', 1573281625);
INSERT INTO `address` VALUES (132, 204, '0xb7571bb3a8be0ca01d135f43ef218a0e32ae41a3', 1573281625);
INSERT INTO `address` VALUES (133, 205, '0xaf7c61b96ae771417aacc82d16483b98c870a002', 1573281625);
INSERT INTO `address` VALUES (134, 206, '0x1d5c1e4c6c0bfbef69c6b692893fc1f03b4e2053', 1573281625);
INSERT INTO `address` VALUES (135, 207, '0x3aa9a4c373b04cc25409b52fcd3398793e2ea66f', 1573281625);
INSERT INTO `address` VALUES (136, 208, '0x96be48a7061dd08e6f9214ba9ad0326848d6df02', 1573281625);
INSERT INTO `address` VALUES (137, 209, '0xb731dac62a0633dc565e7653f3de79d8d1149dc1', 1573281625);
INSERT INTO `address` VALUES (138, 210, '0xdd97c0c874e81dcb3b2d8e0f7e89eed94e11f562', 1573281625);
INSERT INTO `address` VALUES (139, 211, '0x26ecaba0fadc63087b493baf84d49d612cfa2aa3', 1573281625);
INSERT INTO `address` VALUES (140, 212, '0x8e2ec77d77cbf84a763bd5c968ef946dedee93db', 1573281625);
INSERT INTO `address` VALUES (141, 213, '0x08ecaef29335d63a57efcf7c1712e87b136b5083', 1573281625);
INSERT INTO `address` VALUES (142, 214, '0x8f8b77f074b4468f250cc181497962fe0c3ef570', 1573281625);
INSERT INTO `address` VALUES (143, 215, '0x2bf488fa946a1c4587bfaa3b3727deb7e52d58cb', 1573281625);
INSERT INTO `address` VALUES (144, 216, '0xc308ff20bcc4260b06e698a279643865ae981701', 1573281625);
INSERT INTO `address` VALUES (145, 217, '0xf4ee8d17b9afafea7449d2a868cb20e680841154', 1573281625);
INSERT INTO `address` VALUES (146, 218, '0xa21094314aead061560b634b6506761e2cc996a5', 1573281625);
INSERT INTO `address` VALUES (147, 219, '0x5df11c31ab9cfea31b5d09abe165e26265285183', 1573281625);
INSERT INTO `address` VALUES (148, 220, '0x2f8e6cf50c1177646589ed3287f314fa0c0362c9', 1573281625);
INSERT INTO `address` VALUES (149, 221, '0x650766ace225a8582dfef0d7b18cf85a7c5c7858', 1573281625);
INSERT INTO `address` VALUES (150, 222, '0x798038afd167c0931c547f41154c4feb601149e3', 1573281625);
INSERT INTO `address` VALUES (151, 223, '0xc2e6b0c3aa50ca84c4287efab85da98084a9fcfb', 1573281625);
INSERT INTO `address` VALUES (152, 224, '0x9d1f4c0baaebb4b6c69dd2617010f95b4cb2dad5', 1573281625);
INSERT INTO `address` VALUES (153, 225, '0x136c676e3fa4263fffaa140a4867c0c421d48224', 1573281625);
INSERT INTO `address` VALUES (154, 226, '0x80583f1b2544e794ece77f572fe2c7e88fe285e7', 1573281625);
INSERT INTO `address` VALUES (155, 227, '0x21c37c14e2cd649301407750bb5e05fe098747b9', 1573281625);
INSERT INTO `address` VALUES (156, 228, '0x7328c229a8e32a85856adc2180498c23875c49c6', 1573281625);
INSERT INTO `address` VALUES (157, 0, '0x29d9d3ba7b82db930e957a0585e69e3a899fc420', 1573281625);
INSERT INTO `address` VALUES (158, 0, '0x1157662e73fecd5ca89a258db89f87a8059e654d', 1573281625);
INSERT INTO `address` VALUES (159, 0, '0xd86d30cbcc7685a0f1f168041d3645ef6094aefd', 1573281625);
INSERT INTO `address` VALUES (160, 0, '0xa11855846ce138d59231a07755cb4373e00c0955', 1573281625);
INSERT INTO `address` VALUES (161, 0, '0xc76afad59f1dae82d1b4ebac9a532539b1dc2e09', 1573281625);
INSERT INTO `address` VALUES (162, 0, '0xa1d32c3ee174d72e5014414baccc496c4a23fe82', 1573281625);
INSERT INTO `address` VALUES (163, 0, '0xf0ddff2679324346edaaa83ccbff96bfe6c56067', 1573281625);
INSERT INTO `address` VALUES (164, 0, '0x6993ba6879a6cd0418c75a40df9877b4d18ac8ee', 1573281625);
INSERT INTO `address` VALUES (165, 0, '0x9df3642d0a0a0d46af83a7b9c321b5440af7e8e6', 1573281625);
INSERT INTO `address` VALUES (166, 0, '0x9fa98c0164edc754d383a0015b4bf84584dbfb66', 1573281625);
INSERT INTO `address` VALUES (167, 0, '0x3bfd39183f40ea75cd35f83baab037770f4d6aca', 1573281625);
INSERT INTO `address` VALUES (168, 0, '0xc23f6cff4f6559496a3d6d3d03c91271ccfd7f65', 1573281625);
INSERT INTO `address` VALUES (169, 0, '0x429eb8765ca76a7656e76fb4eba42838d5d4262b', 1573281625);
INSERT INTO `address` VALUES (170, 0, '0x99e6cab21db515082e5db1b0d0fbe48e05d7b852', 1573281625);
INSERT INTO `address` VALUES (171, 0, '0xaa0593905efb19eccc52c3ff33c65ce3b548e89d', 1573281625);
INSERT INTO `address` VALUES (172, 0, '0x33953da70cd23043b2159f81189c6af554b28a97', 1573281625);
INSERT INTO `address` VALUES (173, 0, '0xc7284e954ee0646d47ec5dcccb26f551f9f68602', 1573281625);
INSERT INTO `address` VALUES (174, 0, '0x25fd72b54993e09936a3294aeddfcd2fab3f6d6b', 1573281625);
INSERT INTO `address` VALUES (175, 0, '0x85d379b4b83d866b26495cd88838b39349b3cf5f', 1573281625);
INSERT INTO `address` VALUES (176, 0, '0x9b4cf30c1fb7da43aec5a800d7dbdfc1ec0678d6', 1573281625);
INSERT INTO `address` VALUES (177, 0, '0xd505a8fd8a385a79d4755dc558b9a9160353037b', 1573281625);
INSERT INTO `address` VALUES (178, 0, '0x6ec05ddd2a130a87a08f25347e2024213347b380', 1573281625);
INSERT INTO `address` VALUES (179, 0, '0xe427cdd0ccbc0179f64127907bbf947680e2f056', 1573281625);
INSERT INTO `address` VALUES (180, 0, '0x4aafbed929bc6d757e625b66f79160d005a136f3', 1573281625);
INSERT INTO `address` VALUES (181, 0, '0xbfd744013d1c370344239a7de5370196053dbdae', 1573281625);
INSERT INTO `address` VALUES (182, 0, '0x2d5536dcd52c0bf952d1ae9e86a3d1cdabbee60e', 1573281625);
INSERT INTO `address` VALUES (183, 0, '0xbb563b940bc896d8f593bc6cf3060530a5d0d081', 1573281625);
INSERT INTO `address` VALUES (184, 0, '0xf6e22c2e8dd66141e4066e2d3e41ee4a8dce13cd', 1573281625);
INSERT INTO `address` VALUES (185, 0, '0xe75b71909dad98afca279fa2479a892a08578792', 1573281625);
INSERT INTO `address` VALUES (186, 0, '0x52ab48e8f239178cafa94b8a50f4c0ddeee4100b', 1573281625);
INSERT INTO `address` VALUES (187, 0, '0x99103c2e7800070ba8d6567623cd50d9dad390d2', 1573281625);
INSERT INTO `address` VALUES (188, 0, '0x59033a7cd26acd29481b24e7620c3fb6987c2b2c', 1573281625);
INSERT INTO `address` VALUES (189, 0, '0xede1996271eb2e364b1e956ea6dcd8be74bb187d', 1573281625);
INSERT INTO `address` VALUES (190, 0, '0xc60585b46ce577d6d29a45f25be2d2556baddd91', 1573281625);
INSERT INTO `address` VALUES (191, 0, '0x722419c912d228221e9e56c6c541f2c93da70a91', 1573281625);
INSERT INTO `address` VALUES (192, 0, '0x5a0dbc8b2976bf142f8e021046d9bc4f56615c7f', 1573281625);
INSERT INTO `address` VALUES (193, 0, '0x12a35f5d8b9937da617bba06e47338139f9f9669', 1573281625);
INSERT INTO `address` VALUES (194, 0, '0x5055002ff6ffa6c8284c28fff1b72ea57a17305f', 1573281625);
INSERT INTO `address` VALUES (195, 0, '0xd68b71bdb4dd16f776a91f9d5ade66cda9f8b127', 1573281625);
INSERT INTO `address` VALUES (196, 0, '0xf31aec83956b8c0c6c5c5e528d092f0f23525883', 1573281625);
INSERT INTO `address` VALUES (197, 0, '0xb721387d65e93041f41708ce2df19e2f1d2cbdbb', 1573281625);
INSERT INTO `address` VALUES (198, 0, '0x4d9515b96720af70727d67148addd1a56bbbe098', 1573281625);
INSERT INTO `address` VALUES (199, 0, '0xbf2fb0f1780deb8c4f74dc452d842d77d945f47a', 1573281625);
INSERT INTO `address` VALUES (200, 0, '0x0371cb5c0b3f9549576bc61678f4b80c2b4caa95', 1573281625);
INSERT INTO `address` VALUES (201, 0, '0x585fbff0215827521d1c996c6b9e117bd890d4a8', 1573281625);
INSERT INTO `address` VALUES (202, 0, '0x45018f326f988ea5e85660006f2202ae811b3bff', 1573281625);
INSERT INTO `address` VALUES (203, 0, '0xf8384603cffac968f15b3157aa7e90ee85b9f41e', 1573281625);
INSERT INTO `address` VALUES (204, 0, '0x00a8714ae4a6914f57390caab1aabc221cb74833', 1573281625);
INSERT INTO `address` VALUES (205, 0, '0x8fed9bcb0b3bbaae152146a8bc6ef5a631261a53', 1573281625);
INSERT INTO `address` VALUES (206, 0, '0xe3ff7e481f0837b520b16842730ec95f5b442adf', 1573281625);
INSERT INTO `address` VALUES (207, 0, '0xcfb4c786657f5ea8a6463fc64d024e65756b9610', 1573281625);
INSERT INTO `address` VALUES (208, 0, '0xe834464222fb3a2c6a8fbc7cd5ace2bb5c1e404b', 1573281625);
INSERT INTO `address` VALUES (209, 0, '0xf065ee4258da2b65867a3fe0b1903f76f0614ed4', 1573281625);
INSERT INTO `address` VALUES (210, 0, '0x7fa47470682f2885bf3cd7220bf2a841be714fa6', 1573281625);
INSERT INTO `address` VALUES (211, 0, '0x269cb742b15bb10fe8bf489599fa458c5e1dba7f', 1573281625);
INSERT INTO `address` VALUES (212, 0, '0x765d1480dab66e0cc4f1e194e0a6dccb13c392e8', 1573281625);
INSERT INTO `address` VALUES (213, 0, '0x73771310b9068c5b55a0bf923e500c107f72c77c', 1573281625);
INSERT INTO `address` VALUES (214, 0, '0x82cf16a6fcac3ed64e165ef3e25568a2049d9b4e', 1573281625);
INSERT INTO `address` VALUES (215, 0, '0xe7b4ebdcffad5eca6f62dab81c06c693e2b3a90b', 1573281625);
INSERT INTO `address` VALUES (216, 0, '0x365883c9d915f57b355b1fe0a28863c1b179a431', 1573281625);
INSERT INTO `address` VALUES (218, 0, '0xfbe294c1eff79ddc74a08b7105bbde4a93247eb4', 1573281625);
INSERT INTO `address` VALUES (219, 0, '0x3b222f8fd07db28f11572f3c9607da28635346bc', 1573281625);
INSERT INTO `address` VALUES (220, 0, '0xa78e6675e9bbb553d851f05d6238c23b26fb7664', 1573281625);
INSERT INTO `address` VALUES (221, 0, '0xe50bbf5d1dcc950b68e7f56d463f96e5d627f318', 1573281625);
INSERT INTO `address` VALUES (222, 0, '0xa915efb9ff366d20f577085a352bf823924d1da9', 1573281625);
INSERT INTO `address` VALUES (223, 0, '0x61a87c71266702082b36dc5f291d22ec1ae1d32b', 1573281625);
INSERT INTO `address` VALUES (224, 0, '0x2e4bb5e847bbbd4de2f1de93c99458a38e154651', 1573281625);
INSERT INTO `address` VALUES (225, 0, '0x9671834a33e7bc0053b7b9258bc87b8851e401a2', 1573281625);
INSERT INTO `address` VALUES (226, 0, '0x59fe8dde33ea0661d970d18d52f30e71195c24e2', 1573281625);
INSERT INTO `address` VALUES (231, 0, '0x11aac7c5dcd6d86925cb237045e025bb02b303e6', 1573281625);
INSERT INTO `address` VALUES (232, 0, '0x1cb5570338e83eca41a419246668594830ea2374', 1573281625);
INSERT INTO `address` VALUES (233, 0, '0x9585ac322a28df38fb0b7f1cf498c6b9d6c16f2e', 1573281625);
INSERT INTO `address` VALUES (234, 0, '0x88d66d3479d9cc607764cc6b6346275ad08129a2', 1573281625);
INSERT INTO `address` VALUES (235, 0, '0xb9847f6d9cc8783bade85020cc0153d9dd18db43', 1573281625);
INSERT INTO `address` VALUES (236, 0, '0x0bea01f315f4abe6b43738d928f66fe65e98bea1', 1573281625);
INSERT INTO `address` VALUES (237, 0, '0xeb17d3e07937c86a9459fabdb51d4082a8728fe0', 1573281625);
INSERT INTO `address` VALUES (238, 0, '0x4c8c8e817da5d1f26aa7cedbee687e9fd84b395f', 1573281625);
INSERT INTO `address` VALUES (239, 0, '0xeb148c276d41df54773b93225a23bb3ca3388cdd', 1573281625);
INSERT INTO `address` VALUES (240, 0, '0xa8470693adf483daf42a9eab98cc2ca526372d46', 1573281625);
INSERT INTO `address` VALUES (241, 0, '0x9830eff3a5c870443c3fc9e59a3609605b46ea55', 1573281625);
INSERT INTO `address` VALUES (242, 0, '0x32bd175dac8849e5d1af9ef48d3c449a62a14ca0', 1573281625);
INSERT INTO `address` VALUES (243, 0, '0x685b7e01d8252892466c2d6e9f648982baf7a574', 1573281625);
INSERT INTO `address` VALUES (244, 0, '0xac5cf40f6c5c218060b6929626731751a4eb1131', 1573281625);
INSERT INTO `address` VALUES (245, 0, '0xc9a3e73575d9ec8bb9771a170d746ef49550a2a8', 1573281625);
INSERT INTO `address` VALUES (246, 0, '0x9480d0d74a2b9c6764df5843ad14750bcec68982', 1573281625);
INSERT INTO `address` VALUES (249, 0, '0x87f4fe40972e972188219120de14c4ddfd57be18', 1573281625);
INSERT INTO `address` VALUES (250, 0, '0x8d68b8336fd9d32fb070f88b7fff655bb5f73c49', 1573281625);
INSERT INTO `address` VALUES (251, 0, '0x2d63e7490d952a87c09eb6f1b774bf82927e9dfb', 1573281625);
INSERT INTO `address` VALUES (252, 0, '0x3a615e0e8aafa4387a7c45603a3f8090fb7c2c9c', 1573281625);
INSERT INTO `address` VALUES (253, 0, '0x91d2ab4d146a3b633c0884891f76c6be2ed3e5ad', 1573281625);
INSERT INTO `address` VALUES (254, 0, '0xe21eeb77bf8775f672d7e76144020fd06e651d8b', 1573281625);
INSERT INTO `address` VALUES (255, 0, '0x8486a7f7b425635ac8efb5f4ca1797e8a3bc06cc', 1573281625);
INSERT INTO `address` VALUES (256, 0, '0x6a580be6e620a8322a164e16fbc24632cfd0af9f', 1573281625);
INSERT INTO `address` VALUES (257, 0, '0x033821b7d8749119a953ba4422888f4cd3d866e2', 1573281625);
INSERT INTO `address` VALUES (258, 0, '0xb03e4bd2a24fa968588c3882069add081c2e331a', 1573281625);
INSERT INTO `address` VALUES (259, 0, '0x4337679cbe1c480d2e7a7b35c760b68a44759f50', 1573281625);
INSERT INTO `address` VALUES (260, 0, '0xf3a45b47e631e327051c59d79cc0ff88d821b564', 1573281625);
INSERT INTO `address` VALUES (261, 0, '0x24d193c41f21ee5526eabdad961bb7a211a30f02', 1573281625);
INSERT INTO `address` VALUES (262, 0, '0x2b7bfc203b3ef991b0285eb2d7f5c5c89b7f7c96', 1573281625);
INSERT INTO `address` VALUES (263, 0, '0xe9c383b4d9ec346ee6a440e3b9b0a9020927c835', 1573281625);
INSERT INTO `address` VALUES (264, 0, '0x23497133257d0ccbe13b9b5f11c38022542ab527', 1573281625);
INSERT INTO `address` VALUES (265, 0, '0xddf4a4229230c6ea3e4bff36d798b5445529e4f4', 1573281625);
INSERT INTO `address` VALUES (266, 0, '0xca86e2ba6f1cb7a5e466141f0492e0529c560532', 1573281625);
INSERT INTO `address` VALUES (267, 0, '0x3fcaece98bbf3ed3227418734b1d251bfe45611d', 1573281625);
INSERT INTO `address` VALUES (268, 0, '0x3b41d964843d2aa9705c21524013113f7a2458dd', 1573281625);
INSERT INTO `address` VALUES (270, 0, '0xc8eeafa0a514df685d156f6d17a5f6dbeb9fe5af', 1573281625);
INSERT INTO `address` VALUES (271, 0, '0x780a0af34297c5ca2082d6c2d99635e8fc8d101e', 1573281625);
INSERT INTO `address` VALUES (272, 0, '0xe7961c1f8f2cef680d299d560ece3d97248f7770', 1573281625);
INSERT INTO `address` VALUES (273, 0, '0xa01f2f9cff0be19674d6499e515b7ec8b4a28774', 1573281625);
INSERT INTO `address` VALUES (274, 0, '0x97e66cdbb599ec7bb0bd73fc21e1f3e13dbf18bc', 1573281625);
INSERT INTO `address` VALUES (275, 0, '0x587e68726d47cddf69ba879ce3ab07ed3ceb0a22', 1573281625);
INSERT INTO `address` VALUES (276, 0, '0xcd0dff57ea5a0cc3bc14682f04d744f5c12cced4', 1573281625);
INSERT INTO `address` VALUES (277, 0, '0x3deb713da486fc5e719d8792eae9f3d7a471bd77', 1573281625);
INSERT INTO `address` VALUES (278, 0, '0xfde8890c15614571d3180aaef4165d840706af03', 1573281625);
INSERT INTO `address` VALUES (279, 0, '0xd4638b2dc37e17978cfe8f1e823f249e60b8416d', 1573281625);
INSERT INTO `address` VALUES (280, 0, '0x166346143af98e110a343b72e96a25e72a1d0dc5', 1573281625);
INSERT INTO `address` VALUES (281, 0, '0xbbb15cf72d4d2e02619471fb4912cf0d0b642e9f', 1573281625);
INSERT INTO `address` VALUES (282, 0, '0x78fcd197657b6740b4c5fadd1598696d409545ff', 1573281625);
INSERT INTO `address` VALUES (283, 0, '0x918057006d28c71722d4004aa10c423ba9897bf5', 1573281625);
INSERT INTO `address` VALUES (284, 0, '0xdcd26169ece4ee9311d9e47736453d0192b160d1', 1573281625);
INSERT INTO `address` VALUES (285, 0, '0xe5759c75f8dcca0c1314330c2d143872fe7e8900', 1573281625);
INSERT INTO `address` VALUES (296, 0, '0x0c10658d6e6a320d76d37233a199a41e99698cb3', 1573281625);
INSERT INTO `address` VALUES (297, 0, '0xae4f0a3196cdf163228e36af2d62e29d56c354e6', 1573281625);
INSERT INTO `address` VALUES (303, 0, '0xb37642e6c485e68a4c25d43e91e00d9df166e2e7', 1573281625);
INSERT INTO `address` VALUES (304, 0, '0xbf1cbf1aecbb1869071d7faf3fba193663661e02', 1573281625);
INSERT INTO `address` VALUES (305, 0, '0x483068dd421b262399118289c3e6670e15e3f3ef', 1573281625);
INSERT INTO `address` VALUES (306, 0, '0x4e18e93c70d4a22af35d3c1301b14815d5022000', 1573281625);
INSERT INTO `address` VALUES (307, 0, '0xadfa8d01ecb1302e838dbfc7e7ebb3d4e2bb18a2', 1573281625);
INSERT INTO `address` VALUES (308, 0, '0x4183affdcc40915f4e2cc4d6ea5bc4d2dda7ac13', 1573281625);
INSERT INTO `address` VALUES (309, 0, '0xf6c9f7279c1505fb29d0fe63d2bcf7aaa746f1ca', 1573281625);
INSERT INTO `address` VALUES (310, 0, '0x85985fb2d5f67cb06a38bc5b9959a5cd2b622aef', 1573281625);
INSERT INTO `address` VALUES (311, 0, '0xa64562273c0a536b78cdf53985a92a70b46e5bb3', 1573281625);
INSERT INTO `address` VALUES (312, 0, '0xcd37e3b844a4aeb11cf8a8dee6a95782567f8508', 1573281625);
INSERT INTO `address` VALUES (313, 0, '0xce8e55159187b0bba50957d5fdb3fed05c7dccab', 1573281625);
INSERT INTO `address` VALUES (314, 0, '0x3eb36b9c43f4088305d80cb24fa2f908650d797f', 1573281625);
INSERT INTO `address` VALUES (315, 0, '0x890e2518da4ab7f9fc7806ceb6224b3ffd3bd754', 1573281625);
INSERT INTO `address` VALUES (316, 0, '0x44f427231bfcc25590329b66ac12cb29a8e9793c', 1573281625);
INSERT INTO `address` VALUES (317, 0, '0x8a8ec4bf265ac88a8c5a2eadb682f03510b4a80e', 1573281625);
INSERT INTO `address` VALUES (318, 0, '0xc8e13745d746e32c5e88c94c80632d9497b54ed9', 1573281625);
INSERT INTO `address` VALUES (319, 0, '0xdf2dc25941f53d6416f9ad376f0898cf66c588f1', 1573281625);
INSERT INTO `address` VALUES (320, 0, '0x5ea9ed48dfc6d606f062badf4e4dfa18c91ca7b3', 1573281625);
INSERT INTO `address` VALUES (321, 0, '0x0d838c1e5110b42602e382c65bfc707493830dc0', 1573281625);
INSERT INTO `address` VALUES (322, 0, '0x43e2ffbf01a433198e21400f656d5ac2950ea8e8', 1573281625);
INSERT INTO `address` VALUES (323, 0, '0x1a3fb7f979a17c91a949819a2e075efb3faa1b48', 1573281625);
INSERT INTO `address` VALUES (324, 0, '0x62db7466f1504a27b0d76786b7f15022c2b61d7b', 1573281625);
INSERT INTO `address` VALUES (325, 0, '0x54917102724851b4c221de9e411bee9a7bbbc26f', 1573281625);
INSERT INTO `address` VALUES (326, 0, '0x272ded1ae1674112cf2f04a26bcf3b34c318ad31', 1573281625);
INSERT INTO `address` VALUES (327, 0, '0x4e2c09a9bb62e420fd88c152d83142a2c8927a14', 1573281625);
INSERT INTO `address` VALUES (328, 0, '0x404f301b9d7634eaeb7dd7cf912eca05f0d4be13', 1573281625);
INSERT INTO `address` VALUES (329, 0, '0x8f5b8b68f07e71453e1504dc13e86b7f3ed39345', 1573281625);
INSERT INTO `address` VALUES (330, 0, '0xd6ba7054b2c847dcf4fed376a807c821f9d897fe', 1573281625);
INSERT INTO `address` VALUES (331, 0, '0x7d501ee821dd505084ca48097790755e1f67c644', 1573281625);
INSERT INTO `address` VALUES (332, 0, '0x39f5a476a665b379e19a5477a235b71b07dc3b85', 1573281625);
INSERT INTO `address` VALUES (333, 0, '0x33e388d746b0edabe792471ced4fbbf2c0c69bd6', 1573281625);
INSERT INTO `address` VALUES (334, 0, '0x6f53689c0113dc71b0e8ffe6b1c9ccb2aacaa280', 1573281625);
INSERT INTO `address` VALUES (335, 0, '0x0b70e6c46b855e294da61b4a899e46f6ba15cf5c', 1573281625);
INSERT INTO `address` VALUES (336, 0, '0x30690ddf0301232e3492adf9615bc628f190d586', 1573281625);
INSERT INTO `address` VALUES (337, 0, '0xad9b2b9fcf6cabc3bc41968fb50254dc1d7686c7', 1573281625);
INSERT INTO `address` VALUES (338, 0, '0xd2ee2648893b8e7d137c94a684217f8c2581a245', 1573281625);
INSERT INTO `address` VALUES (339, 0, '0x39991631fe2fe7090eb50a1163babb79cf218955', 1573281625);
INSERT INTO `address` VALUES (340, 0, '0x0c54b5e3653617f302adec6e04267807adebce21', 1573281625);
INSERT INTO `address` VALUES (341, 0, '0x2a9ac521c883237e301f7662ec1a3bb69e6c546d', 1573281625);
INSERT INTO `address` VALUES (342, 0, '0x7df092cb685eac988e621d25e73ce228f21f173b', 1573281625);
INSERT INTO `address` VALUES (343, 0, '0x4f3f33132b25087757dbd0de9749e311c80ccba8', 1573281625);
INSERT INTO `address` VALUES (344, 0, '0x1f89a7808a89b629e35c3cbb98f8e77408ca5abd', 1573281625);
INSERT INTO `address` VALUES (345, 0, '0x3e0cf3ebab19aa2f586f3e169747451af4ebd200', 1573281625);
INSERT INTO `address` VALUES (346, 0, '0xe14b3976fad5ec4c27d09efcca9ab3e0d7cadd89', 1573281625);
INSERT INTO `address` VALUES (347, 0, '0xe36cec97620556c5edfc5d04a55d13feb5bd3b31', 1573281625);
INSERT INTO `address` VALUES (348, 0, '0x1868aff3b707542fc4867f2165fd228a9701c1f6', 1573281625);
INSERT INTO `address` VALUES (349, 0, '0xd1edcdef5f256d23497f1cf38aea23d6aaa202fe', 1573281625);
INSERT INTO `address` VALUES (350, 0, '0x00a5b53a4b1785f8f5a12c8896075658a8dadf5e', 1573281625);
INSERT INTO `address` VALUES (351, 0, '0xbd512b1f9de0c2fbe91fd98b379973fe14eee5df', 1573281625);
INSERT INTO `address` VALUES (352, 0, '0x168bfb9d06cbc9b552ba858e2596210b54ba8185', 1573281625);
INSERT INTO `address` VALUES (353, 0, '0x8ea91d522b1cc40804e83b4d4fef1bba557322eb', 1573281625);
INSERT INTO `address` VALUES (354, 0, '0x08bd55089aa0c23457fefebf32066e0632f4ac6e', 1573281625);
INSERT INTO `address` VALUES (355, 0, '0xfbf96d78d41ca379df01a7ef248df80f005041b9', 1573281625);
INSERT INTO `address` VALUES (356, 0, '0xb4f4f3949460049bd20c381ebebfead0736a3702', 1573281625);
INSERT INTO `address` VALUES (357, 0, '0x916d9b29adeb4dc1a263bb56ed52d55d5829208e', 1573281625);
INSERT INTO `address` VALUES (358, 0, '0xb6a127540bd1bcf323f0876a06af10467a6f58f2', 1573281625);
INSERT INTO `address` VALUES (359, 0, '0x2d088794abc37439bd8efaff1afc9f28d77e5e5b', 1573281625);
INSERT INTO `address` VALUES (360, 0, '0xe9b37352a484952332854f368ad4ffff250986e5', 1573281625);
INSERT INTO `address` VALUES (361, 0, '0x59e9f481df0dc7d47b9c1ff21de541ba8dc2a3a7', 1573281625);
INSERT INTO `address` VALUES (362, 0, '0x3570e63fa89118f02f44b2d5c014d88f7b26653c', 1573281625);
INSERT INTO `address` VALUES (363, 0, '0xd24a7e1ac1180c8b2074496d483862759567a976', 1573281625);
INSERT INTO `address` VALUES (365, 0, '0xd441c948dc26624274c2afc4e3059034828e3c45', 1573281625);
INSERT INTO `address` VALUES (366, 0, '0xad4fc9df4a7709732c559257f5654008b739baa8', 1573281625);
INSERT INTO `address` VALUES (367, 0, '0x62460bb28050300465bb9b2087dc879e675ba5c6', 1573281625);
INSERT INTO `address` VALUES (368, 0, '0x16d020219ac83ed547010fa090f218eed7f434b2', 1573281625);
INSERT INTO `address` VALUES (369, 0, '0x38631d0203bb6a28a4715875f769db39e333f2e7', 1573281625);
INSERT INTO `address` VALUES (370, 0, '0x145059bda93d81ce0d6384148eb5442d0b21654d', 1573281625);
INSERT INTO `address` VALUES (371, 0, '0x5bfd60e64d35bf3f6229d46821d2ea54cc58ba2c', 1573281625);
INSERT INTO `address` VALUES (372, 0, '0x7a334aa51b78d2d8b32677b65716396a08947cd0', 1573281625);
INSERT INTO `address` VALUES (373, 0, '0x5345d431db3d8996ba541e62f9e75b3b14f3180c', 1573281625);
INSERT INTO `address` VALUES (374, 0, '0x8af4a517d4842eafafcb06aee8576cb9bf19235c', 1573281625);
INSERT INTO `address` VALUES (375, 0, '0x1711caa61860ee2d65834de768f3ea71bdd147ed', 1573281625);
INSERT INTO `address` VALUES (376, 0, '0xaff50a26f3c8ec24039360685acdbaa1ce378d8e', 1573281625);
INSERT INTO `address` VALUES (377, 0, '0xcae30a441e2d4e3484628c52bc2a0da86ffa283d', 1573281625);
INSERT INTO `address` VALUES (378, 0, '0x16864900f79ed2449dd18ddccc4858ab3e0e6e0e', 1573281625);
INSERT INTO `address` VALUES (379, 0, '0x4362a22e71a1fa617e1e0edc437bee859065a9d5', 1573281625);
INSERT INTO `address` VALUES (380, 0, '0xe96e2b42e4292a7fd678f83816d1e903c22093a5', 1573281625);
INSERT INTO `address` VALUES (381, 0, '0xc33039ee5bf49588b21e064d0dd965450aa39525', 1573281625);
INSERT INTO `address` VALUES (382, 0, '0xab74081938b7f00a8d2fe0c878d269dca6631846', 1573281625);
INSERT INTO `address` VALUES (383, 0, '0xc03925b795bb3f9ba25030fc72ff2e1832f69c50', 1573281625);
INSERT INTO `address` VALUES (384, 0, '0x4653b736dc0840183ac6b7757a09957a7551f2ae', 1573281625);
INSERT INTO `address` VALUES (385, 0, '0x942e32aca4d90b2f773de782ccadea7bf3f1f815', 1573281625);
INSERT INTO `address` VALUES (386, 0, '0x1e00d032fc425843c73e3f1dcba9c0cfae494576', 1573281625);
INSERT INTO `address` VALUES (387, 0, '0xe1660ea23483b7a2042c110e8794bb93c4f3cd46', 1573281625);
INSERT INTO `address` VALUES (388, 0, '0xad3cc7f7a8b1a07869bd632cf11261954cb9bb63', 1573281625);
INSERT INTO `address` VALUES (389, 0, '0x35bbf4a11d625cb3d0981065885c96d1d3572e7f', 1573281625);
INSERT INTO `address` VALUES (390, 0, '0xa807d37cee013d54ff77baaaee093a34f3fa06c4', 1573281625);
INSERT INTO `address` VALUES (391, 0, '0x3cec8eb811eaf481f9721856d3ea68e5265f628f', 1573281625);
INSERT INTO `address` VALUES (392, 0, '0x2b4a024bf77f9ec3f2e923d29adc929e5abb6187', 1573281625);
INSERT INTO `address` VALUES (394, 0, '0x3bc1355c9a60ced66700a7d6b1cf0af28ad95fd0', 1573281625);
INSERT INTO `address` VALUES (395, 0, '0xc6593805245d875e18dcbddbb00a71303a048456', 1573281625);
INSERT INTO `address` VALUES (396, 0, '0x07228fced2ff8e1c6d72f5bd1d803e3e22ac195a', 1573281625);
INSERT INTO `address` VALUES (397, 0, '0x48852e6ff9eed1aa9ae0dc0893c7ee9f0c462e83', 1573281625);
INSERT INTO `address` VALUES (398, 0, '0x71a80765058873fe0d080c5eba5c74396b1af753', 1573281625);
INSERT INTO `address` VALUES (399, 0, '0xba17e03550570306b04348e5c9c7dc6c964360bb', 1573281625);
INSERT INTO `address` VALUES (400, 0, '0x27f738becf855bca78773663c93d19e8af631682', 1573281625);
INSERT INTO `address` VALUES (401, 0, '0x233ab85891465a406d68f5a27ae583c433c79a1c', 1573281625);
INSERT INTO `address` VALUES (402, 0, '0xbbaa8f9ff4fa0b9b2b83cb1d52c4849de5e560cf', 1573281625);
INSERT INTO `address` VALUES (403, 0, '0xf8d435c0860b0065f892f9bd6be443a88597e729', 1573281625);
INSERT INTO `address` VALUES (404, 0, '0xaa2637bcd5ea7532431251a3972bf0c5fba905c5', 1573281625);
INSERT INTO `address` VALUES (405, 0, '0x429beb564cc48c756890dc3f54f68b9f0b252d76', 1573281625);
INSERT INTO `address` VALUES (406, 0, '0xe55b30a4ebf006a33b900a69fb50ecef0cf33acf', 1573281625);
INSERT INTO `address` VALUES (407, 0, '0x1a1ad88693e331691f54293fe2f061c86867367b', 1573281625);
INSERT INTO `address` VALUES (408, 0, '0x43138a6c408bf6ec3a7074a3f04f53f9a29fcdf9', 1573281625);
INSERT INTO `address` VALUES (409, 0, '0x25ecb36ffecb0f48310e7ab7f72c084b84d4aadc', 1573281625);
INSERT INTO `address` VALUES (410, 0, '0x1dcd5372abe50ceb03b2195d26796c55751a26d9', 1573281625);
INSERT INTO `address` VALUES (411, 0, '0xaf8912eb0e3fa287203772536387caae080d08d0', 1573281625);
INSERT INTO `address` VALUES (412, 0, '0x9d9d7e9488012b0b24e3b9e26171f541f19356cd', 1573281625);
INSERT INTO `address` VALUES (413, 0, '0x860b0366a37bdf6bb79c19ace627c5e7d48c84a6', 1573281625);
INSERT INTO `address` VALUES (414, 0, '0x07cdf4c38014e3e28ed7c8ddde782b3cf72d2d9c', 1573281625);
INSERT INTO `address` VALUES (415, 0, '0x721ef06db5eee020c576dbf13bce7957be489479', 1573281625);
INSERT INTO `address` VALUES (416, 0, '0x8833e030e80d31d69b6542324d654a5fe26e7617', 1573281625);
INSERT INTO `address` VALUES (417, 0, '0xa62efaca2727e1ee7f292f3d6df174dde2492514', 1573281625);
INSERT INTO `address` VALUES (418, 0, '0x3ab616e36b19cb4c74698ad1c4c992fffb66d543', 1573281625);
INSERT INTO `address` VALUES (419, 0, '0x2aec444cf635ed9da978cb0d29eec88a1ed65f6a', 1573281625);
INSERT INTO `address` VALUES (420, 0, '0x0c3635d039a81001155038377b89ce86558e5199', 1573281625);
INSERT INTO `address` VALUES (421, 0, '0xa57f6d807985b02e30a3fd99493d1c0a452b8b31', 1573281625);
INSERT INTO `address` VALUES (422, 0, '0xaef5904861c68d3872af1b90db4439a1bd887a28', 1573281625);
INSERT INTO `address` VALUES (423, 0, '0x1d63e7a5ecffe775b2de86575b3a673c469fff0f', 1573281625);
INSERT INTO `address` VALUES (424, 0, '0xabda9505c4d9cb4a1f03b55e9a305d62758e2869', 1573281625);
INSERT INTO `address` VALUES (425, 0, '0x82ff062ee4e2118f6ee9f2bbdc2c964858ec85ca', 1573281625);
INSERT INTO `address` VALUES (426, 0, '0x4c7569167d5102ba4be39ab3489ff6c4db5f49bc', 1573281625);
INSERT INTO `address` VALUES (427, 0, '0x177d0b242b18f5c94e62d7902eda721734026dbd', 1573281625);
INSERT INTO `address` VALUES (428, 0, '0xd9e120046d05d59ee006b5024caa5fd008292547', 1573281625);
INSERT INTO `address` VALUES (429, 0, '0xe6aa5f4aeb2cc1976947c5a28c7ce18528160cfe', 1573281625);
INSERT INTO `address` VALUES (430, 0, '0x18f5675967602b2f71d1fb0a60cc93401463eacf', 1573281625);
INSERT INTO `address` VALUES (431, 0, '0xc74b917eb193f004a5c110b2bfbf821597fbbadc', 1573281625);
INSERT INTO `address` VALUES (432, 0, '0x0cca72d1080163914bda52a9d268a09436dbc829', 1573281625);
INSERT INTO `address` VALUES (433, 0, '0xb961a58b614d16f81f7d51a116b8504f65d2f8b8', 1573281625);
INSERT INTO `address` VALUES (434, 0, '0xc3f841b3a5a936d3418117136c633470c98ca325', 1573281625);
INSERT INTO `address` VALUES (435, 0, '0xebe99747166cf63b348f899d32531a5c1d3de1e5', 1573281625);
INSERT INTO `address` VALUES (436, 0, '0x64858aca09ff918a027442dbecdc454b8f1b7816', 1573281625);
INSERT INTO `address` VALUES (437, 0, '0x1c1c2130b000715569bcfc0ce06235830f9a7100', 1573281625);
INSERT INTO `address` VALUES (438, 0, '0x7e51da87828e7efbf4678e2ca8c4d82a054a8f97', 1573281625);
INSERT INTO `address` VALUES (439, 0, '0xf2055bbc8b1adf62f7f57856c9cac2bf566d77a2', 1573281625);
INSERT INTO `address` VALUES (440, 0, '0x8ecd0b007f294accdfb4e71d8fa3423e799357f8', 1573281625);
INSERT INTO `address` VALUES (441, 0, '0xcc44390ee50e245135675e56ae49ad2bf573ca1e', 1573281625);
INSERT INTO `address` VALUES (442, 0, '0x1e3cec3062238e96a49c183c5ab9aeb530a3a955', 1573281625);
INSERT INTO `address` VALUES (443, 0, '0xc3a9f78b5f46106baa405e0bff60b79990a3d930', 1573281625);
INSERT INTO `address` VALUES (444, 0, '0x31dc26bcb8a38d130f9d85fd2dea690509ed8554', 1573281625);
INSERT INTO `address` VALUES (445, 0, '0xc8d024202664747a4e1da90c4c5326b69c7534ec', 1573281625);
INSERT INTO `address` VALUES (446, 0, '0x7571818b7882033a886fb6d41e6b1d4404d92a8c', 1573281625);
INSERT INTO `address` VALUES (447, 0, '0x5c2e9e213feeb57387ce7c5b9355d71b71133ea1', 1573281625);
INSERT INTO `address` VALUES (448, 0, '0x65fd725b07ca31036f3ee3709f205a8256e9e6a9', 1573281625);
INSERT INTO `address` VALUES (449, 0, '0xb0d05cbf7430f996e26f165a2371dd8d40455197', 1573281625);
INSERT INTO `address` VALUES (450, 0, '0x3df54ddbe888bb8bcac76aed866fc10714bee8b3', 1573281625);
INSERT INTO `address` VALUES (451, 0, '0x74302f961c6a0883949a838bc3a508e104e68c28', 1573281625);
INSERT INTO `address` VALUES (452, 0, '0xb065be8b4a963b3342e74f46d3dc65324191aa76', 1573281625);
INSERT INTO `address` VALUES (453, 0, '0xe13e0c6f24ff916a5df108dd17b1bd07b9587801', 1573281625);
INSERT INTO `address` VALUES (454, 0, '0xa07f9bfc2c23de9f1e1db18387162df420ce47c5', 1573281625);
INSERT INTO `address` VALUES (455, 0, '0x8d7e99e5b7901ec85399472b8f6eb8c5f15eb8cb', 1573281625);
INSERT INTO `address` VALUES (456, 0, '0x9c8dc4a88cfe60430b7bb771d04d921cf64fe47b', 1573281625);
INSERT INTO `address` VALUES (457, 0, '0x902516c75fc4d9af27d1c1e99449a1095bff7194', 1573281625);
INSERT INTO `address` VALUES (458, 0, '0x0e4c4a982910b32dd2c8c875b6d205d45d4402ad', 1573281625);
INSERT INTO `address` VALUES (459, 0, '0x469dee42ccdd33e355d6417c8d676ffe8b9135d5', 1573281625);
INSERT INTO `address` VALUES (460, 0, '0x9c4b0b5e97f390fa0a6a7d6cbd3bcf81f2e07028', 1573281625);
INSERT INTO `address` VALUES (461, 0, '0x1a542b5bad792d37afdaaef2a7842cd25673b3b5', 1573281625);
INSERT INTO `address` VALUES (462, 0, '0x3b652230c0ec7dad998450acfd1a63d16907c37e', 1573281625);
INSERT INTO `address` VALUES (463, 0, '0x041cfd774398e74062462d30efc8350f49c1f6df', 1573281625);
INSERT INTO `address` VALUES (464, 0, '0xa99fff441259eae4c91d3cf8d7f734abc4fbeaa7', 1573281625);
INSERT INTO `address` VALUES (465, 0, '0x7c85b5c401709ed80d2fbeec3c9cdcd07a39ac82', 1573281625);
INSERT INTO `address` VALUES (466, 0, '0xb608d9d6a76f26993b0b14cdd4cb6abd67c2e483', 1573281625);
INSERT INTO `address` VALUES (467, 0, '0x420397cdaefaf27c66f6d605b03a62b0d0851b6b', 1573281625);
INSERT INTO `address` VALUES (468, 0, '0xa47ef1d817864b9f0e0cdbae9021f709c6fcaa61', 1573281625);
INSERT INTO `address` VALUES (469, 0, '0x639246f60337c00acb8f2d202df0994f1e99a292', 1573281625);
INSERT INTO `address` VALUES (470, 0, '0xee340d7776554d01ce5790463c26bce6235389d6', 1573281625);
INSERT INTO `address` VALUES (471, 0, '0x14b03ce0c0b73224a77f8951f880eafa1f89235c', 1573281625);
INSERT INTO `address` VALUES (472, 0, '0xa7c7c520d4645a6a91cd3415723496230cc974c9', 1573281625);
INSERT INTO `address` VALUES (473, 0, '0xffb4e37aa51599ac0f50ef2bd078d63da631bd7d', 1573281625);
INSERT INTO `address` VALUES (474, 0, '0x6e6db428896e249ae718514841d27e70dbd30312', 1573281625);
INSERT INTO `address` VALUES (475, 0, '0x4fbb4f1e48673ef84b3724d723e7a58d329c536d', 1573281625);
INSERT INTO `address` VALUES (476, 0, '0x48eb7f07d66cca6b5db9ec04283e2eaf1d71bf22', 1573281625);
INSERT INTO `address` VALUES (477, 0, '0x2bac1640787c02dbf72fbba17988b6c6e09aad49', 1573281625);
INSERT INTO `address` VALUES (478, 0, '0x90094c46e1a146fcc149e731bd946a4a33b64c98', 1573281625);
INSERT INTO `address` VALUES (479, 0, '0x2d040a5c7f6ac5b2ab90ef075bf9adfe66ba8dba', 1573281625);
INSERT INTO `address` VALUES (480, 0, '0x6d49dba0f6f1ab34051250be8b3b1cc3276c05ef', 1573281625);
INSERT INTO `address` VALUES (481, 0, '0xe2cb93284c0f675aa279950246ca061c127bfb7e', 1573281625);
INSERT INTO `address` VALUES (482, 0, '0x5ca12f8b79686c95a5c21e0cf91c824502e20eb2', 1573281625);
INSERT INTO `address` VALUES (483, 0, '0x7e70f0b687c824b4450442ed8b80427f6c6161c4', 1573281625);
INSERT INTO `address` VALUES (484, 0, '0x2bff1ca926b5d6c2d65309eba7f4e3cd08c36b4e', 1573281625);
INSERT INTO `address` VALUES (485, 0, '0x0960a4463e5e109bb6577f7db04989d7d9b0ee86', 1573281625);
INSERT INTO `address` VALUES (486, 0, '0x1a34e0ef265a35fa5a33b6cb27bfe4dff0213aa0', 1573281625);
INSERT INTO `address` VALUES (487, 0, '0x89ceddeb7870e2fc60113b989a125cf192d6271e', 1573281625);
INSERT INTO `address` VALUES (488, 0, '0x02e3e933310627b0313752cda436b0f42134311a', 1573281625);
INSERT INTO `address` VALUES (489, 0, '0xc8a5816ba8e884a52520fe6eebf44d4f64c92582', 1573281625);
INSERT INTO `address` VALUES (490, 0, '0x6a79ee570268a048aa309b3a17bb8ab5d4c67b33', 1573281625);
INSERT INTO `address` VALUES (492, 0, '0xde7ac6354cdec1f8355df519335e39855f736a99', 1573281625);
INSERT INTO `address` VALUES (493, 0, '0xc5af75070b9f84a21bff2ac30ca4852be92b3a72', 1573281625);
INSERT INTO `address` VALUES (494, 0, '0xc187b3808ecaef5fa98028e6ed5a720b7df663be', 1573281625);
INSERT INTO `address` VALUES (495, 0, '0xf1a1b4836b5a9f724dc55f7dca63d6d1df66bff5', 1573281625);
INSERT INTO `address` VALUES (496, 0, '0x70e9cdbbfaa840d1fbe6344bcd8cd3c300cab0fa', 1573281625);
INSERT INTO `address` VALUES (497, 0, '0x39810d160359dcf4fad3d5b919de0d69534dcc5a', 1573281625);
INSERT INTO `address` VALUES (498, 0, '0xd4553aee6e30d9c19c7350710f5b589a76361637', 1573281625);
INSERT INTO `address` VALUES (499, 0, '0x8427b4cd35486b6fdb66b7111fecc1bb0d2e8af1', 1573281625);
INSERT INTO `address` VALUES (500, 0, '0x13b7266d0f1984ccfaf2cfbf5fcb6fe8db4aa506', 1573281625);
INSERT INTO `address` VALUES (501, 0, '0xd14284c3c7291a3573bf09d8b701754f34d36bca', 1573281625);
INSERT INTO `address` VALUES (502, 0, '0x450bed6a25cde1b705b43e161ac476309fa23f06', 1573281625);
INSERT INTO `address` VALUES (503, 0, '0xa229158040bc89c3eaaeff0056a7e1f5d32a9589', 1573281625);
INSERT INTO `address` VALUES (504, 0, '0x446cc8ae0b7999ce4b3c356dbb7a30b21f3535d9', 1573281625);
INSERT INTO `address` VALUES (505, 0, '0x22e083b8b9968e7cb2f19c70106ff24eace3c72b', 1573281625);
INSERT INTO `address` VALUES (506, 0, '0x530920fc745f3a3363ca09a57d65cab3fc6ec2a6', 1573281625);
INSERT INTO `address` VALUES (507, 0, '0x180c160944c315d25b553acd2203a30ef2ddaee9', 1573281625);
INSERT INTO `address` VALUES (508, 0, '0x6784a2fccb78b713d34a99d8edb83e983e66af6c', 1573281625);
INSERT INTO `address` VALUES (509, 0, '0xbae4ba3cd16aa6306f0992c29ddabc3ba61bacd8', 1573281625);
INSERT INTO `address` VALUES (510, 0, '0x5c1ba1515781158d484c3e9c0f72a81dd05ee961', 1573281625);
INSERT INTO `address` VALUES (511, 0, '0xa9e28e3b3c8f59322d894b87581a6093e68d9c69', 1573281626);
INSERT INTO `address` VALUES (512, 0, '0x98cc5212be2f18185f884bfead5d9de0f09919d3', 1573281626);
INSERT INTO `address` VALUES (513, 0, '0x77ef924b9b4a06c48ad2d2b0388f3e0455e98379', 1573281626);
INSERT INTO `address` VALUES (514, 0, '0xd5e50e449ca2736abb7ecbb0411337ceca0848cb', 1573281626);
INSERT INTO `address` VALUES (515, 0, '0x5d35b6753b9fcc2cfd57608bf865ad5232e56154', 1573281626);
INSERT INTO `address` VALUES (518, 0, '0x7695e79e7b687a1123f5abd0e519fd8fe5ae4f50', 1573281626);
INSERT INTO `address` VALUES (519, 0, '0xecfe5afb1abd99323c766d90f78c1b91e8b58909', 1573281626);
INSERT INTO `address` VALUES (520, 0, '0xafa67243b0403ae76e81b53566003d31f3c10a4c', 1573281626);
INSERT INTO `address` VALUES (521, 0, '0x0b991c8de9fae3072ca30cc08ad336c186799f4f', 1573281626);
INSERT INTO `address` VALUES (524, 0, '0xa92fc52fc201c4e0e2a66d4e2599ee875bb3d29a', 1573281626);
INSERT INTO `address` VALUES (525, 0, '0x18148d10cc1e4401efc44d75c578e1c2053052fd', 1573281626);
INSERT INTO `address` VALUES (526, 0, '0xeccc4961ef6f09da6de4a3da698edbd312ad15cb', 1573281626);
INSERT INTO `address` VALUES (527, 0, '0x095dd5823608dc72b11f41a06bec2e7f34ca58e3', 1573281626);
INSERT INTO `address` VALUES (528, 0, '0xe285f45a141e19f2e2713f0e0398b4ae04219138', 1573281626);
INSERT INTO `address` VALUES (529, 0, '0x424477ff68f163fad36f7d5dc91ec6f61c89c25c', 1573281626);
INSERT INTO `address` VALUES (530, 0, '0xcf00c85dccacad22e596b90295097d1f48c8e585', 1573281626);
INSERT INTO `address` VALUES (531, 0, '0xcb62515208ecebb863f7046a2ed92e89ec6d0133', 1573281626);
INSERT INTO `address` VALUES (532, 0, '0x1a02cdc6094e2d19b8741f7f6e32ba2182baede8', 1573281626);
INSERT INTO `address` VALUES (533, 0, '0xc4c72664e7959e19de68b6a3c049c7f5c38e52b1', 1573281626);
INSERT INTO `address` VALUES (534, 0, '0x7df7e5d18468a4521254b927ac2fb276f47345d0', 1573281626);
INSERT INTO `address` VALUES (535, 0, '0x64d9dbec6fe9be3c2fcffcb0d0e37836d9dcb7c6', 1573281626);
INSERT INTO `address` VALUES (537, 0, '0x4a2d049128785a851afebcca47da13fcd83b6b42', 1573281626);
INSERT INTO `address` VALUES (538, 0, '0x177507788bd7d29e80d554f5ef956f240b4de044', 1573281626);
INSERT INTO `address` VALUES (552, 0, '0xbdcbd57fabfd7d5ae2ff1b6b98bff0d4f713a379', 1573281626);
INSERT INTO `address` VALUES (553, 0, '0x8330056b5cc11a4557f55cc14062d17760772aba', 1573281626);
INSERT INTO `address` VALUES (554, 0, '0x6af6301e258ce24ddcae297774c8383b614c77d4', 1573281626);
INSERT INTO `address` VALUES (555, 0, '0xb5d26a11bd23c8ed579fb4240195b551c338eefa', 1573281626);
INSERT INTO `address` VALUES (561, 0, '0xd86559ba4bef3fc28f5cfc2d4a0a50f3e89a2199', 1573281626);
INSERT INTO `address` VALUES (562, 0, '0x6398cc84240182684242642ac641639d791fff17', 1573281626);
INSERT INTO `address` VALUES (563, 0, '0xece0ece9e452446655256c5ce4b51755f56c113d', 1573281626);
INSERT INTO `address` VALUES (564, 0, '0xc52f0b240b9f0a6720f86a16ca82e565d896fbd0', 1573281626);
INSERT INTO `address` VALUES (565, 0, '0xbff6ddea9f03904c084620dfefa2ca82ca9adb2a', 1573281626);
INSERT INTO `address` VALUES (566, 0, '0xc6544d5b99da4f1adcf2609387c6c86381d285e5', 1573281626);
INSERT INTO `address` VALUES (567, 0, '0xe1aeb269b19b0fba762114d00b0d7c30b3898eed', 1573281626);
INSERT INTO `address` VALUES (568, 0, '0xe310b30338dc7a88b86b9b57308950f8055a603b', 1573281626);
INSERT INTO `address` VALUES (569, 0, '0xfb597c2a20eb53a8a379e7b3d5657c8648e3f00b', 1573281626);
INSERT INTO `address` VALUES (570, 0, '0xd3facadf0d8377eb620a679b2cf73d221586122c', 1573281626);
INSERT INTO `address` VALUES (571, 0, '0x17523a2b26a222e62bcc0b7d7bf447da7c2218a7', 1573281626);
INSERT INTO `address` VALUES (572, 0, '0x2fae27674e04693ccc544410c183184dbe5e07f8', 1573281626);
INSERT INTO `address` VALUES (573, 0, '0x7c7dfc83ab1951ad12de4a390021a7cfad45f4cc', 1573281626);
INSERT INTO `address` VALUES (574, 0, '0x4481bad9f221f90e2e16cc27155811940227550f', 1573281626);
INSERT INTO `address` VALUES (575, 0, '0x4edbb4872f9bfa02bae0190b6054fe03499efe22', 1573281626);
INSERT INTO `address` VALUES (576, 0, '0xf73916e4fed65c38263fe3464905d73dfc34f35b', 1573281626);
INSERT INTO `address` VALUES (577, 0, '0xf20e85b5255ffe191af7bf8196d056aa6988efb8', 1573281626);
INSERT INTO `address` VALUES (578, 0, '0x124f6f1ee64305b6985a6a2057f742c2965c7c96', 1573281626);
INSERT INTO `address` VALUES (579, 0, '0xfd09d0872ec93598129448260a9f75433e5d80b3', 1573281626);
INSERT INTO `address` VALUES (580, 0, '0xf7dbd4a7142b956e46edbfeef3fa3a9def8904a6', 1573281626);
INSERT INTO `address` VALUES (581, 0, '0xd4f2f498c7d97c372ae0fd45604a725ca653570c', 1573281626);
INSERT INTO `address` VALUES (582, 0, '0xaa0b05a4c70959c2944a4230c9ade2c056f21415', 1573281626);
INSERT INTO `address` VALUES (583, 0, '0xd8470e48ed206b15a7ac24d1a26af084e9d01d3c', 1573281626);
INSERT INTO `address` VALUES (584, 0, '0x6817c5cd3244d9f0528b9e7e273b631f73a8f2dc', 1573281626);
INSERT INTO `address` VALUES (585, 0, '0x178ead3e14f4bc6c444f96a77d799194875e48e0', 1573281626);
INSERT INTO `address` VALUES (586, 0, '0x2a1b445294891069994d6db3a3319405edae2e67', 1573281626);
INSERT INTO `address` VALUES (587, 0, '0xe6aeb49e5264c7ca90edc6e7bb467b388e4daad3', 1573281626);
INSERT INTO `address` VALUES (588, 0, '0xd6f72b01dc23820b97c58ae9c77a871e527bdbf6', 1573281626);
INSERT INTO `address` VALUES (589, 0, '0x7d59508603ab616c7f1cbdeb1d782a05e85d8cd0', 1573281626);
INSERT INTO `address` VALUES (590, 0, '0x0d9a0156e40f27c22d5e9a62e902abbba06e61c9', 1573281626);
INSERT INTO `address` VALUES (591, 0, '0x7bd91a5316c9e92622c5ee7599e19e58197690a7', 1573281626);
INSERT INTO `address` VALUES (592, 0, '0x4586ba945aee804f1168cbdc5671b2a5e01eb360', 1573281626);
INSERT INTO `address` VALUES (593, 0, '0xd2ca60eb20be2907be0d9e47fe383f9751e0e81b', 1573281626);
INSERT INTO `address` VALUES (594, 0, '0xaee8557d05d2e22563d2f4a84a5ae0b66f563915', 1573281626);
INSERT INTO `address` VALUES (595, 0, '0x696ac507f2ccd0b1ff648ebc145e616af7f1e644', 1573281626);
INSERT INTO `address` VALUES (596, 0, '0x5916ccbb1a0a6d0b717c84c387d5e746f0b9674a', 1573281626);
INSERT INTO `address` VALUES (597, 0, '0xd4435fe31d399de6ce1e065180a3340fea269c02', 1573281626);
INSERT INTO `address` VALUES (598, 0, '0x1ffdd4a6d99c3b4d5d06899486f05701a4263a00', 1573281626);
INSERT INTO `address` VALUES (599, 0, '0x4a81aa59662aaa6b51b927fe2cbdb2351244f80b', 1573281626);
INSERT INTO `address` VALUES (600, 0, '0x0e560d06ab42496e30c7fcc6d4bac3fc8f687499', 1573281626);
INSERT INTO `address` VALUES (601, 0, '0x82ba9de9827992ff66eb555535600e719351c717', 1573281626);
INSERT INTO `address` VALUES (602, 0, '0x98c200136022652d6cdde19606815932de0d11f2', 1573281626);
INSERT INTO `address` VALUES (603, 0, '0x9ad6f66800a137f696c580a2fd1f9a5a6bf383ad', 1573281626);
INSERT INTO `address` VALUES (604, 0, '0x4e108d0cc5da5b717aaeb516def58bb98d9f01db', 1573281626);
INSERT INTO `address` VALUES (605, 0, '0x696061cac1e3ca67a5b02e1b441cf3ab397bf917', 1573281626);
INSERT INTO `address` VALUES (606, 0, '0xaac870c6c42d6ae8287614d5529c562b5f03c34d', 1573281626);
INSERT INTO `address` VALUES (607, 0, '0x39b1f9c7a8864a51991125aecddaf525e7e05cfe', 1573281626);
INSERT INTO `address` VALUES (608, 0, '0xa09196008d3911fe469e0725f56a783c415984c8', 1573281626);
INSERT INTO `address` VALUES (609, 0, '0xd7cf57203b57bbe1608fd419f1175e6f1e193ea6', 1573281626);
INSERT INTO `address` VALUES (610, 0, '0x82f42a4b3fb4b217dae37ca44387c8897ddcddf9', 1573281626);
INSERT INTO `address` VALUES (611, 0, '0xcb3a16f8e03b1db1a0c46000fdc23898a60f50f2', 1573281626);
INSERT INTO `address` VALUES (612, 0, '0xdb9f091483a21ee4e1f8e30c7ded87fd21cddfe7', 1573281626);
INSERT INTO `address` VALUES (613, 0, '0x7d23d87954287eb2cc327ee645c158560de48bdf', 1573281626);
INSERT INTO `address` VALUES (614, 0, '0x9c222f076755f61436e0b95b120655d51b714eef', 1573281626);
INSERT INTO `address` VALUES (615, 0, '0x90fc392ff950632958172c5484ec415fc5cdfe1c', 1573281626);
INSERT INTO `address` VALUES (616, 0, '0x17c65a657677ff27318ff7ad7a7c47eec5cf5539', 1573281626);
INSERT INTO `address` VALUES (617, 0, '0xe28af52ddc2d2fb4dc5a7030a028941e5372abf8', 1573281626);
INSERT INTO `address` VALUES (618, 0, '0x052cde29e0b94533310ab1f847cc6a5e1b0512ec', 1573281626);
INSERT INTO `address` VALUES (619, 0, '0xcd9800819ca915ef91015fe6d7a92434c9d90224', 1573281626);
INSERT INTO `address` VALUES (620, 0, '0xb1432f6d06d74d81bd3ce140bdb530801a09d001', 1573281626);
INSERT INTO `address` VALUES (621, 0, '0xa759bef4c3cbba319fec6ca7d00c11dc7634e0cd', 1573281626);
INSERT INTO `address` VALUES (622, 0, '0x58915e0d41a2d98e8c767a66278afd96c8acef90', 1573281626);
INSERT INTO `address` VALUES (623, 0, '0x43eb3bcff4d2962dbae9541d7090271103751ac5', 1573281626);
INSERT INTO `address` VALUES (625, 0, '0xadcfb5e0d3e219ef9819a3691df98e8ab3383667', 1573281626);
INSERT INTO `address` VALUES (626, 0, '0xb3c04980b777975d7f3c376adb6ba36e8339c9dd', 1573281626);
INSERT INTO `address` VALUES (627, 0, '0xd4d1ada96d9cd69fc19a23bdd37d4c0bdbe3a6ac', 1573281626);
INSERT INTO `address` VALUES (628, 0, '0x1367ff0a655d28e0c65295bfa5d81f8b817771e9', 1573281626);
INSERT INTO `address` VALUES (629, 0, '0x62aa6bcfc0847451b6944e93b99383badeeb7a7b', 1573281626);
INSERT INTO `address` VALUES (630, 0, '0x55d74aa2daf375a830b2a0432cc2b321e650f4fe', 1573281626);
INSERT INTO `address` VALUES (631, 0, '0x18ae29270ded37b4b37a6a9d154440df6eb86281', 1573281626);
INSERT INTO `address` VALUES (632, 0, '0x073e1962ec878ba9b36e11053b14ebda1b975bc2', 1573281626);
INSERT INTO `address` VALUES (633, 0, '0xabbab0dcfffaab92b3717b661f44c66185d8dc75', 1573281626);
INSERT INTO `address` VALUES (634, 0, '0xf181d41099894b531288bdc12b1f5a792b3e2589', 1573281626);
INSERT INTO `address` VALUES (635, 0, '0x7478559316c3bd2a639c4de212e4004368c8ea9d', 1573281626);
INSERT INTO `address` VALUES (636, 0, '0x49d253fa227a4b913e431eaf1571c7b744a6a706', 1573281626);
INSERT INTO `address` VALUES (637, 0, '0x7b0cca90ea9cb035ee32b46fcd79975ad9a554f6', 1573281626);
INSERT INTO `address` VALUES (638, 0, '0xff8e7ef00255941d357d56989e905d64581bfaae', 1573281626);
INSERT INTO `address` VALUES (639, 0, '0x7caf1c139c2c7e895900185516aa2763524ab841', 1573281626);
INSERT INTO `address` VALUES (640, 0, '0x6de66cb4dd9e1a3223492ebbc03c644b0eb26206', 1573281626);
INSERT INTO `address` VALUES (641, 0, '0x8c959e44f1592accb686192c67bcffaf17e3c9e1', 1573281626);
INSERT INTO `address` VALUES (642, 0, '0xf0af275b129f73ab0858af0c4f09d51b6b9d186b', 1573281626);
INSERT INTO `address` VALUES (643, 0, '0x1e6ad17c2517e2832b7d20c616f87a33a967bc8a', 1573281626);
INSERT INTO `address` VALUES (644, 0, '0xef700dce886b6915a28fb1e76261be619ac3f6a9', 1573281626);
INSERT INTO `address` VALUES (645, 0, '0xb3f5da563919270698ec109a5c082c80a45b6377', 1573281626);
INSERT INTO `address` VALUES (646, 0, '0x48fadd34660b33d5cbc591d26cce49bbaa275339', 1573281626);
INSERT INTO `address` VALUES (650, 0, '0x882b36cf85698248d32d1d87d0f89f6870cca127', 1573281626);
INSERT INTO `address` VALUES (651, 0, '0x7afcfbf8285d1481300b6ec6b20d736be6feab24', 1573281626);
INSERT INTO `address` VALUES (652, 0, '0xe0af06decb6f5443f9ccaa7acb60650f74e0eef2', 1573281626);
INSERT INTO `address` VALUES (653, 0, '0x3119272b506eff351e7f39957a0d2ed2583013ae', 1573281626);
INSERT INTO `address` VALUES (654, 0, '0x40c21a51759b6da5537b1251af282ced469d6d27', 1573281626);
INSERT INTO `address` VALUES (655, 0, '0x0be8e2781a43a3ed5004d6312328da2e66e17f9e', 1573281626);
INSERT INTO `address` VALUES (656, 0, '0x67bd1d35340a273251de293345f77e5bcf13951b', 1573281626);
INSERT INTO `address` VALUES (657, 0, '0x79d3a76eabc6c2f83ba8e01be0ba25b55d1df4df', 1573281626);
INSERT INTO `address` VALUES (658, 0, '0x5acbac8e282e729444626f9ba98cf59829d68dca', 1573281626);
INSERT INTO `address` VALUES (659, 0, '0x830c1573a2f080035a696b56148f790da821ea0f', 1573281626);
INSERT INTO `address` VALUES (660, 0, '0x41931e61724860060235564587f48ee191d33baa', 1573281626);
INSERT INTO `address` VALUES (661, 0, '0xe393c7be62ed4be376ae00717ebdeccf701f33de', 1573281626);
INSERT INTO `address` VALUES (662, 0, '0xb7916e4cf7304e9f3ab42ccead69efa02a961918', 1573281626);
INSERT INTO `address` VALUES (663, 0, '0x88033fdaa43fd1069542de9a5afe46a51b009edc', 1573281626);
INSERT INTO `address` VALUES (664, 0, '0xd1ddef9481d28f373c133f2067a713d8d8f542ee', 1573281626);
INSERT INTO `address` VALUES (665, 0, '0x8d9e5fd9a9d489ac90110cbddfd2eb06cb7462d9', 1573281626);
INSERT INTO `address` VALUES (666, 0, '0xe23f7c1ea5f1163849abb4423d62e4acf2ccdd09', 1573281626);
INSERT INTO `address` VALUES (667, 0, '0x47838172240da826cc04822d66dff12fd615d61a', 1573281626);
INSERT INTO `address` VALUES (668, 0, '0xc6d6b8a9907cc66bb4a824e67f1efe0abcaf446a', 1573281626);
INSERT INTO `address` VALUES (669, 0, '0xa2bf6bf3109f2a6d8dffbe9d2581cf67f204d160', 1573281626);
INSERT INTO `address` VALUES (670, 0, '0x90e1a4e3f190afb1e5fcbc355fa2a1a1720fa836', 1573281626);
INSERT INTO `address` VALUES (671, 0, '0x10f60022b10d96e10d842fdc85a9b8b604a0965e', 1573281626);
INSERT INTO `address` VALUES (672, 0, '0x0ac9e7dfe8de3322e475d32ebc04d4af39139393', 1573281626);
INSERT INTO `address` VALUES (673, 0, '0x38819b5303af3afee4f209f0fa22fcf0930e8362', 1573281626);
INSERT INTO `address` VALUES (674, 0, '0xd8309cffd08fc8d5136099bbc27c1d579c9a455e', 1573281626);
INSERT INTO `address` VALUES (675, 0, '0x4c0fcce47f7e5a54a043cf3c4e42d19fba1c84e8', 1573281626);
INSERT INTO `address` VALUES (676, 0, '0x0edcf2ebbf4872f0a495cfc520d8543f3d14ac72', 1573281626);
INSERT INTO `address` VALUES (677, 0, '0xef1e2a1252b84d59d3a30305dc2eb78d6c09039d', 1573281626);
INSERT INTO `address` VALUES (678, 0, '0xf49816698f9fd7c540d426900e8ceded830a4cbd', 1573281626);
INSERT INTO `address` VALUES (679, 0, '0xa12b3c1cd3c2f4e57a8e6dbaadcebc866c654688', 1573281626);
INSERT INTO `address` VALUES (680, 0, '0x60c7920c625b710ba5b89baaaa1378172c2f85d3', 1573281626);
INSERT INTO `address` VALUES (681, 0, '0x9e1f56169b76965febfbfa3a7d783143a4ebe1c9', 1573281626);
INSERT INTO `address` VALUES (682, 0, '0x006966a88cfc699bcf8c2e192a51805a3a7839f5', 1573281626);
INSERT INTO `address` VALUES (683, 0, '0x7a977513b806586ce0ab7b5b59a0b142d9db2cd8', 1573281626);
INSERT INTO `address` VALUES (684, 0, '0xd3bdeec0cf98d37c9e5b9cfaf6ca7204d8ef2bbd', 1573281626);
INSERT INTO `address` VALUES (685, 0, '0xcd5241c668995af05d345e91a48bee29baf2625b', 1573281626);
INSERT INTO `address` VALUES (686, 0, '0x7c6daba2b3b762a5a063850089e60c75d2e453ea', 1573281626);
INSERT INTO `address` VALUES (687, 0, '0x6e3339023466009e04b43d7144dce0b6813cbaee', 1573281626);
INSERT INTO `address` VALUES (688, 0, '0x4bda07ddba242f9f87572ddae52a0b82c54de3e0', 1573281626);
INSERT INTO `address` VALUES (689, 0, '0xf3b56947f48a81a49d2112a2d622fa4493edb4fe', 1573281626);
INSERT INTO `address` VALUES (690, 0, '0xbfd6a3fe5f93485ffcde64fb86ea7ea279c54a2c', 1573281626);
INSERT INTO `address` VALUES (691, 0, '0x5fe980cf890620959bda3038605f96e001980670', 1573281626);
INSERT INTO `address` VALUES (692, 0, '0xdbafc20c3fc735ecc4321176d4d69e20e763f946', 1573281626);
INSERT INTO `address` VALUES (693, 0, '0x8f8521d439dd45a5330d038568da0cbff2be8846', 1573281626);
INSERT INTO `address` VALUES (694, 0, '0x814b9d4464f1d8a170a9e53ffed4585f9b8ef873', 1573281626);
INSERT INTO `address` VALUES (695, 0, '0x74944bb4b53ce01eaa7c0ca56a72cc7539409361', 1573281626);
INSERT INTO `address` VALUES (696, 0, '0x985162a8963d30b1ab0daa3556abd70c7e9bb9de', 1573281626);
INSERT INTO `address` VALUES (697, 0, '0xbbe483cd6563ee3cb4687be00496060d9a8e83eb', 1573281626);
INSERT INTO `address` VALUES (698, 0, '0x5edeff606292b7f91ef30710ea4d15c98ab0ac04', 1573281626);
INSERT INTO `address` VALUES (699, 0, '0x2520ae2bc7096d996dddf58f5cceb720786e1ede', 1573281626);
INSERT INTO `address` VALUES (700, 0, '0x98eaf922ef0354e0a903d108039fbc488dea709a', 1573281626);
INSERT INTO `address` VALUES (701, 0, '0xb112ce64c9da41c089879d6dd9bc088e762af044', 1573281626);
INSERT INTO `address` VALUES (702, 0, '0xa064a1a4fb8099d8c7f58f049fb947b46e0f8ad3', 1573281626);
INSERT INTO `address` VALUES (703, 0, '0xbc0d3201b94476b249e1980da25d91d82c26f469', 1573281626);
INSERT INTO `address` VALUES (704, 0, '0x4acbb6ea37df7b913a252e4b865e978b0a9eec6f', 1573281626);
INSERT INTO `address` VALUES (705, 0, '0xccefac90f08b35834455d3a87ab8cdda27c117a0', 1573281626);
INSERT INTO `address` VALUES (706, 0, '0x0e5e44efba1b1e71d7e60978a95221f2c856aa4a', 1573281626);
INSERT INTO `address` VALUES (707, 0, '0xa774bba00aa42b5b8fbf38383b807bb42759919f', 1573281626);
INSERT INTO `address` VALUES (708, 0, '0x78b3c3dce77267def425d098dcdf903af3cb28b7', 1573281626);
INSERT INTO `address` VALUES (710, 0, '0x3c36a3a5e23ab3c11f98562a21e4044d97c05b25', 1573281626);
INSERT INTO `address` VALUES (711, 0, '0xb293a83be7128eaf7763d574f3dcd4ee9bc2833a', 1573281626);
INSERT INTO `address` VALUES (712, 0, '0x5bd109ac5e4acff2bc6703baf65df7f73f733053', 1573281626);
INSERT INTO `address` VALUES (713, 0, '0x5059c57dd625fbdf9ac16fb50b986da08d074e7a', 1573281626);
INSERT INTO `address` VALUES (714, 0, '0x2374913f0eb1643138371c225fb4730bc1561229', 1573281626);
INSERT INTO `address` VALUES (715, 0, '0x0be20006502fbe91aa71afecc187e4e9a0d86002', 1573281626);
INSERT INTO `address` VALUES (716, 0, '0x262bf0186ad0668fa4c2741b43096ffb3e60eeca', 1573281626);
INSERT INTO `address` VALUES (717, 0, '0x6430a4645921c7f4b7546457dec1b3c305065fe9', 1573281626);
INSERT INTO `address` VALUES (718, 0, '0xb3cb206c247201c23cc5a2a5594a938be0476f45', 1573281626);
INSERT INTO `address` VALUES (719, 0, '0xa8f6decdbd2e056be9ca67db342a87da1b82220a', 1573281626);
INSERT INTO `address` VALUES (720, 0, '0xda864147cf033491c6ef6395e232c0a681827516', 1573281626);
INSERT INTO `address` VALUES (721, 0, '0x01666666f97087b62fb659b6392c486d709c0c63', 1573281626);
INSERT INTO `address` VALUES (722, 0, '0x5383aecd4fc3b143c7ad3dd8055914d19f2813d8', 1573281626);
INSERT INTO `address` VALUES (723, 0, '0xa8baea8e1eef3bb92142add588938a0fee9e17f5', 1573281626);
INSERT INTO `address` VALUES (724, 0, '0xbbd116c1ec121775d684e56e763de65f43357438', 1573281626);
INSERT INTO `address` VALUES (725, 0, '0xe6f2f8db21c66fbbdaf7c6f95ade231f2a8a02f7', 1573281626);
INSERT INTO `address` VALUES (726, 0, '0xb3ee755a0f27b54dc1916ccc32ea76163f253500', 1573281626);
INSERT INTO `address` VALUES (727, 0, '0x82113e2f3b95325ed1d05daf5fb76c2d4603881e', 1573281626);
INSERT INTO `address` VALUES (728, 0, '0xc8e9344d65e1bb3beef4b9ecf4dbc08c8f1f22e3', 1573281626);
INSERT INTO `address` VALUES (729, 0, '0x7aaa6316ce68355001ed348a2db13cbb44fe2a87', 1573281626);
INSERT INTO `address` VALUES (730, 0, '0xc9d03f94ad93087cf586740cd79738c33a55abe4', 1573281626);
INSERT INTO `address` VALUES (731, 0, '0x807147088bed83fb085fdfda64af8b01f0108ab9', 1573281626);
INSERT INTO `address` VALUES (732, 0, '0x28ffdfc743a0593ce48a4ad18ff41386ec747ac4', 1573281626);
INSERT INTO `address` VALUES (733, 0, '0x1ae9c3241c7428d99eacab0d3a126f7ff326069b', 1573281626);
INSERT INTO `address` VALUES (739, 0, '0xa7f429e18206be6b1ec782d9d8825261c544f672', 1573281626);
INSERT INTO `address` VALUES (746, 0, '0x2972dc5ddbeec6627ecd6c29ebd102bc60077553', 1573281626);
INSERT INTO `address` VALUES (748, 0, '0x17fa9d9cf922e6aeb45228131024ba89012955e4', 1573281626);
INSERT INTO `address` VALUES (749, 0, '0xe528ee1cc22466e3432a292d9975feb003f2fcd2', 1573281626);
INSERT INTO `address` VALUES (750, 0, '0x4568cd5ed961763c92db1a7bf48ddbbee438dae3', 1573281626);
INSERT INTO `address` VALUES (751, 0, '0x160bf8bbc67c4640854e50cf596205a810df88aa', 1573281626);
INSERT INTO `address` VALUES (752, 0, '0x485b9962a5f25be3dbfa0356a9c4d73fff4a6f97', 1573281626);
INSERT INTO `address` VALUES (759, 0, '0x347f1f7e1abb33f81ce8e4de534731c69d56898f', 1573281626);
INSERT INTO `address` VALUES (760, 0, '0x45d481bd13ebbdb3899733878fc7363e463ab21e', 1573281626);
INSERT INTO `address` VALUES (761, 0, '0x5a20316ed0ee62b94d67467a78345ae3e404d572', 1573281626);
INSERT INTO `address` VALUES (762, 0, '0x2011eff86a32208333c53e3e015b38e8d12ae4c1', 1573281626);
INSERT INTO `address` VALUES (763, 0, '0xfebd130e89050caf8ad02d21ab12c4feb2b22df9', 1573281626);
INSERT INTO `address` VALUES (764, 0, '0xe21692bfb3a9988a748c61bcb64b03ab80549092', 1573281626);
INSERT INTO `address` VALUES (765, 0, '0x38ed1ef29d45e1751089862c4e70f18aa8d5ac7d', 1573281626);
INSERT INTO `address` VALUES (766, 0, '0xb87106f18362c2005de2ce82d6ed5261fab5c0a3', 1573281626);
INSERT INTO `address` VALUES (767, 0, '0x7e059fd287762d00471f2be83ed1c199dac65a39', 1573281626);
INSERT INTO `address` VALUES (768, 0, '0x5a925fb981f491545e9531d20f4e0676c4c3c4f1', 1573281626);
INSERT INTO `address` VALUES (769, 0, '0x1d678797ac6745cffe2d35b4a2f595d18bcb45ae', 1573281626);
INSERT INTO `address` VALUES (770, 0, '0xb68bf8942afdcf9631eac5233e1ecbf6259d5007', 1573281626);
INSERT INTO `address` VALUES (771, 0, '0x8a53a73dfe4655243f44f30b2ebcd1fb7dfac122', 1573281626);
INSERT INTO `address` VALUES (772, 0, '0x2755ea03ce99c02d9bc908e384307799c8d0f7e7', 1573281626);
INSERT INTO `address` VALUES (773, 0, '0xf5875ae754102a35689f7152592f6a569f8db7e9', 1573281626);
INSERT INTO `address` VALUES (774, 0, '0xfe877bceca6f1512338cd399ef6bec86ac0663b5', 1573281626);
INSERT INTO `address` VALUES (775, 0, '0x8be7d62c0b45d5119dabc2efd88e519f5ae0c325', 1573281626);
INSERT INTO `address` VALUES (776, 0, '0xcaa1a64a82680e0b7c329b65a4fdc52645e02172', 1573281626);
INSERT INTO `address` VALUES (777, 0, '0x0108372c3c8bd5a67911d2c6340997cc3ad44eb2', 1573281626);
INSERT INTO `address` VALUES (778, 0, '0x8d6497bba29d3b799746c72e3208ea245598bcc1', 1573281626);
INSERT INTO `address` VALUES (779, 0, '0x930ee21ce589ccafa1ce58272ce596d816575969', 1573281626);
INSERT INTO `address` VALUES (780, 0, '0x796ffb272ded0512458ce0b1531a56bad8a9c80f', 1573281626);
INSERT INTO `address` VALUES (781, 0, '0xfc1447c24f60670af53bf01c17f47987d24418a9', 1573281626);
INSERT INTO `address` VALUES (782, 0, '0x2e9d2911051984f99cb0464f79cd04aab816c57a', 1573281626);
INSERT INTO `address` VALUES (783, 0, '0x4deea30ef472723c53f1528f47f6decefed620cb', 1573281626);
INSERT INTO `address` VALUES (784, 0, '0xb6b11e99819b5e3d8802eb9eb03369a8b6e0de2a', 1573281626);
INSERT INTO `address` VALUES (785, 0, '0x5ba1aadbf45d838d5f6e4618fd69fb6158598597', 1573281626);
INSERT INTO `address` VALUES (786, 0, '0x2c53cc4499528241d3e8d004a3bd648b8b9e26e1', 1573281626);
INSERT INTO `address` VALUES (787, 0, '0xd680f0922ff1ab4cebb70a2c176a476bc05f122a', 1573281626);
INSERT INTO `address` VALUES (788, 0, '0x49fa8acefe0282915c9f490bf8a73d06a39f1459', 1573281626);
INSERT INTO `address` VALUES (789, 0, '0xa873bd9bd7714aaa90ed90168c552a6a9264a2c0', 1573281626);
INSERT INTO `address` VALUES (790, 0, '0xa0592d2367b2cc81be96fd84c0b843c4f8a3ebf1', 1573281626);
INSERT INTO `address` VALUES (791, 0, '0x123c25fa1dcf304997a598fd80a7025591733ba5', 1573281626);
INSERT INTO `address` VALUES (792, 0, '0xdeafc134540f9fdada00153e1c99ff608cfc0b04', 1573281626);
INSERT INTO `address` VALUES (793, 0, '0x704a0b629625c9aeb245c0e770a8064f778d0e4e', 1573281626);
INSERT INTO `address` VALUES (794, 0, '0xbb5e8ea36e41e0bc6a12e730b7b13f5886b3cb0b', 1573281626);
INSERT INTO `address` VALUES (795, 0, '0x857044d6312a20203941171a048b59e6eadf2d8a', 1573281626);
INSERT INTO `address` VALUES (796, 0, '0xf493a3d3d39d3a9805c76b0919d6ae8df75cbc93', 1573281626);
INSERT INTO `address` VALUES (797, 0, '0x91b1e61e97088d21741343a2dd44253a125f3fc7', 1573281626);
INSERT INTO `address` VALUES (798, 0, '0xe939db89c76e22ad614d77a46b1272a6c316f0ce', 1573281626);
INSERT INTO `address` VALUES (799, 0, '0xf7f14901d0a4cf139bb1ab2071156e675f735a8f', 1573281626);
INSERT INTO `address` VALUES (800, 0, '0xeae593634031dcb06abef3161e6f05e14086e225', 1573281626);
INSERT INTO `address` VALUES (801, 0, '0xb0f80113b3dde645f405298fe2466abd82d611f6', 1573281626);
INSERT INTO `address` VALUES (802, 0, '0xe8eb6e5c9598c87c16c1bdc01ba61f6e2cceefc4', 1573281626);
INSERT INTO `address` VALUES (803, 0, '0x928fbfba0ebfaffc5bb402870f2732d4b6ec0605', 1573281626);
INSERT INTO `address` VALUES (804, 0, '0x2bd82ee73d6dcb5c3207d683ba602d86f027160e', 1573281626);
INSERT INTO `address` VALUES (805, 0, '0xaf39548fb32cf4e3fa30dbba1d7f70bd8ea12108', 1573281626);
INSERT INTO `address` VALUES (806, 0, '0x95bfea88a10baebfa4addf0f1c5a6bc07df2d15a', 1573281626);
INSERT INTO `address` VALUES (807, 0, '0x81eb98f17790451999dd15529b0c9917b31c9d16', 1573281626);
INSERT INTO `address` VALUES (808, 0, '0x1370241dd098bc083039f2af052286eb79ff9499', 1573281626);
INSERT INTO `address` VALUES (809, 0, '0x9fab539afb2e311e257aaf31abbb19cc68fa80b1', 1573281626);
INSERT INTO `address` VALUES (810, 0, '0x7f0db1f94f965b4f5f19b2b1d8e8a1d31ebb5217', 1573281626);
INSERT INTO `address` VALUES (811, 0, '0x33a7d9f9ef4628f7e7811ff50f0a1a50b08508df', 1573281626);
INSERT INTO `address` VALUES (812, 0, '0xe509f788115d13d42823e223f1c32c7092c04fc3', 1573281626);
INSERT INTO `address` VALUES (813, 0, '0x2f98d4ee5b25a471bb703b2bdf0d218e49caf502', 1573281626);
INSERT INTO `address` VALUES (814, 0, '0xaa25e898d4eaa620e4ae1a1456134c9344fe9965', 1573281626);
INSERT INTO `address` VALUES (815, 0, '0xd2b657a2b22baa746e5ce99f5af28391b295d885', 1573281626);
INSERT INTO `address` VALUES (816, 0, '0xbaa58697441bb2be51249384f8e4129ab07d93f6', 1573281626);
INSERT INTO `address` VALUES (818, 0, '0x26b4ac05a58bdfb3c10783928b5701c88bdc82d0', 1573281626);
INSERT INTO `address` VALUES (819, 0, '0xb6e6e8fe656547dd277168da99a9361d1158c370', 1573281626);
INSERT INTO `address` VALUES (820, 0, '0xd9bcebe801ad0155174aa06447b960f2392b2b46', 1573281626);
INSERT INTO `address` VALUES (821, 0, '0x88b874a047d55717e676500cc3bea144b5a0586c', 1573281626);
INSERT INTO `address` VALUES (822, 0, '0xe19aa73ae3ceb42cd12dec15daa18c5daaf6333e', 1573281626);
INSERT INTO `address` VALUES (823, 0, '0x5c311c6a6e6526b21d476eb385dc64ec82c3842e', 1573281626);
INSERT INTO `address` VALUES (824, 0, '0x54973de1a4481deb1201af9e0e490044638b30bf', 1573281626);
INSERT INTO `address` VALUES (825, 0, '0x367fefbfadb817fa4ed572f05427ce610ce60cf8', 1573281626);
INSERT INTO `address` VALUES (826, 0, '0x02be5aa4a84235d19f99ac77e30c38a79d6c07ce', 1573281626);
INSERT INTO `address` VALUES (827, 0, '0xcc5b32b2b76e00410c495eca33963e92e84409ce', 1573281626);
INSERT INTO `address` VALUES (828, 0, '0x5a9ab2912df60edf78fe1be4c5c7ac14bff8dc29', 1573281626);
INSERT INTO `address` VALUES (829, 0, '0xad2fddf044099964d0e2d21347a40d57e8c6586c', 1573281626);
INSERT INTO `address` VALUES (830, 0, '0x73cd09c9321aa523c6b530aace161d6a32284bae', 1573281626);
INSERT INTO `address` VALUES (831, 0, '0xfa847f836ba5472aa3550b23bdb60b272366fc4d', 1573281626);
INSERT INTO `address` VALUES (832, 0, '0x6a82366239fe9e2fb01ee05ac10d922dc9e2a076', 1573281626);
INSERT INTO `address` VALUES (833, 0, '0x3ac322b13e7c90c690f24ddcc01e260be2b09416', 1573281626);
INSERT INTO `address` VALUES (834, 0, '0xb76bf87d869ff978d598fcc9733872c5c5f93571', 1573281626);
INSERT INTO `address` VALUES (835, 0, '0x362ebd7bf4454927123221b3ab5feaa7a9f6ebff', 1573281626);
INSERT INTO `address` VALUES (840, 0, '0xa80dfdfe96a861520625b5aac28989c595e2257f', 1573281626);
INSERT INTO `address` VALUES (841, 0, '0x28fca7d10fae79188553cc0560463da4404af916', 1573281626);
INSERT INTO `address` VALUES (842, 0, '0x4899ed1d5fbcbb2002f24ae4b12135f0374ac124', 1573281626);
INSERT INTO `address` VALUES (843, 0, '0x64e3f1f512f8b5a3b57f0c431631b1a5b715e4b0', 1573281626);
INSERT INTO `address` VALUES (844, 0, '0x208ebf5021ce30bdefdfa77e627d88ccb9ab6991', 1573281626);
INSERT INTO `address` VALUES (845, 0, '0x1772f91cee305aa52f84cea0b12869a50716d594', 1573281626);
INSERT INTO `address` VALUES (846, 0, '0xfbd52a467f2878569cb614cc7ad58cddd22d73b8', 1573281626);
INSERT INTO `address` VALUES (847, 0, '0x9408d14c99b4c7e6e4725933307d5dd038bb58af', 1573281626);
INSERT INTO `address` VALUES (848, 0, '0x3ed66ad0258b03776a4f42b0e039043d23050b38', 1573281626);
INSERT INTO `address` VALUES (849, 0, '0x60d2f5d3c0212dfad8ba3c71804d84da83730046', 1573281626);
INSERT INTO `address` VALUES (850, 0, '0x042b5e3cca6fdbce30ff91b7d1c34596785ac381', 1573281626);
INSERT INTO `address` VALUES (851, 0, '0xc893096380d03ce269d81d840f1a1bfe8714ed87', 1573281626);
INSERT INTO `address` VALUES (852, 0, '0x42fe4adcc7533c002fe09f28b83b324cd7fdf9ec', 1573281626);
INSERT INTO `address` VALUES (853, 0, '0xb77d4fd6ca328b9bf6d1f940648b6c8866e1e853', 1573281626);
INSERT INTO `address` VALUES (854, 0, '0x4a508284c2aad01ea8440d63d549426d7f29da58', 1573281626);
INSERT INTO `address` VALUES (855, 0, '0xa047a63cbc2f64644cbef2d8a93199303cf69e59', 1573281626);
INSERT INTO `address` VALUES (856, 0, '0xc9f4eeaa8e873715a9d73e0093fb30b1f85964a8', 1573281626);
INSERT INTO `address` VALUES (857, 0, '0x6a7172f86bbea7941f4adaeddfce1b24090113a4', 1573281626);
INSERT INTO `address` VALUES (858, 0, '0xb717ad888e093597229cbde2a4eff70b1f3d1f45', 1573281626);
INSERT INTO `address` VALUES (859, 0, '0xa4747128b12fe35f0ffe4055685852914a346066', 1573281626);
INSERT INTO `address` VALUES (860, 0, '0x8dde072008099b886c726a56ea3045eadcd02b72', 1573281626);
INSERT INTO `address` VALUES (861, 0, '0xf59c9ea66b924c64b7e3b33c5c111f0746492635', 1573281626);
INSERT INTO `address` VALUES (862, 0, '0x2414a2401f6398fc7a67beb609a9f587ab9409c2', 1573281626);
INSERT INTO `address` VALUES (863, 0, '0xc09273e41329763b7f6b7019355c532a711bd7be', 1573281626);
INSERT INTO `address` VALUES (864, 0, '0x1843e079f4d750baee740e27c43a197510303c7f', 1573281626);
INSERT INTO `address` VALUES (865, 0, '0x0028a26ecfcf4952bc89b9ca69c093c9e806a6be', 1573281626);
INSERT INTO `address` VALUES (866, 0, '0x08831ef920dc5c2b2bf8a0efb69f2b3c285a724a', 1573281626);
INSERT INTO `address` VALUES (867, 0, '0xdd9eb6848ce057570b70c718d12bb3045d9b17c2', 1573281626);
INSERT INTO `address` VALUES (868, 0, '0x90944d9c057a957cd18dce8a8d87d0047c4dcc99', 1573281626);
INSERT INTO `address` VALUES (869, 0, '0x2eff1e373e482dd23df5da7a5fd2aa0aa4a76f3d', 1573281626);
INSERT INTO `address` VALUES (870, 0, '0x6f11bf54ec62c40df8797ffd856c00baf7509bd2', 1573281626);
INSERT INTO `address` VALUES (871, 0, '0x8a01adcdec69f6687f7662047001bdba0c951c31', 1573281626);
INSERT INTO `address` VALUES (872, 0, '0x08034918446d993374abfd098358acb0845a07ba', 1573281626);
INSERT INTO `address` VALUES (873, 0, '0xb6ba30b65cefb813fe6e38c728f7a975cc71fdcc', 1573281626);
INSERT INTO `address` VALUES (874, 0, '0x142eba413f052ec9d0d7ad50baf898ab50893f53', 1573281626);
INSERT INTO `address` VALUES (875, 0, '0x54df5bdaec869bf260b3f5147fc3b9654dca24d0', 1573281626);
INSERT INTO `address` VALUES (876, 0, '0xf8283726b1ba9369cf89058ba5a7dab7aa83340c', 1573281626);
INSERT INTO `address` VALUES (877, 0, '0x34bab1f757bb057c77f4fed267f47c0e955bf552', 1573281626);
INSERT INTO `address` VALUES (878, 0, '0xf44e5ae35e476366973417639b7ce0699b7c3f10', 1573281626);
INSERT INTO `address` VALUES (879, 0, '0x64f108b4fe34ca9891abdf4a37e32f0515b4ce98', 1573281626);
INSERT INTO `address` VALUES (880, 0, '0xbb52eeb9e71931736e1b69bf2a3361e1901546e7', 1573281626);
INSERT INTO `address` VALUES (881, 0, '0x0275fe9ece85f3ee67caf3b87c843d97e95c9d46', 1573281626);
INSERT INTO `address` VALUES (882, 0, '0x772ca47c8dee8f483da9d47cd93baad2ad065fdd', 1573281626);
INSERT INTO `address` VALUES (883, 0, '0xab9887e54bce81322c468c4de0ef7cb90c472403', 1573281626);
INSERT INTO `address` VALUES (884, 0, '0x5ddc00529f04b503f60c74a69785712e2518ca3d', 1573281626);
INSERT INTO `address` VALUES (885, 0, '0x12f87df3fd0f474e9d404ee8608bb7aa6c14363f', 1573281626);
INSERT INTO `address` VALUES (886, 0, '0x1c1e8908b98d1138e97094fdf119f2e45f24fa51', 1573281626);
INSERT INTO `address` VALUES (887, 0, '0x5da47cc5a596194cb1e546f1cabb5aee97f422d6', 1573281626);
INSERT INTO `address` VALUES (888, 0, '0x4a69669ffc2988b152b8390ab4bb402429dacd42', 1573281626);
INSERT INTO `address` VALUES (889, 0, '0xf319387380c9a68adf0ce0c0e76dfdc99f6a6588', 1573281626);
INSERT INTO `address` VALUES (890, 0, '0xf82afdf9e3eb60bffd4363ae1dee69d7067c57a8', 1573281626);
INSERT INTO `address` VALUES (891, 0, '0xdbd0ee09449d4bb7540076c391d7c433d4cfbbf3', 1573281626);
INSERT INTO `address` VALUES (892, 0, '0xa1af1e992ae18db8db5967e9514cbddaaed21bea', 1573281626);
INSERT INTO `address` VALUES (893, 0, '0x680251b7f374c68a9d346c984da5989b512a5dca', 1573281626);
INSERT INTO `address` VALUES (894, 0, '0xb627bd6a066c2ac422975c80758440f6ebefdbaf', 1573281626);
INSERT INTO `address` VALUES (897, 0, '0x38ccd4a36b823f9d3310db79f911aa061c9d5d5d', 1573281626);
INSERT INTO `address` VALUES (899, 0, '0xcb7e0b6c9a40d86aaa90f856015fc9908e111d82', 1573281626);
INSERT INTO `address` VALUES (900, 0, '0xd8e02d0343d78a770ea6ba048f1fb308e7e5737a', 1573281626);
INSERT INTO `address` VALUES (901, 0, '0x4c8c21f7c5f19624ecb6ebbded2624d96e139f55', 1573281626);
INSERT INTO `address` VALUES (902, 0, '0x43957a8ddeca2fca21ec4eabbec9e2df54d0a8c3', 1573281626);
INSERT INTO `address` VALUES (903, 0, '0xdebf56da177fa6cf1aeb1222d297ce85b1c8a1b2', 1573281626);
INSERT INTO `address` VALUES (905, 0, '0x8f0fc00c79a0d9dcc0ece0472e27a9f72da63f17', 1573281627);
INSERT INTO `address` VALUES (906, 0, '0x813a1b8569d501bab9ca43f353f98ec238d29ea7', 1573281627);
INSERT INTO `address` VALUES (907, 0, '0x4e24ce87df1569b3a469ed6825d2352e170aca60', 1573281627);
INSERT INTO `address` VALUES (908, 0, '0xd6273a8bcf5c1491768a6c1ddc64368386b0d684', 1573281627);
INSERT INTO `address` VALUES (909, 0, '0xc25ab6bfc1f3283943055f3ce922b02abd9330f0', 1573281627);
INSERT INTO `address` VALUES (915, 0, '0x8451d9e41fb2c025c1803ca4aa18711d021acbf6', 1573281627);
INSERT INTO `address` VALUES (916, 0, '0x2ef6f268a0fc38eaaebcdc2684d1cbf41a99e4b0', 1573281627);
INSERT INTO `address` VALUES (917, 0, '0x2022eae640762c366026d28731cb33a0a5792b45', 1573281627);
INSERT INTO `address` VALUES (918, 0, '0xef1a3b8a8d3803ad4f2496be640b41e901a7c77c', 1573281627);
INSERT INTO `address` VALUES (919, 0, '0xe152c01a36b58a0d39a98fa5e016c77720734105', 1573281627);
INSERT INTO `address` VALUES (920, 0, '0x5f8e27acdbef5ad56809c8e437267be74556ebca', 1573281627);
INSERT INTO `address` VALUES (921, 0, '0xbff9e72a08ff0f99727c56bf0ad9f2abd1af4251', 1573281627);
INSERT INTO `address` VALUES (922, 0, '0x42ea3703cc7ac276764b941b5d5111c5a281a2f0', 1573281627);
INSERT INTO `address` VALUES (923, 0, '0x0ede47eb2539b2b4b41ee337ba0f4cb62860d6b4', 1573281627);
INSERT INTO `address` VALUES (924, 0, '0x5fa5b2d78b8b289454f5fa9a2fca0d6596156d8b', 1573281627);
INSERT INTO `address` VALUES (925, 0, '0x59d86e809a9a5f3f2e54aed51e346a555bcebcf9', 1573281627);
INSERT INTO `address` VALUES (926, 0, '0x33598f844052e0f2d8e342d3ab8f1c007e881b15', 1573281627);
INSERT INTO `address` VALUES (927, 0, '0x57bb930b5799c7dd45b8177c712e5fc9979e3356', 1573281627);
INSERT INTO `address` VALUES (928, 0, '0x2d2d46bb1775a3fa84b185dd25a94a4825a101b6', 1573281627);
INSERT INTO `address` VALUES (929, 0, '0x34f40ceda400585f9f0816a2a3682d3869e8deaa', 1573281627);
INSERT INTO `address` VALUES (930, 0, '0xd845d3fb82d82c236897bb419a53cebe0876818e', 1573281627);
INSERT INTO `address` VALUES (931, 0, '0x27014e63b689ca649a18c13b2610bc6a70dd600a', 1573281627);
INSERT INTO `address` VALUES (932, 0, '0x5471c651440dbd5b2f311b8ad12ee490881ae40d', 1573281627);
INSERT INTO `address` VALUES (933, 0, '0x3fb73422a8768d6b5e7278902f64d8b7dfe91ff7', 1573281627);
INSERT INTO `address` VALUES (934, 0, '0x7aafac26220561cf606ef70ce8a1125907f3a9f7', 1573281627);
INSERT INTO `address` VALUES (935, 0, '0x29d90df431f4570804d81060c166667878d23340', 1573281627);
INSERT INTO `address` VALUES (936, 0, '0x777d306efd856e4ccdd41f8797e5c5e1c582b0bf', 1573281627);
INSERT INTO `address` VALUES (937, 0, '0x7310c3da7aa851a358502446cb67a4113d532d32', 1573281627);
INSERT INTO `address` VALUES (938, 0, '0x1e9717a8e8618db17a1f29e905851cda10bf774f', 1573281627);
INSERT INTO `address` VALUES (939, 0, '0x24bf617aeb1f4ca59519a71b7adc0dbdfcc7c0df', 1573281627);
INSERT INTO `address` VALUES (940, 0, '0xe9bca5a2da8118788ece711f754498d7a9cb2ff6', 1573281627);
INSERT INTO `address` VALUES (941, 0, '0xe8dddc2f1a503518277c2f51b72df3df3b4b99a7', 1573281627);
INSERT INTO `address` VALUES (942, 0, '0x2cb46567ad8b8b0c29279807e04f1ad7bc11b05c', 1573281627);
INSERT INTO `address` VALUES (943, 0, '0xdb7bd6e9455ef383b4c31d7e6107a16f7037d216', 1573281627);
INSERT INTO `address` VALUES (944, 0, '0xd595b33a0027e89942edda69bf75a3ef00beb3ce', 1573281627);
INSERT INTO `address` VALUES (945, 0, '0x3480b0ed68d71227a029c5e91e0d32cae2286e19', 1573281627);
INSERT INTO `address` VALUES (946, 0, '0x03bb79eacb18f04657173d191e7a2c415976398f', 1573281627);
INSERT INTO `address` VALUES (947, 0, '0xf33aa71e15d9858392fa7b5e714ef3c7c99b927c', 1573281627);
INSERT INTO `address` VALUES (948, 0, '0x357ad4ba8035f56e8028b36934cfa6cdd61d2623', 1573281627);
INSERT INTO `address` VALUES (949, 0, '0x29774ab493a395269b577dbd203729dd06c0a9aa', 1573281627);
INSERT INTO `address` VALUES (950, 0, '0xa2346a4995e9bacb781e49513701e45ada8aac75', 1573281627);
INSERT INTO `address` VALUES (951, 0, '0x6eb715dd2e86449aa5f10540a4c633561e9287b0', 1573281627);
INSERT INTO `address` VALUES (952, 0, '0xcf9e23e5d013b9ee5c86857a99636b2641ab3255', 1573281627);
INSERT INTO `address` VALUES (953, 0, '0x6bb68bf7349528139435475fd44447abf9b5cc3f', 1573281627);
INSERT INTO `address` VALUES (954, 0, '0x54b4643df4b0446a0d46bd659a92c57c269572db', 1573281627);
INSERT INTO `address` VALUES (955, 0, '0xb362ff04f280b12e65b334e1c2e885aac1a5033a', 1573281627);
INSERT INTO `address` VALUES (956, 0, '0xc5f9b160285ac03418def05e8a7fc1c19bcff35e', 1573281627);
INSERT INTO `address` VALUES (957, 0, '0xdbbcacb85214aad48bb66912f6a668d14733cfc8', 1573281627);
INSERT INTO `address` VALUES (958, 0, '0x743277b72c525a0636207662a9d569b14a343925', 1573281627);
INSERT INTO `address` VALUES (959, 0, '0xb00013d64c3d639b2dc1b33741e665c5496f4a93', 1573281627);
INSERT INTO `address` VALUES (960, 0, '0xa91226adaf56fba51f3100facb5391c020eb6d33', 1573281627);
INSERT INTO `address` VALUES (961, 0, '0xb88502799ec628d5a7065d049b41fb15973e28e4', 1573281627);
INSERT INTO `address` VALUES (962, 0, '0x29bfd082af11a8e63febb3ecbba998944c32c979', 1573281627);
INSERT INTO `address` VALUES (963, 0, '0x25f7c1e5f2b91baa777dc437ed4d2abe65ffb5af', 1573281627);
INSERT INTO `address` VALUES (964, 0, '0x2d2e9d72f191c86332eb367cfddfa651512023c9', 1573281627);
INSERT INTO `address` VALUES (965, 0, '0x2fbd6a4b3ffa5d9cfaed4b662e4258a8f877e06d', 1573281627);
INSERT INTO `address` VALUES (966, 0, '0x770636df88c6977533786665bfee493fe54c127c', 1573281627);
INSERT INTO `address` VALUES (967, 0, '0x4c989de42a3d3272c21135dd1590cdc1ecea38bc', 1573281627);
INSERT INTO `address` VALUES (968, 0, '0x85a6e4e220bc5d8f22dd44be61a57c987ef83398', 1573281627);
INSERT INTO `address` VALUES (969, 0, '0x7559e75c4a5b646b40a5a322451489314ad898d0', 1573281627);
INSERT INTO `address` VALUES (970, 0, '0x6b6c6479555863335fe960eb7a001c78c1c4f1c0', 1573281627);
INSERT INTO `address` VALUES (971, 0, '0x383f1c0767983246565943b0408bcfa660df2cb8', 1573281627);
INSERT INTO `address` VALUES (972, 0, '0x6cf5caf44c41459d90849c2d4b77120478e67461', 1573281627);
INSERT INTO `address` VALUES (973, 0, '0x4c9b5c0774ea29293ad30ff52eea69343a65507f', 1573281627);
INSERT INTO `address` VALUES (974, 0, '0x540c6bf73f41d5beb691571a025cbd03d40961c1', 1573281627);
INSERT INTO `address` VALUES (975, 0, '0xf99074400612f923b1ec84dcbdbda99729efbe4e', 1573281627);
INSERT INTO `address` VALUES (976, 0, '0xffbfda8daa4804f83d3214384ee6281ba822662d', 1573281627);
INSERT INTO `address` VALUES (977, 0, '0x5e2e4ed5c31780325666af7ded88dfb9e08c0799', 1573281627);
INSERT INTO `address` VALUES (978, 0, '0xd30d89b8b0b4fd6f0e341f936ecc18a0588c7c31', 1573281627);
INSERT INTO `address` VALUES (979, 0, '0x8af629385c778d11408b9b17b52e8a0164f3674d', 1573281627);
INSERT INTO `address` VALUES (980, 0, '0xef9bc4f40e3c1e92fd692865cfec1e1e2d60f1de', 1573281627);
INSERT INTO `address` VALUES (981, 0, '0x0597b897068c79f191e7b7928484b5ddecf760eb', 1573281627);
INSERT INTO `address` VALUES (982, 0, '0x827586f63dd6adda552633e596c369632a6c64c6', 1573281627);
INSERT INTO `address` VALUES (983, 0, '0xd0b8ecaae0cab9d928376e5bcdbeafdccab4a750', 1573281627);
INSERT INTO `address` VALUES (984, 0, '0xcaefabbceb3cdcc7e454fb88cd011ca1439455ae', 1573281627);
INSERT INTO `address` VALUES (985, 0, '0x6f31cfcbbf07d6505d6ca9d0c3e4c4ec39ea8f69', 1573281627);
INSERT INTO `address` VALUES (986, 0, '0xb726d88e6e9186c9abb14f1e23360fec6c279a08', 1573281627);
INSERT INTO `address` VALUES (987, 0, '0x206493c7f8740a47e2ef1d22ecea2a979ff6f632', 1573281627);
INSERT INTO `address` VALUES (988, 0, '0xfec8a9aaa20a90b774f67acabc3857d9254df6ab', 1573281627);
INSERT INTO `address` VALUES (989, 0, '0x7a5bd774ef4206411b86231905cc1e9a7cbc51ef', 1573281627);
INSERT INTO `address` VALUES (990, 0, '0x7fd654ebc5a4823517b34eca3fc32b4b4e672185', 1573281627);
INSERT INTO `address` VALUES (991, 0, '0x4dad36ad2be22edb9316137ace9deb9f21091029', 1573281627);
INSERT INTO `address` VALUES (992, 0, '0x2fec9e711873ce9bfdfa8fe18c1f7a90f1550112', 1573281627);
INSERT INTO `address` VALUES (993, 0, '0x9cc81860eb6fd608a503e7e04ba681756fe1a9d6', 1573281627);
INSERT INTO `address` VALUES (994, 0, '0x459c11531fe144de94d64a07f33573784f901a27', 1573281627);
INSERT INTO `address` VALUES (995, 0, '0xd02d916e37a571bdea09a1828ecdc9b002f8a106', 1573281627);
INSERT INTO `address` VALUES (999, 0, '0x62378ff61e8cd21b94c3e8465d61b1c4e2f5bbbe', 1573281627);
INSERT INTO `address` VALUES (1000, 0, '0xda65e83977b7b3f689c70715b30155c24b3a1217', 1573281627);
INSERT INTO `address` VALUES (1001, 0, '0xbcc63dd7312f62bd4d4a2e378231c734003a29a5', 1573281627);
INSERT INTO `address` VALUES (1002, 0, '0x0967e673ab52960d11894aa9317f13f5ad7ad7e5', 1573281627);
INSERT INTO `address` VALUES (1003, 0, '0x19e1da79e3c238edbb63dc0207adb2efcc5ba8da', 1573281627);
INSERT INTO `address` VALUES (1004, 0, '0x37e8d31255caad105e4de817cf947c80dd050977', 1573281627);
INSERT INTO `address` VALUES (1005, 0, '0x05bf16385dd3dc3ebec5c5a81d97980b0fff848c', 1573281627);
INSERT INTO `address` VALUES (1006, 0, '0x528fe06190a4858f6715a146827ceb1ee9b30ddc', 1573281627);
INSERT INTO `address` VALUES (1007, 0, '0x6d381b4ce3440e90e849b1b49e01d8851719c785', 1573281627);
INSERT INTO `address` VALUES (1008, 0, '0xdde0012b098debabf970e0e364fbac7efbfe8082', 1573281627);
INSERT INTO `address` VALUES (1009, 0, '0x81c446828946d48819681c03228022b0cde4f01e', 1573281627);
INSERT INTO `address` VALUES (1010, 0, '0x9e775fb67f2ef79a6eab583e1b904c747801e100', 1573281627);
INSERT INTO `address` VALUES (1011, 0, '0xb93b03816c29f94e72909260b4420f9e1bad79f7', 1573281627);
INSERT INTO `address` VALUES (1012, 0, '0x5b94e884d665060d39f90d0d5d067045a54209bf', 1573281627);
INSERT INTO `address` VALUES (1013, 0, '0x83a029a3182916b95932380f1f32a751e998184f', 1573281627);
INSERT INTO `address` VALUES (1014, 0, '0xc23318b060924ac3ec77f2847cef605253b62486', 1573281627);
INSERT INTO `address` VALUES (1015, 0, '0x860ab455499913f2356dbe6df16c1a68db7c1bdb', 1573281627);
INSERT INTO `address` VALUES (1016, 0, '0xb16d202559c48799e2d9681ab65d53256d18be47', 1573281627);
INSERT INTO `address` VALUES (1017, 0, '0x864674d8ab451ba747d5e7bb78ebf8f986fbf6a4', 1573281627);
INSERT INTO `address` VALUES (1018, 0, '0xa4f0d1a3523936a0ccf5f8cc65b13d357b67f956', 1573281627);
INSERT INTO `address` VALUES (1019, 0, '0xa977ae07983d6d3098ace565474ca8ed803e3dc2', 1573281627);
INSERT INTO `address` VALUES (1020, 0, '0x92865bac8e64ea5b456fb97c7427cbe8e1df1041', 1573281627);
INSERT INTO `address` VALUES (1021, 0, '0x6de00fcd80ad267fc7821fdddd8b3cee6c962370', 1573281627);
INSERT INTO `address` VALUES (1022, 0, '0x3f332ba6335c9b4b1da144c6c81c272b23031f9e', 1573281627);
INSERT INTO `address` VALUES (1023, 0, '0x9e1c25335b80deb1874b5bfa796b77dad9c3693a', 1573281627);
INSERT INTO `address` VALUES (1024, 0, '0x0766f74536bda3e0ee7b10bec85fd507079a42f1', 1573281627);
INSERT INTO `address` VALUES (1025, 0, '0x544eb9c0bddc967049e29950d7bc4ce5adb5ec85', 1573281627);
INSERT INTO `address` VALUES (1026, 0, '0x2222922dc19c41a8bac2524e41a5bdc22d413e93', 1573281627);
INSERT INTO `address` VALUES (1027, 0, '0xa70758018d4ffaaf881941a7fea8052170357ef7', 1573281627);
INSERT INTO `address` VALUES (1028, 0, '0x3c5fe22aa48e620070937daf1418c3c2016cd558', 1573281627);
INSERT INTO `address` VALUES (1029, 0, '0xf3c3653883a46b4250ce8c8c06b3e74135ea6c30', 1573281627);
INSERT INTO `address` VALUES (1030, 0, '0xe327570bd79676492fd4fe7690156306353c434b', 1573281627);
INSERT INTO `address` VALUES (1031, 0, '0xeeb2c6cc0308acb0efdae809bcc97490dcb52346', 1573281627);
INSERT INTO `address` VALUES (1032, 0, '0xc50483c7495bc16a76d472b9e8734b748b46693f', 1573281627);
INSERT INTO `address` VALUES (1033, 0, '0x3a971db8efc58027ca9993ebd74abc992266e6cf', 1573281627);
INSERT INTO `address` VALUES (1034, 0, '0xb3bf9d67da08d079f837caa0a6691706ab3ffff1', 1573281627);
INSERT INTO `address` VALUES (1035, 0, '0x231277dc583ba08999197e298062c77c8c624415', 1573281627);
INSERT INTO `address` VALUES (1036, 0, '0x3ae6da79c29e8bbcf648ab2f08148ddd75597496', 1573281627);
INSERT INTO `address` VALUES (1037, 0, '0x46dfdd9cda48867ad398f7c46438355e1871e8b0', 1573281627);
INSERT INTO `address` VALUES (1038, 0, '0xc6395cddbd0da4c3bfdd00b086a6bd5ef85f62e0', 1573281627);
INSERT INTO `address` VALUES (1039, 0, '0x7613275491cb7bf6231b580bb9024ef212c3ed33', 1573281627);
INSERT INTO `address` VALUES (1040, 0, '0x74773ae16c58c1598a9ff60e72f1eab89be0eae8', 1573281627);
INSERT INTO `address` VALUES (1041, 0, '0x4137f1980d6ec2d7f93aaf68ce80f4f65e7df7e1', 1573281627);
INSERT INTO `address` VALUES (1042, 0, '0x1680c27de02f7b262c460d51adcf231da2d8629a', 1573281627);
INSERT INTO `address` VALUES (1043, 0, '0x8d23e0f8d9661f9ddb87390fd380a583867d58da', 1573281627);
INSERT INTO `address` VALUES (1044, 0, '0x1c9c2838b4824d7c6843c893eedfdb5f47f4b178', 1573281627);
INSERT INTO `address` VALUES (1045, 0, '0x33f48c7b1d098c0e78e62698c51ab8f2db16ee55', 1573281627);
INSERT INTO `address` VALUES (1046, 0, '0x6dd3c338ec363211eacfa780ce4dc645c157d5aa', 1573281627);
INSERT INTO `address` VALUES (1047, 0, '0x1c7dfc253d502f329d2d97ce9963136193893d81', 1573281627);
INSERT INTO `address` VALUES (1048, 0, '0x20191577b221dbe8dc9bccbf7b22ba11e74a13a9', 1573281627);
INSERT INTO `address` VALUES (1049, 0, '0x24e8cd531510d08fec8c2888aec1b1460a3df94d', 1573281627);
INSERT INTO `address` VALUES (1050, 0, '0x0335bd89fa06753a108edc0ef11f906a78a5575d', 1573281627);
INSERT INTO `address` VALUES (1051, 0, '0xdb6f2ab66f60ccdead307cc7e70feff69c33171b', 1573281627);
INSERT INTO `address` VALUES (1052, 0, '0x566bc01015a0d47f938bc5013899fdcd11a1e066', 1573281627);
INSERT INTO `address` VALUES (1053, 0, '0xb570369bde1f760bc9e95ef893060208f405282e', 1573281627);
INSERT INTO `address` VALUES (1054, 0, '0xe4d0a305fea037578a0bca70bc48dd234f7d363d', 1573281627);
INSERT INTO `address` VALUES (1055, 0, '0x2840555e636a2c97c404a25ec1f3825268134ae4', 1573281627);
INSERT INTO `address` VALUES (1056, 0, '0x3672961c20ae862d240d0ce9c28ee8532899a70d', 1573281627);
INSERT INTO `address` VALUES (1057, 0, '0xfd033577e6eca9f59a240663df19020c0c94a5e7', 1573281627);
INSERT INTO `address` VALUES (1058, 0, '0x8580642baed07f987924b00d2e64b2a0761f401c', 1573281627);
INSERT INTO `address` VALUES (1059, 0, '0x2423b52a10838fe2a47d66239d7c7ea23cb76a73', 1573281627);
INSERT INTO `address` VALUES (1060, 0, '0x1120c9dd5e416b29379151c1cffb9b5dfcc1dbeb', 1573281627);
INSERT INTO `address` VALUES (1061, 0, '0xaef0f79dda31ca7de8361edd858fe22bb89a5bd4', 1573281627);
INSERT INTO `address` VALUES (1062, 0, '0xf6079f5298bb154a7306a7848dc5680c6f7d7066', 1573281627);
INSERT INTO `address` VALUES (1063, 0, '0xedf0d0fcc2529265277c69153f4a8433b0f76e07', 1573281627);
INSERT INTO `address` VALUES (1064, 0, '0x8595b81d0e08fa4395eb99b8ba05f2f69357348e', 1573281627);
INSERT INTO `address` VALUES (1065, 0, '0x07a6de7330b42f85a7100ba0ad8a428cee51681c', 1573281627);
INSERT INTO `address` VALUES (1066, 0, '0xd88108dc927d230fa3a95be045e38fdb977df848', 1573281627);
INSERT INTO `address` VALUES (1067, 0, '0xd3836673b7ff6ca765533f341001258fad70f797', 1573281627);
INSERT INTO `address` VALUES (1068, 0, '0xaa49c9068378714804ed5493825ef93034e6e8ae', 1573281627);
INSERT INTO `address` VALUES (1070, 0, '0x2d65f78c8527e3ef08adb1dd9b38fa2123de8934', 1573281627);
INSERT INTO `address` VALUES (1071, 0, '0x4a63f09019280a8a025c67aa54ceccad849b5338', 1573281627);
INSERT INTO `address` VALUES (1072, 0, '0x8eb4b5e43ea526c9152976a710b732bb5b719de7', 1573281627);
INSERT INTO `address` VALUES (1073, 0, '0x81128b39c4f370a7303bf5ddef7e3e8cdb377267', 1573281627);
INSERT INTO `address` VALUES (1076, 0, '0x9d5eeb9693f089ef2c4354003d8442377dc796cd', 1573281627);
INSERT INTO `address` VALUES (1079, 0, '0x4d3f063d798cabae6b542ae48fd98d20778cd690', 1573281627);
INSERT INTO `address` VALUES (1080, 0, '0xfca58de3f999ffcd186e5337124cc125a2e65334', 1573281627);
INSERT INTO `address` VALUES (1081, 0, '0xfbdfb0316182438563ff57d5bd7f482c710baefd', 1573281627);
INSERT INTO `address` VALUES (1082, 0, '0xe8858333dd7182d39f3b5ec04657d6d755db29ae', 1573281627);
INSERT INTO `address` VALUES (1088, 0, '0x9dabccc68b1e8f3a4a4ab07413b9bc6546e2b54b', 1573281627);
INSERT INTO `address` VALUES (1089, 0, '0xc9be994da5371cf839718e86ba514e6d04f5bf14', 1573281627);
INSERT INTO `address` VALUES (1090, 0, '0x0c60e410960cc41a6853f09ad51dd1195e9e6470', 1573281627);
INSERT INTO `address` VALUES (1091, 0, '0x44075e48d6026e684474fe9f7d345f6b2d615d70', 1573281627);
INSERT INTO `address` VALUES (1092, 0, '0xce2a701ff57f8d139094fdf0173625ac11e77862', 1573281627);
INSERT INTO `address` VALUES (1093, 0, '0x38156f6c7c2906098b8e7b1f4b683a86c2b692a8', 1573281627);
INSERT INTO `address` VALUES (1094, 0, '0x05784868e24e3e3e225d00e2b96993380e0dbdca', 1573281627);
INSERT INTO `address` VALUES (1095, 0, '0x2b6825e117153cd5546f552eecb481a79ccde1f1', 1573281627);
INSERT INTO `address` VALUES (1096, 0, '0xd27349bbfe7890545ddd230f066e447f4d6d09f0', 1573281627);
INSERT INTO `address` VALUES (1097, 0, '0x539b92d621a7cce8f33a88d6064b6a042028e3ea', 1573281627);
INSERT INTO `address` VALUES (1098, 0, '0xaec10c017dd393a92b93a33e12fbcdf9639b70eb', 1573281627);
INSERT INTO `address` VALUES (1099, 0, '0xa67f54736602da1fd566985079fd28dfbd1054d9', 1573281627);
INSERT INTO `address` VALUES (1100, 0, '0x358b0c7bd055795a2390e0ae6379147126530976', 1573281627);
INSERT INTO `address` VALUES (1101, 0, '0xbb6f25bfc083d209f68b374fa4842c436f6b78a1', 1573281627);
INSERT INTO `address` VALUES (1102, 0, '0x1f84b7dbe99d0c495acb16d3f8332c5856634699', 1573281627);
INSERT INTO `address` VALUES (1103, 0, '0x6f772a358d2d2491f509baabe8bfcaf46b0b927b', 1573281627);
INSERT INTO `address` VALUES (1104, 0, '0x1315ee30a704e36c616372b724aee50d0515d5c0', 1573281627);
INSERT INTO `address` VALUES (1105, 0, '0x0992ffd108432451c9c2921e7aa29a2df6a3dad0', 1573281627);
INSERT INTO `address` VALUES (1106, 0, '0xc2b52c8dac180589ed0fa51550f855a0e437a993', 1573281627);
INSERT INTO `address` VALUES (1107, 0, '0xf507a747bad3cfb2fe2ec0a8f9ae8a3b64fbf5db', 1573281627);
INSERT INTO `address` VALUES (1108, 0, '0xc2b9d76bb15e66478eb462e5a31984b79d80097f', 1573281627);
INSERT INTO `address` VALUES (1109, 0, '0xd0a944c7c59200e2d2f5ead6ef92034d9e7631fc', 1573281627);
INSERT INTO `address` VALUES (1110, 0, '0x44a3ee8fcce643971a5cbc6c72eb269ddd82a968', 1573281627);

-- ----------------------------
-- Table structure for admin_user
-- ----------------------------
DROP TABLE IF EXISTS `admin_user`;
CREATE TABLE `admin_user`  (
  `id` int(11) UNSIGNED NOT NULL AUTO_INCREMENT COMMENT '主键',
  `username` varchar(100) CHARACTER SET utf8 COLLATE utf8_general_ci NOT NULL COMMENT '管理后台账号',
  `password` varchar(100) CHARACTER SET utf8 COLLATE utf8_general_ci NOT NULL COMMENT '管理后台密码',
  `remark` varchar(100) CHARACTER SET utf8 COLLATE utf8_general_ci NULL DEFAULT NULL COMMENT '用户备注',
  `create_time` int(11) NOT NULL,
  `token` varchar(255) CHARACTER SET utf8 COLLATE utf8_general_ci NULL DEFAULT NULL COMMENT '登录token',
  `realname` varchar(100) CHARACTER SET utf8 COLLATE utf8_general_ci NULL DEFAULT NULL COMMENT '真实姓名',
  `status` tinyint(1) NULL DEFAULT NULL COMMENT '状态,1启用0禁用',
  `avatar` varchar(255) CHARACTER SET utf8 COLLATE utf8_general_ci NULL DEFAULT NULL COMMENT '头像',
  `update_time` int(11) NULL DEFAULT NULL COMMENT '更新时间',
  PRIMARY KEY (`id`) USING BTREE
) ENGINE = InnoDB AUTO_INCREMENT = 15 CHARACTER SET = utf8 COLLATE = utf8_general_ci ROW_FORMAT = Dynamic;

-- ----------------------------
-- Records of admin_user
-- ----------------------------
INSERT INTO `admin_user` VALUES (1, 'admin', '06f08d6d3aec1986c828d780feff068e', '超级管理', 1567828924, 'f5ae01e3379a74532d9ce29219229dfa', 'Superman', 1, NULL, 1568293475);
INSERT INTO `admin_user` VALUES (2, 'gly', '06f08d6d3aec1986c828d780feff068e', '专用', 1567478753, 'bc2cc2ccb2415507f74b739a869d9a26', 'super', 1, NULL, 1567478753);

-- ----------------------------
-- Table structure for attachment
-- ----------------------------
DROP TABLE IF EXISTS `attachment`;
CREATE TABLE `attachment`  (
  `id` int(11) UNSIGNED NOT NULL AUTO_INCREMENT,
  `filename` varchar(255) CHARACTER SET utf8 COLLATE utf8_general_ci NOT NULL,
  `attachment` varchar(255) CHARACTER SET utf8 COLLATE utf8_general_ci NOT NULL,
  `type` tinyint(3) UNSIGNED NOT NULL,
  `create_time` int(10) UNSIGNED NOT NULL,
  PRIMARY KEY (`id`) USING BTREE
) ENGINE = InnoDB AUTO_INCREMENT = 2 CHARACTER SET = utf8 COLLATE = utf8_general_ci ROW_FORMAT = Dynamic;

-- ----------------------------
-- Records of attachment
-- ----------------------------
INSERT INTO `attachment` VALUES (1, 'usdt', '/images/2019/09/02/20190923113840.png', 1, 1572352371);

-- ----------------------------
-- Table structure for bill
-- ----------------------------
DROP TABLE IF EXISTS `bill`;
CREATE TABLE `bill`  (
  `id` int(11) UNSIGNED NOT NULL AUTO_INCREMENT,
  `uid` int(11) UNSIGNED NOT NULL COMMENT '用户id',
  `currency_id` int(11) UNSIGNED NOT NULL COMMENT '币种',
  `money` decimal(10, 3) NOT NULL COMMENT '红包金额',
  `order_no` varchar(50) CHARACTER SET utf8 COLLATE utf8_general_ci NOT NULL COMMENT '订单号',
  `remark` varchar(200) CHARACTER SET utf8 COLLATE utf8_general_ci NOT NULL COMMENT '备注信息',
  `create_time` int(11) NOT NULL COMMENT '创建时间',
  PRIMARY KEY (`id`) USING BTREE
) ENGINE = InnoDB AUTO_INCREMENT = 550 CHARACTER SET = utf8 COLLATE = utf8_general_ci ROW_FORMAT = Dynamic;

-- ----------------------------
-- Records of bill
-- ----------------------------
INSERT INTO `bill` VALUES (1, 74, 1, 1000.000, '0', '后台操作', 1573283106);
INSERT INTO `bill` VALUES (2, 74, 1, -1.410, '2019110983200069445214', '加入财富树消费', 1573283200);
INSERT INTO `bill` VALUES (3, 1, 1, 1.410, '2019110983200069445214', '财富树收益', 1573283200);
INSERT INTO `bill` VALUES (4, 74, 1, -56.340, '2019110983226590459871', '加入财富树消费', 1573283226);
INSERT INTO `bill` VALUES (5, 1, 1, 56.340, '2019110983226590459871', '财富树收益', 1573283226);
INSERT INTO `bill` VALUES (6, 74, 1, -507.060, '2019110983244339248021', '升级财富树消费', 1573283244);
INSERT INTO `bill` VALUES (7, 1, 1, 84.510, '2019110983244339248021', '财富树收益', 1573283244);
INSERT INTO `bill` VALUES (8, 1, 1, 112.680, '2019110983244339248021', '财富树收益', 1573283244);
INSERT INTO `bill` VALUES (9, 1, 1, 140.850, '2019110983244339248021', '财富树收益', 1573283244);
INSERT INTO `bill` VALUES (10, 1, 1, 169.020, '2019110983244339248021', '财富树收益', 1573283244);
INSERT INTO `bill` VALUES (11, 74, 1, -19.740, '2019110983264736225827', '升级财富树消费', 1573283264);
INSERT INTO `bill` VALUES (12, 1, 1, 2.820, '2019110983264736225827', '财富树收益', 1573283265);
INSERT INTO `bill` VALUES (13, 1, 1, 4.230, '2019110983264736225827', '财富树收益', 1573283265);
INSERT INTO `bill` VALUES (14, 1, 1, 5.640, '2019110983264736225827', '财富树收益', 1573283265);
INSERT INTO `bill` VALUES (15, 1, 1, 7.050, '2019110983264736225827', '财富树收益', 1573283265);
INSERT INTO `bill` VALUES (16, 74, 1, -20.000, '', '转账支出', 1573283376);
INSERT INTO `bill` VALUES (17, 75, 1, 20.000, '', '转账收入', 1573283376);
INSERT INTO `bill` VALUES (18, 74, 1, -20.000, '', '转账支出', 1573283502);
INSERT INTO `bill` VALUES (19, 76, 1, 20.000, '', '转账收入', 1573283502);
INSERT INTO `bill` VALUES (20, 76, 1, -1.410, '2019110983567791303920', '加入财富树消费', 1573283567);
INSERT INTO `bill` VALUES (21, 74, 1, 1.410, '2019110983567791303920', '财富树收益', 1573283568);
INSERT INTO `bill` VALUES (22, 75, 1, -1.410, '2019110983599900705687', '加入财富树消费', 1573283599);
INSERT INTO `bill` VALUES (23, 74, 1, 1.410, '2019110983599900705687', '财富树收益', 1573283600);
INSERT INTO `bill` VALUES (24, 74, 1, -20.000, '', '转账支出', 1573283696);
INSERT INTO `bill` VALUES (25, 77, 1, 20.000, '', '转账收入', 1573283696);
INSERT INTO `bill` VALUES (26, 77, 1, -1.410, '2019110984036563401767', '加入财富树消费', 1573284036);
INSERT INTO `bill` VALUES (27, 74, 1, 1.410, '2019110984036563401767', '财富树收益', 1573284036);
INSERT INTO `bill` VALUES (28, 77, 1, -7.050, '2019110984089271629631', '升级财富树消费', 1573284089);
INSERT INTO `bill` VALUES (29, 1, 1, 2.820, '2019110984089271629631', '财富树收益', 1573284089);
INSERT INTO `bill` VALUES (30, 1, 1, 4.230, '2019110984089271629631', '财富树收益', 1573284089);
INSERT INTO `bill` VALUES (31, 74, 1, -359.000, '', '转账支出', 1573284358);
INSERT INTO `bill` VALUES (32, 80, 1, 359.000, '', '转账收入', 1573284358);
INSERT INTO `bill` VALUES (33, 80, 1, -56.340, '2019110984474047873040', '加入财富树消费', 1573284474);
INSERT INTO `bill` VALUES (34, 1, 1, 56.340, '2019110984474047873040', '财富树收益', 1573284474);
INSERT INTO `bill` VALUES (35, 80, 1, -197.190, '2019110984529481428849', '升级财富树消费', 1573284529);
INSERT INTO `bill` VALUES (36, 1, 1, 84.510, '2019110984529481428849', '财富树收益', 1573284529);
INSERT INTO `bill` VALUES (37, 1, 1, 112.680, '2019110984529481428849', '财富树收益', 1573284529);
INSERT INTO `bill` VALUES (38, 80, 1, -100.000, '', '转账支出', 1573296441);
INSERT INTO `bill` VALUES (39, 90, 1, 100.000, '', '转账收入', 1573296441);
INSERT INTO `bill` VALUES (40, 90, 1, -56.340, '2019110996512108254187', '加入财富树消费', 1573296512);
INSERT INTO `bill` VALUES (41, 80, 1, 56.340, '2019110996512108254187', '财富树收益', 1573296512);
INSERT INTO `bill` VALUES (42, 80, 1, -50.000, '', '转账支出', 1573296721);
INSERT INTO `bill` VALUES (43, 90, 1, 50.000, '', '转账收入', 1573296721);
INSERT INTO `bill` VALUES (44, 80, 1, -1.410, '', '转账支出', 1573298421);
INSERT INTO `bill` VALUES (45, 139, 1, 1.410, '', '转账收入', 1573298421);
INSERT INTO `bill` VALUES (46, 139, 1, -1.410, '2019110998461874927718', '加入财富树消费', 1573298461);
INSERT INTO `bill` VALUES (47, 1, 1, 1.410, '2019110998461874927718', '财富树收益', 1573298462);
INSERT INTO `bill` VALUES (48, 90, 1, -56.340, '', '转账支出', 1573298698);
INSERT INTO `bill` VALUES (49, 107, 1, 56.340, '', '转账收入', 1573298698);
INSERT INTO `bill` VALUES (50, 116, 1, 57.800, '', '用户充值', 1573298887);
INSERT INTO `bill` VALUES (51, 107, 1, -56.340, '2019110998930197999644', '加入财富树消费', 1573298930);
INSERT INTO `bill` VALUES (52, 90, 1, 56.340, '2019110998930197999644', '财富树收益', 1573298930);
INSERT INTO `bill` VALUES (53, 124, 1, 56.400, '', '用户充值', 1573298989);
INSERT INTO `bill` VALUES (54, 90, 1, -56.340, '', '转账支出', 1573299098);
INSERT INTO `bill` VALUES (55, 98, 1, 56.340, '', '转账收入', 1573299098);
INSERT INTO `bill` VALUES (56, 124, 1, -56.340, '2019110999159158634424', '加入财富树消费', 1573299159);
INSERT INTO `bill` VALUES (57, 90, 1, 56.340, '2019110999159158634424', '财富树收益', 1573299159);
INSERT INTO `bill` VALUES (58, 98, 1, -56.340, '2019110999226856188878', '加入财富树消费', 1573299226);
INSERT INTO `bill` VALUES (59, 90, 1, 56.340, '2019110999226856188878', '财富树收益', 1573299227);
INSERT INTO `bill` VALUES (60, 116, 1, -56.340, '2019110999232770424946', '加入财富树消费', 1573299232);
INSERT INTO `bill` VALUES (61, 90, 1, 56.340, '2019110999232770424946', '财富树收益', 1573299233);
INSERT INTO `bill` VALUES (62, 102, 1, 57.800, '', '用户充值', 1573299238);
INSERT INTO `bill` VALUES (63, 90, 1, -56.340, '', '转账支出', 1573299281);
INSERT INTO `bill` VALUES (64, 115, 1, 56.340, '', '转账收入', 1573299281);
INSERT INTO `bill` VALUES (65, 115, 1, -56.340, '2019110999330681965251', '加入财富树消费', 1573299330);
INSERT INTO `bill` VALUES (66, 90, 1, 56.340, '2019110999330681965251', '财富树收益', 1573299330);
INSERT INTO `bill` VALUES (67, 102, 1, -56.340, '2019110999431049276086', '加入财富树消费', 1573299431);
INSERT INTO `bill` VALUES (68, 90, 1, 56.340, '2019110999431049276086', '财富树收益', 1573299431);
INSERT INTO `bill` VALUES (69, 90, 1, -56.340, '', '转账支出', 1573299440);
INSERT INTO `bill` VALUES (70, 118, 1, 56.340, '', '转账收入', 1573299440);
INSERT INTO `bill` VALUES (71, 118, 1, -56.340, '2019110999472243208160', '加入财富树消费', 1573299472);
INSERT INTO `bill` VALUES (72, 90, 1, 56.340, '2019110999472243208160', '财富树收益', 1573299472);
INSERT INTO `bill` VALUES (73, 90, 1, -56.340, '', '转账支出', 1573299514);
INSERT INTO `bill` VALUES (74, 116, 1, 56.340, '', '转账收入', 1573299514);
INSERT INTO `bill` VALUES (75, 90, 1, -56.340, '', '转账支出', 1573299555);
INSERT INTO `bill` VALUES (76, 140, 1, 56.340, '', '转账收入', 1573299555);
INSERT INTO `bill` VALUES (77, 140, 1, -56.340, '2019110999636079803362', '加入财富树消费', 1573299636);
INSERT INTO `bill` VALUES (78, 90, 1, 56.340, '2019110999636079803362', '财富树收益', 1573299636);
INSERT INTO `bill` VALUES (79, 90, 1, -56.340, '', '转账支出', 1573299741);
INSERT INTO `bill` VALUES (80, 105, 1, 56.340, '', '转账收入', 1573299741);
INSERT INTO `bill` VALUES (81, 118, 1, 60.000, '', '用户充值', 1573299922);
INSERT INTO `bill` VALUES (82, 105, 1, -56.340, '2019110900375820774586', '加入财富树消费', 1573300375);
INSERT INTO `bill` VALUES (83, 90, 1, 56.340, '2019110900375820774586', '财富树收益', 1573300376);
INSERT INTO `bill` VALUES (84, 90, 1, -56.340, '', '转账支出', 1573300446);
INSERT INTO `bill` VALUES (85, 106, 1, 56.340, '', '转账收入', 1573300446);
INSERT INTO `bill` VALUES (86, 106, 1, -56.340, '2019110900508200236261', '加入财富树消费', 1573300508);
INSERT INTO `bill` VALUES (87, 90, 1, 56.340, '2019110900508200236261', '财富树收益', 1573300508);
INSERT INTO `bill` VALUES (88, 90, 1, -56.340, '', '转账支出', 1573300577);
INSERT INTO `bill` VALUES (89, 142, 1, 56.340, '', '转账收入', 1573300577);
INSERT INTO `bill` VALUES (90, 142, 1, -56.340, '2019110900687365648958', '加入财富树消费', 1573300687);
INSERT INTO `bill` VALUES (91, 90, 1, 56.340, '2019110900687365648958', '财富树收益', 1573300687);
INSERT INTO `bill` VALUES (92, 90, 1, -56.340, '', '转账支出', 1573300754);
INSERT INTO `bill` VALUES (93, 103, 1, 56.340, '', '转账收入', 1573300754);
INSERT INTO `bill` VALUES (94, 103, 1, -56.340, '2019110900840597302339', '加入财富树消费', 1573300840);
INSERT INTO `bill` VALUES (95, 90, 1, 56.340, '2019110900840597302339', '财富树收益', 1573300840);
INSERT INTO `bill` VALUES (96, 90, 1, -56.340, '', '转账支出', 1573300883);
INSERT INTO `bill` VALUES (97, 95, 1, 56.340, '', '转账收入', 1573300883);
INSERT INTO `bill` VALUES (98, 134, 1, 19.000, '', '用户充值', 1573300897);
INSERT INTO `bill` VALUES (99, 95, 1, -56.340, '2019110900905019119601', '加入财富树消费', 1573300905);
INSERT INTO `bill` VALUES (100, 90, 1, 56.340, '2019110900905019119601', '财富树收益', 1573300905);
INSERT INTO `bill` VALUES (101, 90, 1, -56.340, '', '转账支出', 1573300939);
INSERT INTO `bill` VALUES (102, 126, 1, 56.340, '', '转账收入', 1573300939);
INSERT INTO `bill` VALUES (103, 126, 1, -56.340, '2019110900961548701855', '加入财富树消费', 1573300961);
INSERT INTO `bill` VALUES (104, 90, 1, 56.340, '2019110900961548701855', '财富树收益', 1573300961);
INSERT INTO `bill` VALUES (105, 90, 1, -56.340, '', '转账支出', 1573301010);
INSERT INTO `bill` VALUES (106, 101, 1, 56.340, '', '转账收入', 1573301010);
INSERT INTO `bill` VALUES (107, 101, 1, -56.340, '2019110901174995409430', '加入财富树消费', 1573301175);
INSERT INTO `bill` VALUES (108, 90, 1, 56.340, '2019110901174995409430', '财富树收益', 1573301175);
INSERT INTO `bill` VALUES (109, 90, 1, -56.340, '', '转账支出', 1573301204);
INSERT INTO `bill` VALUES (110, 110, 1, 56.340, '', '转账收入', 1573301204);
INSERT INTO `bill` VALUES (111, 90, 1, -56.340, '', '转账支出', 1573301758);
INSERT INTO `bill` VALUES (112, 144, 1, 56.340, '', '转账收入', 1573301758);
INSERT INTO `bill` VALUES (113, 110, 1, -56.340, '2019110901819818798975', '加入财富树消费', 1573301819);
INSERT INTO `bill` VALUES (114, 90, 1, 56.340, '2019110901819818798975', '财富树收益', 1573301820);
INSERT INTO `bill` VALUES (115, 144, 1, -56.340, '2019110901847421305759', '加入财富树消费', 1573301847);
INSERT INTO `bill` VALUES (116, 90, 1, 56.340, '2019110901847421305759', '财富树收益', 1573301847);
INSERT INTO `bill` VALUES (117, 90, 1, -56.340, '', '转账支出', 1573301904);
INSERT INTO `bill` VALUES (118, 147, 1, 56.340, '', '转账收入', 1573301904);
INSERT INTO `bill` VALUES (119, 147, 1, -56.340, '2019110901948511395291', '加入财富树消费', 1573301948);
INSERT INTO `bill` VALUES (120, 90, 1, 56.340, '2019110901948511395291', '财富树收益', 1573301948);
INSERT INTO `bill` VALUES (121, 90, 1, -56.340, '', '转账支出', 1573301991);
INSERT INTO `bill` VALUES (122, 146, 1, 56.340, '', '转账收入', 1573301991);
INSERT INTO `bill` VALUES (123, 90, 1, -56.340, '', '转账支出', 1573302062);
INSERT INTO `bill` VALUES (124, 120, 1, 56.340, '', '转账收入', 1573302062);
INSERT INTO `bill` VALUES (125, 146, 1, -56.340, '2019110902068515697606', '加入财富树消费', 1573302068);
INSERT INTO `bill` VALUES (126, 90, 1, 56.340, '2019110902068515697606', '财富树收益', 1573302068);
INSERT INTO `bill` VALUES (127, 90, 1, -56.340, '', '转账支出', 1573302381);
INSERT INTO `bill` VALUES (128, 147, 1, 56.340, '', '转账收入', 1573302381);
INSERT INTO `bill` VALUES (129, 120, 1, -56.340, '2019110903188868957174', '加入财富树消费', 1573303188);
INSERT INTO `bill` VALUES (130, 90, 1, 56.340, '2019110903188868957174', '财富树收益', 1573303189);
INSERT INTO `bill` VALUES (131, 145, 1, 1.000, '', '用户充值', 1573303371);
INSERT INTO `bill` VALUES (132, 145, 1, 13.000, '', '用户充值', 1573303752);
INSERT INTO `bill` VALUES (133, 90, 1, -56.340, '', '转账支出', 1573303843);
INSERT INTO `bill` VALUES (134, 155, 1, 56.340, '', '转账收入', 1573303843);
INSERT INTO `bill` VALUES (135, 155, 1, -56.340, '2019110903989309818113', '加入财富树消费', 1573303989);
INSERT INTO `bill` VALUES (136, 103, 1, 56.340, '2019110903989309818113', '财富树收益', 1573303989);
INSERT INTO `bill` VALUES (137, 80, 1, -5.000, '', '转账支出', 1573304084);
INSERT INTO `bill` VALUES (138, 78, 1, 5.000, '', '转账收入', 1573304084);
INSERT INTO `bill` VALUES (139, 78, 1, -1.410, '2019110904139314841185', '加入财富树消费', 1573304139);
INSERT INTO `bill` VALUES (140, 74, 1, 1.410, '2019110904139314841185', '财富树收益', 1573304139);
INSERT INTO `bill` VALUES (141, 78, 1, -2.820, '2019110904176129646635', '升级财富树消费', 1573304176);
INSERT INTO `bill` VALUES (142, 74, 1, 2.820, '2019110904176129646635', '财富树收益', 1573304176);
INSERT INTO `bill` VALUES (143, 80, 1, 5000.000, '0', '后台操作', 1573304688);
INSERT INTO `bill` VALUES (144, 103, 1, -56.340, '', '转账支出', 1573304864);
INSERT INTO `bill` VALUES (145, 90, 1, 56.340, '', '转账收入', 1573304864);
INSERT INTO `bill` VALUES (146, 80, 1, -140.850, '2019110905520608297718', '升级财富树消费', 1573305520);
INSERT INTO `bill` VALUES (147, 1, 1, 140.850, '2019110905520608297718', '财富树收益', 1573305520);
INSERT INTO `bill` VALUES (148, 80, 1, -169.020, '2019110905533347067627', '升级财富树消费', 1573305533);
INSERT INTO `bill` VALUES (149, 1, 1, 169.020, '2019110905533347067627', '财富树收益', 1573305533);
INSERT INTO `bill` VALUES (150, 80, 1, -1000.000, '', '转账支出', 1573305854);
INSERT INTO `bill` VALUES (151, 84, 1, 1000.000, '', '转账收入', 1573305854);
INSERT INTO `bill` VALUES (152, 84, 1, -56.340, '2019110905874132081973', '加入财富树消费', 1573305874);
INSERT INTO `bill` VALUES (153, 1, 1, 56.340, '2019110905874132081973', '财富树收益', 1573305874);
INSERT INTO `bill` VALUES (154, 80, 1, -1000.000, '', '转账支出', 1573305907);
INSERT INTO `bill` VALUES (155, 79, 1, 1000.000, '', '转账收入', 1573305907);
INSERT INTO `bill` VALUES (156, 79, 1, -56.340, '2019110905939774759829', '加入财富树消费', 1573305939);
INSERT INTO `bill` VALUES (157, 1, 1, 56.340, '2019110905939774759829', '财富树收益', 1573305940);
INSERT INTO `bill` VALUES (158, 84, 1, -197.190, '2019110905952411565158', '升级财富树消费', 1573305952);
INSERT INTO `bill` VALUES (159, 1, 1, 84.510, '2019110905952411565158', '财富树收益', 1573305952);
INSERT INTO `bill` VALUES (160, 1, 1, 112.680, '2019110905952411565158', '财富树收益', 1573305952);
INSERT INTO `bill` VALUES (161, 79, 1, -84.510, '2019110905959697335188', '升级财富树消费', 1573305959);
INSERT INTO `bill` VALUES (162, 1, 1, 84.510, '2019110905959697335188', '财富树收益', 1573305959);
INSERT INTO `bill` VALUES (163, 79, 1, -112.680, '2019110905973369901577', '升级财富树消费', 1573305973);
INSERT INTO `bill` VALUES (164, 1, 1, 112.680, '2019110905973369901577', '财富树收益', 1573305973);
INSERT INTO `bill` VALUES (165, 84, 1, -140.850, '2019110905975651111691', '升级财富树消费', 1573305975);
INSERT INTO `bill` VALUES (166, 1, 1, 140.850, '2019110905975651111691', '财富树收益', 1573305975);
INSERT INTO `bill` VALUES (167, 76, 1, -12.690, '2019110906246204067128', '升级财富树消费', 1573306246);
INSERT INTO `bill` VALUES (168, 1, 1, 2.820, '2019110906246204067128', '财富树收益', 1573306246);
INSERT INTO `bill` VALUES (169, 1, 1, 4.230, '2019110906246204067128', '财富树收益', 1573306246);
INSERT INTO `bill` VALUES (170, 1, 1, 5.640, '2019110906246204067128', '财富树收益', 1573306246);
INSERT INTO `bill` VALUES (171, 84, 1, -100.000, '', '转账支出', 1573307022);
INSERT INTO `bill` VALUES (172, 78, 1, 100.000, '', '转账收入', 1573307022);
INSERT INTO `bill` VALUES (173, 78, 1, -4.230, '2019110907119210743487', '升级财富树消费', 1573307119);
INSERT INTO `bill` VALUES (174, 1, 1, 4.230, '2019110907119210743487', '财富树收益', 1573307119);
INSERT INTO `bill` VALUES (175, 84, 1, -253.530, '', '转账支出', 1573307930);
INSERT INTO `bill` VALUES (176, 89, 1, 253.530, '', '转账收入', 1573307930);
INSERT INTO `bill` VALUES (177, 145, 1, 0.100, '', '用户充值', 1573307930);
INSERT INTO `bill` VALUES (178, 89, 1, -56.340, '2019110908120813208707', '加入财富树消费', 1573308120);
INSERT INTO `bill` VALUES (179, 84, 1, 56.340, '2019110908120813208707', '财富树收益', 1573308121);
INSERT INTO `bill` VALUES (180, 89, 1, -197.190, '2019110908139022948518', '升级财富树消费', 1573308139);
INSERT INTO `bill` VALUES (181, 1, 1, 84.510, '2019110908139022948518', '财富树收益', 1573308139);
INSERT INTO `bill` VALUES (182, 1, 1, 112.680, '2019110908139022948518', '财富树收益', 1573308139);
INSERT INTO `bill` VALUES (183, 79, 1, -253.530, '', '转账支出', 1573315014);
INSERT INTO `bill` VALUES (184, 161, 1, 253.530, '', '转账收入', 1573315014);
INSERT INTO `bill` VALUES (185, 79, 1, -253.530, '', '转账支出', 1573315031);
INSERT INTO `bill` VALUES (186, 162, 1, 253.530, '', '转账收入', 1573315031);
INSERT INTO `bill` VALUES (187, 161, 1, -56.340, '2019111015349485937964', '加入财富树消费', 1573315349);
INSERT INTO `bill` VALUES (188, 84, 1, 56.340, '2019111015349485937964', '财富树收益', 1573315349);
INSERT INTO `bill` VALUES (189, 161, 1, -84.510, '2019111015365914312300', '升级财富树消费', 1573315365);
INSERT INTO `bill` VALUES (190, 1, 1, 84.510, '2019111015365914312300', '财富树收益', 1573315366);
INSERT INTO `bill` VALUES (191, 161, 1, -112.680, '2019111015369449062378', '升级财富树消费', 1573315369);
INSERT INTO `bill` VALUES (192, 1, 1, 112.680, '2019111015369449062378', '财富树收益', 1573315369);
INSERT INTO `bill` VALUES (193, 162, 1, -56.340, '2019111015638843281714', '加入财富树消费', 1573315638);
INSERT INTO `bill` VALUES (194, 84, 1, 56.340, '2019111015638843281714', '财富树收益', 1573315639);
INSERT INTO `bill` VALUES (195, 162, 1, -197.190, '2019111015658588009523', '升级财富树消费', 1573315658);
INSERT INTO `bill` VALUES (196, 1, 1, 84.510, '2019111015658588009523', '财富树收益', 1573315658);
INSERT INTO `bill` VALUES (197, 1, 1, 112.680, '2019111015658588009523', '财富树收益', 1573315658);
INSERT INTO `bill` VALUES (198, 78, 1, -20.000, '', '转账支出', 1573347048);
INSERT INTO `bill` VALUES (199, 161, 1, 20.000, '', '转账收入', 1573347048);
INSERT INTO `bill` VALUES (200, 84, 1, -233.530, '', '转账支出', 1573347201);
INSERT INTO `bill` VALUES (201, 161, 1, 233.530, '', '转账收入', 1573347201);
INSERT INTO `bill` VALUES (202, 78, 1, -70.000, '', '转账支出', 1573347395);
INSERT INTO `bill` VALUES (203, 84, 1, 70.000, '', '转账收入', 1573347395);
INSERT INTO `bill` VALUES (204, 84, 1, -253.530, '', '转账支出', 1573347479);
INSERT INTO `bill` VALUES (205, 162, 1, 253.530, '', '转账收入', 1573347479);
INSERT INTO `bill` VALUES (206, 160, 1, 62.176, '', '用户充值', 1573348878);
INSERT INTO `bill` VALUES (207, 160, 1, -56.340, '2019111048935640408016', '加入财富树消费', 1573348935);
INSERT INTO `bill` VALUES (208, 90, 1, 56.340, '2019111048935640408016', '财富树收益', 1573348935);
INSERT INTO `bill` VALUES (209, 90, 1, -56.340, '', '转账支出', 1573349874);
INSERT INTO `bill` VALUES (210, 160, 1, 56.340, '', '转账收入', 1573349874);
INSERT INTO `bill` VALUES (211, 90, 1, -56.340, '', '转账支出', 1573350154);
INSERT INTO `bill` VALUES (212, 124, 1, 56.340, '', '转账收入', 1573350154);
INSERT INTO `bill` VALUES (213, 90, 1, -56.340, '', '转账支出', 1573350328);
INSERT INTO `bill` VALUES (214, 102, 1, 56.340, '', '转账收入', 1573350328);
INSERT INTO `bill` VALUES (215, 104, 1, 56.820, '', '用户充值', 1573351037);
INSERT INTO `bill` VALUES (216, 104, 1, -56.340, '2019111051263462636285', '加入财富树消费', 1573351263);
INSERT INTO `bill` VALUES (217, 90, 1, 56.340, '2019111051263462636285', '财富树收益', 1573351263);
INSERT INTO `bill` VALUES (218, 90, 1, -56.340, '', '转账支出', 1573351422);
INSERT INTO `bill` VALUES (219, 104, 1, 56.340, '', '转账收入', 1573351422);
INSERT INTO `bill` VALUES (220, 159, 1, 56.340, '', '用户充值', 1573351658);
INSERT INTO `bill` VALUES (221, 159, 1, -56.340, '2019111051746334692185', '加入财富树消费', 1573351746);
INSERT INTO `bill` VALUES (222, 90, 1, 56.340, '2019111051746334692185', '财富树收益', 1573351746);
INSERT INTO `bill` VALUES (223, 90, 1, -56.340, '', '转账支出', 1573351987);
INSERT INTO `bill` VALUES (224, 159, 1, 56.340, '', '转账收入', 1573351987);
INSERT INTO `bill` VALUES (225, 104, 1, -56.820, 'WTC2019111053213422686677', '用户提现', 1573353213);
INSERT INTO `bill` VALUES (226, 80, 1, -50.000, '', '转账支出', 1573354032);
INSERT INTO `bill` VALUES (227, 90, 1, 50.000, '', '转账收入', 1573354032);
INSERT INTO `bill` VALUES (228, 90, 1, -84.510, '2019111054094866684614', '升级财富树消费', 1573354094);
INSERT INTO `bill` VALUES (229, 1, 1, 84.510, '2019111054094866684614', '财富树收益', 1573354095);
INSERT INTO `bill` VALUES (230, 80, 1, -113.000, '', '转账支出', 1573354165);
INSERT INTO `bill` VALUES (231, 90, 1, 113.000, '', '转账收入', 1573354165);
INSERT INTO `bill` VALUES (232, 90, 1, -112.680, '2019111054197631184569', '升级财富树消费', 1573354197);
INSERT INTO `bill` VALUES (233, 1, 1, 112.680, '2019111054197631184569', '财富树收益', 1573354197);
INSERT INTO `bill` VALUES (234, 80, 1, -113.000, '', '转账支出', 1573354639);
INSERT INTO `bill` VALUES (235, 90, 1, 113.000, '', '转账收入', 1573354639);
INSERT INTO `bill` VALUES (236, 90, 1, -56.340, '', '转账支出', 1573354703);
INSERT INTO `bill` VALUES (237, 97, 1, 56.340, '', '转账收入', 1573354703);
INSERT INTO `bill` VALUES (238, 97, 1, -56.340, '2019111054873188976221', '加入财富树消费', 1573354873);
INSERT INTO `bill` VALUES (239, 90, 1, 56.340, '2019111054873188976221', '财富树收益', 1573354873);
INSERT INTO `bill` VALUES (240, 90, 1, -56.340, '', '转账支出', 1573355077);
INSERT INTO `bill` VALUES (241, 100, 1, 56.340, '', '转账收入', 1573355077);
INSERT INTO `bill` VALUES (242, 100, 1, -56.340, '2019111055318803421949', '加入财富树消费', 1573355318);
INSERT INTO `bill` VALUES (243, 90, 1, 56.340, '2019111055318803421949', '财富树收益', 1573355318);
INSERT INTO `bill` VALUES (244, 90, 1, -56.340, '', '转账支出', 1573356491);
INSERT INTO `bill` VALUES (245, 152, 1, 56.340, '', '转账收入', 1573356491);
INSERT INTO `bill` VALUES (246, 89, 1, 1.940, '', '用户充值', 1573356638);
INSERT INTO `bill` VALUES (247, 152, 1, -56.340, '2019111056651965271952', '加入财富树消费', 1573356652);
INSERT INTO `bill` VALUES (248, 90, 1, 56.340, '2019111056651965271952', '财富树收益', 1573356652);
INSERT INTO `bill` VALUES (249, 89, 1, 3.900, '', '用户充值', 1573360747);
INSERT INTO `bill` VALUES (250, 80, 1, 5000.000, '0', '后台操作', 1573360906);
INSERT INTO `bill` VALUES (251, 80, 1, -3000.000, '', '转账支出', 1573362502);
INSERT INTO `bill` VALUES (252, 79, 1, 3000.000, '', '转账收入', 1573362502);
INSERT INTO `bill` VALUES (253, 90, 1, -56.340, '', '转账支出', 1573363273);
INSERT INTO `bill` VALUES (254, 92, 1, 56.340, '', '转账收入', 1573363273);
INSERT INTO `bill` VALUES (255, 92, 1, -56.340, '2019111063458444183079', '加入财富树消费', 1573363458);
INSERT INTO `bill` VALUES (256, 90, 1, 56.340, '2019111063458444183079', '财富树收益', 1573363458);
INSERT INTO `bill` VALUES (257, 79, 1, -253.530, '', '转账支出', 1573363683);
INSERT INTO `bill` VALUES (258, 163, 1, 253.530, '', '转账收入', 1573363683);
INSERT INTO `bill` VALUES (259, 163, 1, -56.340, '2019111063724846299516', '加入财富树消费', 1573363724);
INSERT INTO `bill` VALUES (260, 79, 1, 56.340, '2019111063724846299516', '财富树收益', 1573363725);
INSERT INTO `bill` VALUES (261, 80, 1, -1000.000, '', '转账支出', 1573369555);
INSERT INTO `bill` VALUES (262, 81, 1, 1000.000, '', '转账收入', 1573369555);
INSERT INTO `bill` VALUES (263, 79, 1, -150.000, '', '转账支出', 1573372034);
INSERT INTO `bill` VALUES (264, 165, 1, 150.000, '', '转账收入', 1573372034);
INSERT INTO `bill` VALUES (265, 79, 1, -150.000, '', '转账支出', 1573372044);
INSERT INTO `bill` VALUES (266, 164, 1, 150.000, '', '转账收入', 1573372044);
INSERT INTO `bill` VALUES (267, 164, 1, -56.340, '2019111072293542772551', '加入财富树消费', 1573372293);
INSERT INTO `bill` VALUES (268, 79, 1, 56.340, '2019111072293542772551', '财富树收益', 1573372293);
INSERT INTO `bill` VALUES (269, 164, 1, -84.510, '2019111072321792435960', '升级财富树消费', 1573372321);
INSERT INTO `bill` VALUES (270, 74, 1, 84.510, '2019111072321792435960', '财富树收益', 1573372321);
INSERT INTO `bill` VALUES (271, 165, 1, -56.340, '2019111072385262327959', '加入财富树消费', 1573372385);
INSERT INTO `bill` VALUES (272, 79, 1, 56.340, '2019111072385262327959', '财富树收益', 1573372385);
INSERT INTO `bill` VALUES (273, 81, 1, -56.340, '2019111072482198789289', '加入财富树消费', 1573372482);
INSERT INTO `bill` VALUES (274, 80, 1, 56.340, '2019111072482198789289', '财富树收益', 1573372482);
INSERT INTO `bill` VALUES (275, 81, 1, -84.510, '2019111072516596764321', '升级财富树消费', 1573372516);
INSERT INTO `bill` VALUES (276, 1, 1, 84.510, '2019111072516596764321', '财富树收益', 1573372516);
INSERT INTO `bill` VALUES (277, 81, 1, -112.680, '2019111072522579479724', '升级财富树消费', 1573372522);
INSERT INTO `bill` VALUES (278, 1, 1, 112.680, '2019111072522579479724', '财富树收益', 1573372522);
INSERT INTO `bill` VALUES (279, 79, 1, -309.870, '2019111072616366741084', '升级财富树消费', 1573372616);
INSERT INTO `bill` VALUES (280, 1, 1, 140.850, '2019111072616366741084', '财富树收益', 1573372616);
INSERT INTO `bill` VALUES (281, 1, 1, 169.020, '2019111072616366741084', '财富树收益', 1573372616);
INSERT INTO `bill` VALUES (282, 145, 1, 0.100, '', '用户充值', 1573372853);
INSERT INTO `bill` VALUES (283, 79, 1, -150.000, '', '转账支出', 1573372990);
INSERT INTO `bill` VALUES (284, 167, 1, 150.000, '', '转账收入', 1573372990);
INSERT INTO `bill` VALUES (285, 79, 1, -150.000, '', '转账支出', 1573373011);
INSERT INTO `bill` VALUES (286, 168, 1, 150.000, '', '转账收入', 1573373011);
INSERT INTO `bill` VALUES (287, 167, 1, -56.340, '2019111073095724658099', '加入财富树消费', 1573373095);
INSERT INTO `bill` VALUES (288, 79, 1, 56.340, '2019111073095724658099', '财富树收益', 1573373095);
INSERT INTO `bill` VALUES (289, 168, 1, -56.340, '2019111073149258924159', '加入财富树消费', 1573373149);
INSERT INTO `bill` VALUES (290, 79, 1, 56.340, '2019111073149258924159', '财富树收益', 1573373149);
INSERT INTO `bill` VALUES (291, 145, 1, 0.100, '', '用户充值', 1573374448);
INSERT INTO `bill` VALUES (292, 145, 1, 6.010, '', '用户充值', 1573375737);
INSERT INTO `bill` VALUES (293, 161, 1, -140.850, '2019111075759235914111', '升级财富树消费', 1573375759);
INSERT INTO `bill` VALUES (294, 1, 1, 140.850, '2019111075759235914111', '财富树收益', 1573375759);
INSERT INTO `bill` VALUES (295, 161, 1, -57.000, '', '转账支出', 1573376735);
INSERT INTO `bill` VALUES (296, 166, 1, 57.000, '', '转账收入', 1573376735);
INSERT INTO `bill` VALUES (297, 166, 1, -56.340, '2019111077234451099673', '加入财富树消费', 1573377234);
INSERT INTO `bill` VALUES (298, 161, 1, 56.340, '2019111077234451099673', '财富树收益', 1573377234);
INSERT INTO `bill` VALUES (299, 80, 1, -1000.000, '', '转账支出', 1573384183);
INSERT INTO `bill` VALUES (300, 162, 1, 1000.000, '', '转账收入', 1573384183);
INSERT INTO `bill` VALUES (301, 162, 1, -56.340, '', '转账支出', 1573384327);
INSERT INTO `bill` VALUES (302, 175, 1, 56.340, '', '转账收入', 1573384327);
INSERT INTO `bill` VALUES (303, 175, 1, -56.340, '2019111084350750939435', '加入财富树消费', 1573384350);
INSERT INTO `bill` VALUES (304, 162, 1, 56.340, '2019111084350750939435', '财富树收益', 1573384350);
INSERT INTO `bill` VALUES (305, 162, 1, -56.340, '', '转账支出', 1573385032);
INSERT INTO `bill` VALUES (306, 176, 1, 56.340, '', '转账收入', 1573385032);
INSERT INTO `bill` VALUES (307, 176, 1, -56.340, '2019111085077190284741', '加入财富树消费', 1573385077);
INSERT INTO `bill` VALUES (308, 175, 1, 56.340, '2019111085077190284741', '财富树收益', 1573385077);
INSERT INTO `bill` VALUES (309, 175, 1, -56.340, '', '转账支出', 1573385276);
INSERT INTO `bill` VALUES (310, 162, 1, 56.340, '', '转账收入', 1573385276);
INSERT INTO `bill` VALUES (311, 80, 1, -56.340, '', '转账支出', 1573387082);
INSERT INTO `bill` VALUES (312, 177, 1, 56.340, '', '转账收入', 1573387082);
INSERT INTO `bill` VALUES (313, 177, 1, -56.340, '2019111087149208796140', '加入财富树消费', 1573387149);
INSERT INTO `bill` VALUES (314, 176, 1, 56.340, '2019111087149208796140', '财富树收益', 1573387149);
INSERT INTO `bill` VALUES (315, 162, 1, -140.850, '2019111087767049863919', '升级财富树消费', 1573387767);
INSERT INTO `bill` VALUES (316, 1, 1, 140.850, '2019111087767049863919', '财富树收益', 1573387767);
INSERT INTO `bill` VALUES (317, 162, 1, -169.020, '2019111087796473308726', '升级财富树消费', 1573387796);
INSERT INTO `bill` VALUES (318, 1, 1, 169.020, '2019111087796473308726', '财富树收益', 1573387796);
INSERT INTO `bill` VALUES (319, 176, 1, -56.340, '', '转账支出', 1573389641);
INSERT INTO `bill` VALUES (320, 178, 1, 56.340, '', '转账收入', 1573389641);
INSERT INTO `bill` VALUES (321, 178, 1, -56.340, '2019111089673594928260', '加入财富树消费', 1573389673);
INSERT INTO `bill` VALUES (322, 176, 1, 56.340, '2019111089673594928260', '财富树收益', 1573389673);
INSERT INTO `bill` VALUES (323, 161, 1, -57.000, '', '转账支出', 1573390611);
INSERT INTO `bill` VALUES (324, 179, 1, 57.000, '', '转账收入', 1573390611);
INSERT INTO `bill` VALUES (325, 179, 1, -56.340, '2019111090736123943616', '加入财富树消费', 1573390736);
INSERT INTO `bill` VALUES (326, 161, 1, 56.340, '2019111090736123943616', '财富树收益', 1573390736);
INSERT INTO `bill` VALUES (327, 176, 1, -56.340, '', '转账支出', 1573390763);
INSERT INTO `bill` VALUES (328, 162, 1, 56.340, '', '转账收入', 1573390763);
INSERT INTO `bill` VALUES (329, 162, 1, -56.340, '', '转账支出', 1573393498);
INSERT INTO `bill` VALUES (330, 180, 1, 56.340, '', '转账收入', 1573393498);
INSERT INTO `bill` VALUES (331, 180, 1, -56.340, '2019111093511214499781', '加入财富树消费', 1573393511);
INSERT INTO `bill` VALUES (332, 177, 1, 56.340, '2019111093511214499781', '财富树收益', 1573393511);
INSERT INTO `bill` VALUES (333, 118, 1, -60.000, 'WTC2019111094802798714150', '用户提现', 1573394802);
INSERT INTO `bill` VALUES (334, 160, 1, -60.000, '', '转账支出', 1573394821);
INSERT INTO `bill` VALUES (335, 183, 1, 60.000, '', '转账收入', 1573394821);
INSERT INTO `bill` VALUES (336, 183, 1, -56.340, '2019111094841516929613', '加入财富树消费', 1573394841);
INSERT INTO `bill` VALUES (337, 160, 1, 56.340, '2019111094841516929613', '财富树收益', 1573394841);
INSERT INTO `bill` VALUES (338, 177, 1, -56.340, '', '转账支出', 1573398410);
INSERT INTO `bill` VALUES (339, 187, 1, 56.340, '', '转账收入', 1573398410);
INSERT INTO `bill` VALUES (340, 187, 1, -56.340, '2019111098477479988407', '加入财富树消费', 1573398477);
INSERT INTO `bill` VALUES (341, 177, 1, 56.340, '2019111098477479988407', '财富树收益', 1573398477);
INSERT INTO `bill` VALUES (342, 161, 1, -56.500, '', '转账支出', 1573400001);
INSERT INTO `bill` VALUES (343, 188, 1, 56.500, '', '转账收入', 1573400001);
INSERT INTO `bill` VALUES (344, 188, 1, -56.340, '2019111000126474876696', '加入财富树消费', 1573400126);
INSERT INTO `bill` VALUES (345, 166, 1, 56.340, '2019111000126474876696', '财富树收益', 1573400126);
INSERT INTO `bill` VALUES (346, 166, 1, -57.000, '', '转账支出', 1573400227);
INSERT INTO `bill` VALUES (347, 161, 1, 57.000, '', '转账收入', 1573400227);
INSERT INTO `bill` VALUES (348, 162, 1, -253.530, '', '转账支出', 1573408346);
INSERT INTO `bill` VALUES (349, 189, 1, 253.530, '', '转账收入', 1573408346);
INSERT INTO `bill` VALUES (350, 189, 1, -56.340, '2019111108402433934477', '加入财富树消费', 1573408402);
INSERT INTO `bill` VALUES (351, 162, 1, 56.340, '2019111108402433934477', '财富树收益', 1573408402);
INSERT INTO `bill` VALUES (352, 189, 1, -84.510, '2019111108428402815454', '升级财富树消费', 1573408428);
INSERT INTO `bill` VALUES (353, 84, 1, 84.510, '2019111108428402815454', '财富树收益', 1573408428);
INSERT INTO `bill` VALUES (354, 189, 1, -112.680, '2019111108432366531804', '升级财富树消费', 1573408432);
INSERT INTO `bill` VALUES (355, 1, 1, 112.680, '2019111108432366531804', '财富树收益', 1573408432);
INSERT INTO `bill` VALUES (356, 160, 1, -57.000, '', '转账支出', 1573429762);
INSERT INTO `bill` VALUES (357, 191, 1, 57.000, '', '转账收入', 1573429762);
INSERT INTO `bill` VALUES (358, 191, 1, -56.340, '2019111129774372487183', '加入财富树消费', 1573429774);
INSERT INTO `bill` VALUES (359, 160, 1, 56.340, '2019111129774372487183', '财富树收益', 1573429774);
INSERT INTO `bill` VALUES (360, 89, 1, 3.900, '', '用户充值', 1573434773);
INSERT INTO `bill` VALUES (361, 89, 1, 3.900, '', '用户充值', 1573435138);
INSERT INTO `bill` VALUES (362, 89, 1, -10.000, 'WTC2019111135193140325621', '用户提现', 1573435193);
INSERT INTO `bill` VALUES (363, 79, 1, -60.000, '', '转账支出', 1573439309);
INSERT INTO `bill` VALUES (364, 169, 1, 60.000, '', '转账收入', 1573439309);
INSERT INTO `bill` VALUES (365, 115, 1, 83.240, '', '用户充值', 1573441407);
INSERT INTO `bill` VALUES (366, 115, 1, 3.212, '', '用户充值', 1573441631);
INSERT INTO `bill` VALUES (367, 115, 1, -84.510, '2019111141828250791214', '升级财富树消费', 1573441828);
INSERT INTO `bill` VALUES (368, 90, 1, 84.510, '2019111141828250791214', '财富树收益', 1573441828);
INSERT INTO `bill` VALUES (369, 197, 1, 300.000, '0', '后台操作', 1573444427);
INSERT INTO `bill` VALUES (370, 104, 1, 56.820, 'WTC2019111053213422686677', '提现退款返还', 1573444857);
INSERT INTO `bill` VALUES (371, 118, 1, 60.000, 'WTC2019111094802798714150', '提现退款返还', 1573444857);
INSERT INTO `bill` VALUES (372, 89, 1, 10.000, 'WTC2019111135193140325621', '提现退款返还', 1573444858);
INSERT INTO `bill` VALUES (373, 90, 1, -30.000, '', '转账支出', 1573445735);
INSERT INTO `bill` VALUES (374, 118, 1, 30.000, '', '转账收入', 1573445735);
INSERT INTO `bill` VALUES (375, 118, 1, -84.510, '2019111145847449912023', '升级财富树消费', 1573445847);
INSERT INTO `bill` VALUES (376, 90, 1, 84.510, '2019111145847449912023', '财富树收益', 1573445847);
INSERT INTO `bill` VALUES (377, 90, 1, -84.510, '', '转账支出', 1573446845);
INSERT INTO `bill` VALUES (378, 140, 1, 84.510, '', '转账收入', 1573446845);
INSERT INTO `bill` VALUES (379, 140, 1, -84.510, '2019111146862371418486', '升级财富树消费', 1573446862);
INSERT INTO `bill` VALUES (380, 90, 1, 84.510, '2019111146862371418486', '财富树收益', 1573446862);
INSERT INTO `bill` VALUES (381, 102, 1, 27.000, '', '用户充值', 1573447887);
INSERT INTO `bill` VALUES (382, 102, 1, -84.510, '2019111148368697686906', '升级财富树消费', 1573448368);
INSERT INTO `bill` VALUES (383, 90, 1, 84.510, '2019111148368697686906', '财富树收益', 1573448368);
INSERT INTO `bill` VALUES (384, 124, 1, 111.320, '', '用户充值', 1573449087);
INSERT INTO `bill` VALUES (385, 145, 1, 1.808, '', '用户充值', 1573449093);
INSERT INTO `bill` VALUES (386, 124, 1, -84.510, '2019111149113614662104', '升级财富树消费', 1573449113);
INSERT INTO `bill` VALUES (387, 80, 1, 84.510, '2019111149113614662104', '财富树收益', 1573449113);
INSERT INTO `bill` VALUES (388, 100, 1, 54.920, '0', '后台操作', 1573450397);
INSERT INTO `bill` VALUES (389, 124, 1, 29.000, '', '用户充值', 1573450762);
INSERT INTO `bill` VALUES (390, 160, 1, -57.000, '', '转账支出', 1573451484);
INSERT INTO `bill` VALUES (391, 193, 1, 57.000, '', '转账收入', 1573451484);
INSERT INTO `bill` VALUES (392, 169, 1, -56.340, '2019111151962447905205', '加入财富树消费', 1573451962);
INSERT INTO `bill` VALUES (393, 79, 1, 56.340, '2019111151962447905205', '财富树收益', 1573451962);
INSERT INTO `bill` VALUES (394, 124, 1, 1.808, '', '用户充值', 1573452156);
INSERT INTO `bill` VALUES (395, 124, 1, -112.680, '2019111152210099533859', '升级财富树消费', 1573452210);
INSERT INTO `bill` VALUES (396, 1, 1, 112.680, '2019111152210099533859', '财富树收益', 1573452210);
INSERT INTO `bill` VALUES (397, 197, 1, -254.000, '', '转账支出', 1573453392);
INSERT INTO `bill` VALUES (398, 88, 1, 254.000, '', '转账收入', 1573453392);
INSERT INTO `bill` VALUES (399, 88, 1, -56.340, '2019111153405498202937', '加入财富树消费', 1573453405);
INSERT INTO `bill` VALUES (400, 74, 1, 56.340, '2019111153405498202937', '财富树收益', 1573453405);
INSERT INTO `bill` VALUES (401, 88, 1, -197.190, '2019111153418714101824', '升级财富树消费', 1573453418);
INSERT INTO `bill` VALUES (402, 1, 1, 84.510, '2019111153418714101824', '财富树收益', 1573453419);
INSERT INTO `bill` VALUES (403, 1, 1, 112.680, '2019111153418714101824', '财富树收益', 1573453419);
INSERT INTO `bill` VALUES (404, 193, 1, -56.340, '2019111153797117273855', '加入财富树消费', 1573453797);
INSERT INTO `bill` VALUES (405, 160, 1, 56.340, '2019111153797117273855', '财富树收益', 1573453797);
INSERT INTO `bill` VALUES (406, 79, 1, -56.340, '', '转账支出', 1573454610);
INSERT INTO `bill` VALUES (407, 170, 1, 56.340, '', '转账收入', 1573454610);
INSERT INTO `bill` VALUES (408, 79, 1, -56.340, '', '转账支出', 1573454616);
INSERT INTO `bill` VALUES (409, 170, 1, 56.340, '', '转账收入', 1573454616);
INSERT INTO `bill` VALUES (410, 199, 1, 57.000, '', '用户充值', 1573454682);
INSERT INTO `bill` VALUES (411, 199, 1, -56.340, '2019111154767094702215', '加入财富树消费', 1573454767);
INSERT INTO `bill` VALUES (412, 102, 1, 56.340, '2019111154767094702215', '财富树收益', 1573454767);
INSERT INTO `bill` VALUES (413, 107, 1, 204.170, '', '用户充值', 1573456162);
INSERT INTO `bill` VALUES (414, 107, 1, -84.510, '2019111156284590468700', '升级财富树消费', 1573456284);
INSERT INTO `bill` VALUES (415, 80, 1, 84.510, '2019111156284590468700', '财富树收益', 1573456284);
INSERT INTO `bill` VALUES (416, 107, 1, -112.680, '2019111156295697524214', '升级财富树消费', 1573456295);
INSERT INTO `bill` VALUES (417, 1, 1, 112.680, '2019111156295697524214', '财富树收益', 1573456295);
INSERT INTO `bill` VALUES (418, 170, 1, -1.410, '2019111156434283112726', '加入财富树消费', 1573456434);
INSERT INTO `bill` VALUES (419, 1, 1, 1.410, '2019111156434283112726', '财富树收益', 1573456434);
INSERT INTO `bill` VALUES (420, 79, 1, -87.000, '', '转账支出', 1573456524);
INSERT INTO `bill` VALUES (421, 98, 1, 87.000, '', '转账收入', 1573456524);
INSERT INTO `bill` VALUES (422, 98, 1, -84.510, '2019111156563999728833', '升级财富树消费', 1573456564);
INSERT INTO `bill` VALUES (423, 80, 1, 84.510, '2019111156563999728833', '财富树收益', 1573456564);
INSERT INTO `bill` VALUES (424, 80, 1, -56.340, '', '转账支出', 1573456739);
INSERT INTO `bill` VALUES (425, 201, 1, 56.340, '', '转账收入', 1573456739);
INSERT INTO `bill` VALUES (426, 201, 1, -56.340, '2019111156793285499689', '加入财富树消费', 1573456793);
INSERT INTO `bill` VALUES (427, 84, 1, 56.340, '2019111156793285499689', '财富树收益', 1573456793);
INSERT INTO `bill` VALUES (428, 158, 1, 0.100, '', '用户充值', 1573457127);
INSERT INTO `bill` VALUES (429, 84, 1, -56.340, '', '转账支出', 1573457339);
INSERT INTO `bill` VALUES (430, 202, 1, 56.340, '', '转账收入', 1573457339);
INSERT INTO `bill` VALUES (431, 145, 1, -1.410, '2019111157430986874928', '加入财富树消费', 1573457431);
INSERT INTO `bill` VALUES (432, 1, 1, 1.410, '2019111157430986874928', '财富树收益', 1573457431);
INSERT INTO `bill` VALUES (433, 202, 1, -56.340, '2019111157570680953071', '加入财富树消费', 1573457570);
INSERT INTO `bill` VALUES (434, 201, 1, 56.340, '2019111157570680953071', '财富树收益', 1573457570);
INSERT INTO `bill` VALUES (435, 102, 1, 114.799, '', '用户充值', 1573458857);
INSERT INTO `bill` VALUES (436, 79, 1, -57.000, '', '转账支出', 1573459269);
INSERT INTO `bill` VALUES (437, 204, 1, 57.000, '', '转账收入', 1573459269);
INSERT INTO `bill` VALUES (438, 204, 1, -56.340, '2019111160503142965959', '加入财富树消费', 1573460503);
INSERT INTO `bill` VALUES (439, 79, 1, 56.340, '2019111160503142965959', '财富树收益', 1573460503);
INSERT INTO `bill` VALUES (440, 80, 1, -56.340, '', '转账支出', 1573462160);
INSERT INTO `bill` VALUES (441, 194, 1, 56.340, '', '转账收入', 1573462160);
INSERT INTO `bill` VALUES (442, 194, 1, -56.340, '2019111162184094685595', '加入财富树消费', 1573462184);
INSERT INTO `bill` VALUES (443, 177, 1, 56.340, '2019111162184094685595', '财富树收益', 1573462184);
INSERT INTO `bill` VALUES (444, 102, 1, -57.000, '', '转账支出', 1573462762);
INSERT INTO `bill` VALUES (445, 203, 1, 57.000, '', '转账收入', 1573462762);
INSERT INTO `bill` VALUES (446, 203, 1, -56.340, '2019111162841382478049', '加入财富树消费', 1573462841);
INSERT INTO `bill` VALUES (447, 102, 1, 56.340, '2019111162841382478049', '财富树收益', 1573462841);
INSERT INTO `bill` VALUES (448, 80, 1, -943.660, '', '转账支出', 1573463068);
INSERT INTO `bill` VALUES (449, 201, 1, 943.660, '', '转账收入', 1573463068);
INSERT INTO `bill` VALUES (450, 81, 1, -1.410, '2019111163765190641069', '加入财富树消费', 1573463765);
INSERT INTO `bill` VALUES (451, 1, 1, 1.410, '2019111163765190641069', '财富树收益', 1573463765);
INSERT INTO `bill` VALUES (452, 201, 1, -56.340, '', '转账支出', 1573464224);
INSERT INTO `bill` VALUES (453, 208, 1, 56.340, '', '转账收入', 1573464224);
INSERT INTO `bill` VALUES (454, 102, 1, -57.000, '', '转账支出', 1573465732);
INSERT INTO `bill` VALUES (455, 210, 1, 57.000, '', '转账收入', 1573465732);
INSERT INTO `bill` VALUES (456, 201, 1, -0.810, '', '转账支出', 1573466126);
INSERT INTO `bill` VALUES (457, 208, 1, 0.810, '', '转账收入', 1573466126);
INSERT INTO `bill` VALUES (458, 208, 1, -57.150, '2019111166144142371772', '加入财富树消费', 1573466144);
INSERT INTO `bill` VALUES (459, 201, 1, 57.150, '2019111166144142371772', '财富树收益', 1573466144);
INSERT INTO `bill` VALUES (460, 102, 1, -1.000, '', '转账支出', 1573466417);
INSERT INTO `bill` VALUES (461, 210, 1, 1.000, '', '转账收入', 1573466417);
INSERT INTO `bill` VALUES (462, 210, 1, -57.150, '2019111166702157896782', '加入财富树消费', 1573466702);
INSERT INTO `bill` VALUES (463, 102, 1, 57.150, '2019111166702157896782', '财富树收益', 1573466702);
INSERT INTO `bill` VALUES (464, 201, 1, -57.150, '', '转账支出', 1573468912);
INSERT INTO `bill` VALUES (465, 211, 1, 57.150, '', '转账收入', 1573468912);
INSERT INTO `bill` VALUES (466, 211, 1, -57.150, '2019111168953297211164', '加入财富树消费', 1573468953);
INSERT INTO `bill` VALUES (467, 202, 1, 57.150, '2019111168953297211164', '财富树收益', 1573468953);
INSERT INTO `bill` VALUES (468, 202, 1, -55.000, '', '转账支出', 1573469106);
INSERT INTO `bill` VALUES (469, 201, 1, 55.000, '', '转账收入', 1573469106);
INSERT INTO `bill` VALUES (470, 201, 1, -57.150, '', '转账支出', 1573469194);
INSERT INTO `bill` VALUES (471, 213, 1, 57.150, '', '转账收入', 1573469194);
INSERT INTO `bill` VALUES (472, 213, 1, -57.150, '2019111169293482951297', '加入财富树消费', 1573469293);
INSERT INTO `bill` VALUES (473, 211, 1, 57.150, '2019111169293482951297', '财富树收益', 1573469293);
INSERT INTO `bill` VALUES (474, 211, 1, -57.150, '', '转账支出', 1573469664);
INSERT INTO `bill` VALUES (475, 201, 1, 57.150, '', '转账收入', 1573469664);
INSERT INTO `bill` VALUES (476, 84, 1, -57.150, '', '转账支出', 1573470085);
INSERT INTO `bill` VALUES (477, 212, 1, 57.150, '', '转账收入', 1573470085);
INSERT INTO `bill` VALUES (478, 212, 1, -57.150, '2019111170125174211519', '加入财富树消费', 1573470125);
INSERT INTO `bill` VALUES (479, 201, 1, 57.150, '2019111170125174211519', '财富树收益', 1573470125);
INSERT INTO `bill` VALUES (480, 79, 1, -57.150, '', '转账支出', 1573472638);
INSERT INTO `bill` VALUES (481, 216, 1, 57.150, '', '转账收入', 1573472638);
INSERT INTO `bill` VALUES (482, 216, 1, -57.150, '2019111172873699875052', '加入财富树消费', 1573472873);
INSERT INTO `bill` VALUES (483, 213, 1, 57.150, '2019111172873699875052', '财富树收益', 1573472873);
INSERT INTO `bill` VALUES (484, 79, 1, -57.150, '', '转账支出', 1573472992);
INSERT INTO `bill` VALUES (485, 217, 1, 57.150, '', '转账收入', 1573472992);
INSERT INTO `bill` VALUES (486, 217, 1, -57.150, '2019111173021959862509', '加入财富树消费', 1573473022);
INSERT INTO `bill` VALUES (487, 216, 1, 57.150, '2019111173021959862509', '财富树收益', 1573473022);
INSERT INTO `bill` VALUES (488, 81, 1, -130.000, '', '转账支出', 1573473282);
INSERT INTO `bill` VALUES (489, 218, 1, 130.000, '', '转账收入', 1573473282);
INSERT INTO `bill` VALUES (490, 218, 1, -57.150, '2019111173303060328460', '加入财富树消费', 1573473303);
INSERT INTO `bill` VALUES (491, 89, 1, 57.150, '2019111173303060328460', '财富树收益', 1573473303);
INSERT INTO `bill` VALUES (492, 81, 1, -100.000, '', '转账支出', 1573473402);
INSERT INTO `bill` VALUES (493, 218, 1, 100.000, '', '转账收入', 1573473402);
INSERT INTO `bill` VALUES (494, 218, 1, -85.730, '2019111173416290476820', '升级财富树消费', 1573473416);
INSERT INTO `bill` VALUES (495, 84, 1, 85.725, '2019111173416290476820', '财富树收益', 1573473416);
INSERT INTO `bill` VALUES (496, 161, 1, -57.000, '', '转账支出', 1573473523);
INSERT INTO `bill` VALUES (497, 219, 1, 57.000, '', '转账收入', 1573473523);
INSERT INTO `bill` VALUES (498, 161, 1, -0.150, '', '转账支出', 1573473558);
INSERT INTO `bill` VALUES (499, 219, 1, 0.150, '', '转账收入', 1573473558);
INSERT INTO `bill` VALUES (500, 219, 1, -57.150, '2019111173565338341159', '加入财富树消费', 1573473565);
INSERT INTO `bill` VALUES (501, 161, 1, 57.150, '2019111173565338341159', '财富树收益', 1573473565);
INSERT INTO `bill` VALUES (502, 216, 1, -57.150, '', '转账支出', 1573474067);
INSERT INTO `bill` VALUES (503, 220, 1, 57.150, '', '转账收入', 1573474067);
INSERT INTO `bill` VALUES (504, 220, 1, -57.150, '2019111174168424821259', '加入财富树消费', 1573474168);
INSERT INTO `bill` VALUES (505, 217, 1, 57.150, '2019111174168424821259', '财富树收益', 1573474168);
INSERT INTO `bill` VALUES (506, 90, 1, -30.000, '', '转账支出', 1573474225);
INSERT INTO `bill` VALUES (507, 116, 1, 30.000, '', '转账收入', 1573474225);
INSERT INTO `bill` VALUES (508, 116, 1, -85.730, '2019111174248677934896', '升级财富树消费', 1573474248);
INSERT INTO `bill` VALUES (509, 90, 1, 85.725, '2019111174248677934896', '财富树收益', 1573474248);
INSERT INTO `bill` VALUES (510, 217, 1, -57.150, '', '转账支出', 1573474339);
INSERT INTO `bill` VALUES (511, 216, 1, 57.150, '', '转账收入', 1573474339);
INSERT INTO `bill` VALUES (512, 79, 1, -57.150, '', '转账支出', 1573475109);
INSERT INTO `bill` VALUES (513, 221, 1, 57.150, '', '转账收入', 1573475109);
INSERT INTO `bill` VALUES (514, 201, 1, -85.730, '2019111176554919045031', '升级财富树消费', 1573476554);
INSERT INTO `bill` VALUES (515, 84, 1, 85.725, '2019111176554919045031', '财富树收益', 1573476555);
INSERT INTO `bill` VALUES (516, 221, 1, -57.150, '2019111177027327946645', '加入财富树消费', 1573477027);
INSERT INTO `bill` VALUES (517, 213, 1, 57.150, '2019111177027327946645', '财富树收益', 1573477027);
INSERT INTO `bill` VALUES (518, 102, 1, -114.300, '2019111177898788727236', '升级财富树消费', 1573477898);
INSERT INTO `bill` VALUES (519, 80, 1, 114.300, '2019111177898788727236', '财富树收益', 1573477898);
INSERT INTO `bill` VALUES (520, 81, 1, -100.000, '', '转账支出', 1573478941);
INSERT INTO `bill` VALUES (521, 89, 1, 100.000, '', '转账收入', 1573478941);
INSERT INTO `bill` VALUES (522, 89, 1, -142.880, '2019111178954799236265', '升级财富树消费', 1573478954);
INSERT INTO `bill` VALUES (523, 1, 1, 142.875, '2019111178954799236265', '财富树收益', 1573478954);
INSERT INTO `bill` VALUES (524, 90, 1, -142.880, '2019111181570951307819', '升级财富树消费', 1573481571);
INSERT INTO `bill` VALUES (525, 1, 1, 142.875, '2019111181570951307819', '财富树收益', 1573481571);
INSERT INTO `bill` VALUES (526, 80, 1, -142.820, '', '转账支出', 1573481716);
INSERT INTO `bill` VALUES (527, 90, 1, 142.820, '', '转账收入', 1573481716);
INSERT INTO `bill` VALUES (528, 201, 1, -114.300, '2019111182591586386840', '升级财富树消费', 1573482591);
INSERT INTO `bill` VALUES (529, 1, 1, 114.300, '2019111182591586386840', '财富树收益', 1573482591);
INSERT INTO `bill` VALUES (530, 84, 1, -171.450, '2019111183185568798126', '升级财富树消费', 1573483185);
INSERT INTO `bill` VALUES (531, 1, 1, 171.450, '2019111183185568798126', '财富树收益', 1573483185);
INSERT INTO `bill` VALUES (532, 201, 1, -500.000, '', '转账支出', 1573483373);
INSERT INTO `bill` VALUES (533, 84, 1, 500.000, '', '转账收入', 1573483373);
INSERT INTO `bill` VALUES (534, 84, 1, -200.030, '2019111183406588751338', '升级财富树消费', 1573483406);
INSERT INTO `bill` VALUES (535, 1, 1, 200.025, '2019111183406588751338', '财富树收益', 1573483406);
INSERT INTO `bill` VALUES (536, 84, 1, -228.600, '2019111183520396316423', '升级财富树消费', 1573483520);
INSERT INTO `bill` VALUES (537, 1, 1, 228.600, '2019111183520396316423', '财富树收益', 1573483520);
INSERT INTO `bill` VALUES (538, 201, 1, -142.880, '2019111183779414312967', '升级财富树消费', 1573483779);
INSERT INTO `bill` VALUES (539, 1, 1, 142.875, '2019111183779414312967', '财富树收益', 1573483779);
INSERT INTO `bill` VALUES (540, 201, 1, -171.450, '2019111183868823117493', '升级财富树消费', 1573483868);
INSERT INTO `bill` VALUES (541, 1, 1, 171.450, '2019111183868823117493', '财富树收益', 1573483869);
INSERT INTO `bill` VALUES (542, 74, 1, -145.760, '', '转账支出', 1573511867);
INSERT INTO `bill` VALUES (543, 80, 1, 145.760, '', '转账收入', 1573511867);
INSERT INTO `bill` VALUES (544, 104, 1, -56.820, 'WTC2019111229252220165014', '用户提现', 1573529252);
INSERT INTO `bill` VALUES (546, 84, 1, -85.730, '', '转账支出', 1573535849);
INSERT INTO `bill` VALUES (547, 211, 1, 85.730, '', '转账收入', 1573535849);
INSERT INTO `bill` VALUES (548, 211, 1, -85.730, '2019111235869456956816', '升级财富树消费', 1573535869);
INSERT INTO `bill` VALUES (549, 201, 1, 85.725, '2019111235869456956816', '财富树收益', 1573535869);

-- ----------------------------
-- Table structure for config
-- ----------------------------
DROP TABLE IF EXISTS `config`;
CREATE TABLE `config`  (
  `id` int(10) UNSIGNED NOT NULL AUTO_INCREMENT,
  `name` varchar(30) CHARACTER SET utf8 COLLATE utf8_general_ci NOT NULL DEFAULT '' COMMENT '变量名',
  `group` varchar(30) CHARACTER SET utf8 COLLATE utf8_general_ci NOT NULL DEFAULT '' COMMENT '分组',
  `title` varchar(100) CHARACTER SET utf8 COLLATE utf8_general_ci NOT NULL DEFAULT '' COMMENT '变量标题',
  `type` varchar(30) CHARACTER SET utf8 COLLATE utf8_general_ci NOT NULL DEFAULT '' COMMENT '类型:string,text,int,bool,array,datetime,date,file',
  `value` text CHARACTER SET utf8 COLLATE utf8_general_ci NOT NULL COMMENT '变量值',
  PRIMARY KEY (`id`) USING BTREE
) ENGINE = InnoDB AUTO_INCREMENT = 1 CHARACTER SET = utf8 COLLATE = utf8_general_ci COMMENT = '系统配置' ROW_FORMAT = Compact;

-- ----------------------------
-- Table structure for currency
-- ----------------------------
DROP TABLE IF EXISTS `currency`;
CREATE TABLE `currency`  (
  `id` int(11) UNSIGNED NOT NULL AUTO_INCREMENT,
  `order_id` int(11) NULL DEFAULT NULL COMMENT '排序',
  `name` varchar(20) CHARACTER SET utf8 COLLATE utf8_general_ci NOT NULL COMMENT '币种名称',
  `icon` varchar(255) CHARACTER SET utf8 COLLATE utf8_general_ci NULL DEFAULT NULL COMMENT '图标地址',
  `tag` varchar(20) CHARACTER SET utf8 COLLATE utf8_general_ci NOT NULL COMMENT '币种标识',
  `create_time` int(11) NOT NULL COMMENT '注册时间',
  `update_time` int(11) NULL DEFAULT NULL COMMENT '更新时间',
  `cash_service_ratio` decimal(5, 2) NOT NULL COMMENT '提现手续费比例',
  `cash_service_max` decimal(8, 2) NOT NULL COMMENT '最高提现手续费 0则不限制',
  `cash_min` decimal(10, 2) NOT NULL COMMENT '最小提现金额',
  `cash_max` decimal(10, 2) NOT NULL COMMENT '最高提现金额',
  `cash_review` decimal(10, 2) NOT NULL COMMENT '提现审核额度',
  `state` tinyint(1) NOT NULL DEFAULT 1 COMMENT '状态1:正常2:禁用',
  PRIMARY KEY (`id`) USING BTREE
) ENGINE = InnoDB AUTO_INCREMENT = 2 CHARACTER SET = utf8 COLLATE = utf8_general_ci ROW_FORMAT = Dynamic;

-- ----------------------------
-- Records of currency
-- ----------------------------
INSERT INTO `currency` VALUES (1, NULL, 'USDT', 'http://127.0.0.1/attachment//images/2019/09/02/20190923113840.png', 'usdt', 1572352602, 1572352602, 5.00, 0.00, 10.00, 0.00, 100.00, 1);

-- ----------------------------
-- Table structure for dis_log
-- ----------------------------
DROP TABLE IF EXISTS `dis_log`;
CREATE TABLE `dis_log`  (
  `id` int(11) UNSIGNED NOT NULL AUTO_INCREMENT,
  `currency_id` int(11) UNSIGNED NOT NULL COMMENT '币种',
  `tree_id` int(11) UNSIGNED NOT NULL DEFAULT 0 COMMENT '财富树id',
  `redgroup_id` int(11) UNSIGNED NOT NULL DEFAULT 0 COMMENT '红包群',
  `redpacket_id` int(11) UNSIGNED NOT NULL DEFAULT 0 COMMENT '红包id',
  `uid` int(11) UNSIGNED NOT NULL COMMENT '奖励/消费 用户 1为总部',
  `from_uid` int(11) UNSIGNED NOT NULL COMMENT '来源用户id 0 为本人',
  `order_no` varchar(50) CHARACTER SET utf8 COLLATE utf8_general_ci NOT NULL COMMENT '订单号',
  `level` tinyint(4) NOT NULL COMMENT '123',
  `scene` tinyint(1) NOT NULL COMMENT '1.财富树 2.红包',
  `money` decimal(10, 3) NOT NULL COMMENT '金额',
  `remark` varchar(200) CHARACTER SET utf8 COLLATE utf8_general_ci NOT NULL COMMENT '备注',
  `create_time` int(11) NOT NULL COMMENT '创建时间',
  PRIMARY KEY (`id`) USING BTREE
) ENGINE = InnoDB AUTO_INCREMENT = 1 CHARACTER SET = utf8 COLLATE = utf8_general_ci ROW_FORMAT = Dynamic;

-- ----------------------------
-- Table structure for look_notice
-- ----------------------------
DROP TABLE IF EXISTS `look_notice`;
CREATE TABLE `look_notice`  (
  `id` int(11) UNSIGNED NOT NULL AUTO_INCREMENT,
  `uid` int(11) UNSIGNED NOT NULL COMMENT '用户id',
  `logs` text CHARACTER SET utf8 COLLATE utf8_general_ci NULL COMMENT '查看的公告规则记录',
  `create_time` int(11) NOT NULL COMMENT '添加时间',
  `update_time` int(11) NOT NULL COMMENT '更新时间',
  PRIMARY KEY (`id`) USING BTREE
) ENGINE = InnoDB AUTO_INCREMENT = 1 CHARACTER SET = utf8 COLLATE = utf8_general_ci COMMENT = '公告查看日志' ROW_FORMAT = Dynamic;

-- ----------------------------
-- Table structure for notice
-- ----------------------------
DROP TABLE IF EXISTS `notice`;
CREATE TABLE `notice`  (
  `id` int(11) UNSIGNED NOT NULL AUTO_INCREMENT,
  `order_id` int(11) UNSIGNED NOT NULL COMMENT '序号',
  `title` varchar(20) CHARACTER SET utf8 COLLATE utf8_general_ci NOT NULL COMMENT '标题',
  `content` text CHARACTER SET utf8 COLLATE utf8_general_ci NOT NULL COMMENT '内容',
  `type` tinyint(1) UNSIGNED NOT NULL COMMENT '类型1:公告 2:规则',
  `create_time` int(11) NOT NULL COMMENT '添加时间',
  `update_time` int(11) NOT NULL COMMENT '更新时间',
  PRIMARY KEY (`id`) USING BTREE
) ENGINE = InnoDB AUTO_INCREMENT = 2 CHARACTER SET = utf8 COLLATE = utf8_general_ci COMMENT = '公告规则' ROW_FORMAT = Dynamic;

-- ----------------------------
-- Table structure for opinion
-- ----------------------------
DROP TABLE IF EXISTS `opinion`;
CREATE TABLE `opinion`  (
  `id` int(11) UNSIGNED NOT NULL AUTO_INCREMENT,
  `uid` int(11) UNSIGNED NULL DEFAULT NULL COMMENT '用户id',
  `email` varchar(50) CHARACTER SET utf8 COLLATE utf8_general_ci NOT NULL COMMENT '邮箱',
  `content` varchar(200) CHARACTER SET utf8 COLLATE utf8_general_ci NOT NULL COMMENT '内容',
  `create_time` int(11) NOT NULL COMMENT '时间',
  PRIMARY KEY (`id`) USING BTREE
) ENGINE = InnoDB AUTO_INCREMENT = 1 CHARACTER SET = utf8 COLLATE = utf8_general_ci COMMENT = '意见反馈' ROW_FORMAT = Dynamic;

-- ----------------------------
-- Table structure for pay_order
-- ----------------------------
DROP TABLE IF EXISTS `pay_order`;
CREATE TABLE `pay_order`  (
  `id` int(11) UNSIGNED NOT NULL AUTO_INCREMENT,
  `currency_id` int(11) UNSIGNED NULL DEFAULT NULL COMMENT '币种',
  `order_no` varchar(50) CHARACTER SET utf8 COLLATE utf8_general_ci NOT NULL COMMENT '订单号',
  `uid` int(11) UNSIGNED NOT NULL COMMENT '用户',
  `money` decimal(10, 2) NOT NULL COMMENT '用户',
  `state` tinyint(1) NOT NULL COMMENT '支付状态 1:待支付 2:已支付',
  `type` tinyint(1) NOT NULL COMMENT '用途 1:创建财富树 2.加入财富树 3:升级财富树 4:创建红包 5: 支付红包',
  `pay_time` int(11) NOT NULL COMMENT '支付时间',
  `create_time` int(11) NOT NULL COMMENT '创建时间',
  PRIMARY KEY (`id`) USING BTREE,
  UNIQUE INDEX `order_no`(`order_no`) USING BTREE
) ENGINE = InnoDB AUTO_INCREMENT = 235 CHARACTER SET = utf8 COLLATE = utf8_general_ci ROW_FORMAT = Dynamic;

-- ----------------------------
-- Records of pay_order
-- ----------------------------
INSERT INTO `pay_order` VALUES (1, 1, '2019110983200069445214', 74, 1.41, 2, 2, 1573283200, 1573283200);
INSERT INTO `pay_order` VALUES (2, 1, '2019110983226590459871', 74, 56.34, 2, 2, 1573283226, 1573283226);
INSERT INTO `pay_order` VALUES (3, 1, '2019110983244339248021', 74, 507.06, 2, 3, 1573283244, 1573283244);
INSERT INTO `pay_order` VALUES (4, 1, '2019110983264736225827', 74, 19.74, 2, 3, 1573283264, 1573283264);
INSERT INTO `pay_order` VALUES (5, 1, '2019110983567791303920', 76, 1.41, 2, 2, 1573283567, 1573283567);
INSERT INTO `pay_order` VALUES (6, 1, '2019110983599900705687', 75, 1.41, 2, 2, 1573283599, 1573283599);
INSERT INTO `pay_order` VALUES (7, 1, '2019110984036563401767', 77, 1.41, 2, 2, 1573284036, 1573284036);
INSERT INTO `pay_order` VALUES (8, 1, '2019110984069319041817', 80, 56.34, 1, 2, 1573284069, 1573284069);
INSERT INTO `pay_order` VALUES (9, 1, '2019110984089271629631', 77, 7.05, 2, 3, 1573284089, 1573284089);
INSERT INTO `pay_order` VALUES (10, 1, '2019110984474047873040', 80, 56.34, 2, 2, 1573284474, 1573284474);
INSERT INTO `pay_order` VALUES (11, 1, '2019110984491892188602', 80, 507.06, 1, 3, 1573284491, 1573284491);
INSERT INTO `pay_order` VALUES (12, 1, '2019110984529481428849', 80, 197.19, 2, 3, 1573284529, 1573284529);
INSERT INTO `pay_order` VALUES (13, 1, '2019110995249674086374', 80, 309.87, 1, 3, 1573295249, 1573295249);
INSERT INTO `pay_order` VALUES (14, 1, '2019110995531421742484', 90, 56.34, 1, 2, 1573295531, 1573295531);
INSERT INTO `pay_order` VALUES (15, 1, '2019110995748486871973', 90, 56.34, 1, 2, 1573295748, 1573295748);
INSERT INTO `pay_order` VALUES (16, 1, '2019110995981080919324', 90, 56.34, 1, 2, 1573295981, 1573295981);
INSERT INTO `pay_order` VALUES (17, 1, '2019110996512108254187', 90, 56.34, 2, 2, 1573296512, 1573296512);
INSERT INTO `pay_order` VALUES (18, 1, '2019110996537933719890', 90, 84.51, 1, 3, 1573296537, 1573296537);
INSERT INTO `pay_order` VALUES (19, 1, '2019110998446722837118', 139, 56.34, 1, 2, 1573298446, 1573298446);
INSERT INTO `pay_order` VALUES (20, 1, '2019110998461874927718', 139, 1.41, 2, 2, 1573298461, 1573298461);
INSERT INTO `pay_order` VALUES (21, 1, '2019110998930197999644', 107, 56.34, 2, 2, 1573298930, 1573298930);
INSERT INTO `pay_order` VALUES (22, 1, '2019110999138765486428', 107, 84.51, 1, 3, 1573299138, 1573299138);
INSERT INTO `pay_order` VALUES (23, 1, '2019110999159158634424', 124, 56.34, 2, 2, 1573299159, 1573299159);
INSERT INTO `pay_order` VALUES (24, 1, '2019110999226856188878', 98, 56.34, 2, 2, 1573299226, 1573299226);
INSERT INTO `pay_order` VALUES (25, 1, '2019110999232770424946', 116, 56.34, 2, 2, 1573299232, 1573299232);
INSERT INTO `pay_order` VALUES (26, 1, '2019110999330681965251', 115, 56.34, 2, 2, 1573299330, 1573299330);
INSERT INTO `pay_order` VALUES (27, 1, '2019110999431049276086', 102, 56.34, 2, 2, 1573299431, 1573299431);
INSERT INTO `pay_order` VALUES (28, 1, '2019110999472243208160', 118, 56.34, 2, 2, 1573299472, 1573299472);
INSERT INTO `pay_order` VALUES (29, 1, '2019110999636079803362', 140, 56.34, 2, 2, 1573299636, 1573299636);
INSERT INTO `pay_order` VALUES (30, 1, '2019110999663665586045', 142, 56.34, 1, 2, 1573299663, 1573299663);
INSERT INTO `pay_order` VALUES (31, 1, '2019110999827035153185', 78, 56.34, 1, 2, 1573299827, 1573299827);
INSERT INTO `pay_order` VALUES (32, 1, '2019110999886953523576', 140, 84.51, 1, 3, 1573299886, 1573299886);
INSERT INTO `pay_order` VALUES (33, 1, '2019110999925848768740', 142, 56.34, 1, 2, 1573299925, 1573299925);
INSERT INTO `pay_order` VALUES (34, 1, '2019110900360422839843', 97, 56.34, 1, 2, 1573300360, 1573300360);
INSERT INTO `pay_order` VALUES (35, 1, '2019110900375820774586', 105, 56.34, 2, 2, 1573300375, 1573300375);
INSERT INTO `pay_order` VALUES (36, 1, '2019110900419930725695', 124, 84.51, 1, 3, 1573300419, 1573300419);
INSERT INTO `pay_order` VALUES (37, 1, '2019110900508200236261', 106, 56.34, 2, 2, 1573300508, 1573300508);
INSERT INTO `pay_order` VALUES (38, 1, '2019110900632969888233', 148, 56.34, 1, 2, 1573300632, 1573300632);
INSERT INTO `pay_order` VALUES (39, 1, '2019110900687365648958', 142, 56.34, 2, 2, 1573300687, 1573300687);
INSERT INTO `pay_order` VALUES (40, 1, '2019110900742563961859', 146, 56.34, 1, 2, 1573300742, 1573300742);
INSERT INTO `pay_order` VALUES (41, 1, '2019110900840597302339', 103, 56.34, 2, 2, 1573300840, 1573300840);
INSERT INTO `pay_order` VALUES (42, 1, '2019110900905019119601', 95, 56.34, 2, 2, 1573300905, 1573300905);
INSERT INTO `pay_order` VALUES (43, 1, '2019110900961548701855', 126, 56.34, 2, 2, 1573300961, 1573300961);
INSERT INTO `pay_order` VALUES (44, 1, '2019110901002951321912', 94, 56.34, 1, 2, 1573301002, 1573301002);
INSERT INTO `pay_order` VALUES (45, 1, '2019110901068009312289', 97, 56.34, 1, 2, 1573301068, 1573301068);
INSERT INTO `pay_order` VALUES (46, 1, '2019110901174995409430', 101, 56.34, 2, 2, 1573301175, 1573301174);
INSERT INTO `pay_order` VALUES (47, 1, '2019110901262746427013', 147, 56.34, 1, 2, 1573301262, 1573301262);
INSERT INTO `pay_order` VALUES (48, 1, '2019110901408388594430', 97, 56.34, 1, 2, 1573301408, 1573301408);
INSERT INTO `pay_order` VALUES (49, 1, '2019110901423194158819', 144, 56.34, 1, 2, 1573301423, 1573301423);
INSERT INTO `pay_order` VALUES (50, 1, '2019110901539033764024', 146, 56.34, 1, 2, 1573301539, 1573301539);
INSERT INTO `pay_order` VALUES (51, 1, '2019110901819818798975', 110, 56.34, 2, 2, 1573301819, 1573301819);
INSERT INTO `pay_order` VALUES (52, 1, '2019110901847421305759', 144, 56.34, 2, 2, 1573301847, 1573301847);
INSERT INTO `pay_order` VALUES (53, 1, '2019110901948511395291', 147, 56.34, 2, 2, 1573301948, 1573301948);
INSERT INTO `pay_order` VALUES (54, 1, '2019110902068515697606', 146, 56.34, 2, 2, 1573302068, 1573302068);
INSERT INTO `pay_order` VALUES (55, 1, '2019110902689482309347', 151, 56.34, 1, 2, 1573302689, 1573302689);
INSERT INTO `pay_order` VALUES (56, 1, '2019110902751335742634', 147, 84.51, 1, 3, 1573302751, 1573302751);
INSERT INTO `pay_order` VALUES (57, 1, '2019110902771849941351', 147, 84.51, 1, 3, 1573302771, 1573302771);
INSERT INTO `pay_order` VALUES (58, 1, '2019110902825696438167', 147, 84.51, 1, 3, 1573302825, 1573302825);
INSERT INTO `pay_order` VALUES (59, 1, '2019110903005571558967', 147, 84.51, 1, 3, 1573303005, 1573303005);
INSERT INTO `pay_order` VALUES (60, 1, '2019110903012621788432', 155, 56.34, 1, 2, 1573303012, 1573303012);
INSERT INTO `pay_order` VALUES (61, 1, '2019110903188868957174', 120, 56.34, 2, 2, 1573303188, 1573303188);
INSERT INTO `pay_order` VALUES (62, 1, '2019110903989309818113', 155, 56.34, 2, 2, 1573303989, 1573303989);
INSERT INTO `pay_order` VALUES (63, 1, '2019110904139314841185', 78, 1.41, 2, 2, 1573304139, 1573304139);
INSERT INTO `pay_order` VALUES (64, 1, '2019110904158013811466', 78, 56.34, 1, 2, 1573304158, 1573304158);
INSERT INTO `pay_order` VALUES (65, 1, '2019110904176129646635', 78, 2.82, 2, 3, 1573304176, 1573304176);
INSERT INTO `pay_order` VALUES (66, 1, '2019110904266817007226', 84, 56.34, 1, 2, 1573304266, 1573304266);
INSERT INTO `pay_order` VALUES (67, 1, '2019110905520608297718', 80, 140.85, 2, 3, 1573305520, 1573305520);
INSERT INTO `pay_order` VALUES (68, 1, '2019110905521460431011', 155, 84.51, 1, 3, 1573305521, 1573305521);
INSERT INTO `pay_order` VALUES (69, 1, '2019110905533347067627', 80, 169.02, 2, 3, 1573305533, 1573305533);
INSERT INTO `pay_order` VALUES (70, 1, '2019110905874132081973', 84, 56.34, 2, 2, 1573305874, 1573305874);
INSERT INTO `pay_order` VALUES (71, 1, '2019110905921309034971', 157, 56.34, 1, 2, 1573305921, 1573305921);
INSERT INTO `pay_order` VALUES (72, 1, '2019110905939774759829', 79, 56.34, 2, 2, 1573305939, 1573305939);
INSERT INTO `pay_order` VALUES (73, 1, '2019110905952411565158', 84, 197.19, 2, 3, 1573305952, 1573305952);
INSERT INTO `pay_order` VALUES (74, 1, '2019110905959697335188', 79, 84.51, 2, 3, 1573305959, 1573305959);
INSERT INTO `pay_order` VALUES (75, 1, '2019110905973369901577', 79, 112.68, 2, 3, 1573305973, 1573305973);
INSERT INTO `pay_order` VALUES (76, 1, '2019110905975651111691', 84, 140.85, 2, 3, 1573305975, 1573305975);
INSERT INTO `pay_order` VALUES (77, 1, '2019110906246204067128', 76, 12.69, 2, 3, 1573306246, 1573306246);
INSERT INTO `pay_order` VALUES (78, 1, '2019110907119210743487', 78, 4.23, 2, 3, 1573307119, 1573307119);
INSERT INTO `pay_order` VALUES (79, 1, '2019110907798443775280', 145, 56.34, 1, 2, 1573307798, 1573307798);
INSERT INTO `pay_order` VALUES (80, 1, '2019110907848753127148', 159, 56.34, 1, 2, 1573307848, 1573307848);
INSERT INTO `pay_order` VALUES (81, 1, '2019110908120813208707', 89, 56.34, 2, 2, 1573308120, 1573308120);
INSERT INTO `pay_order` VALUES (82, 1, '2019110908139022948518', 89, 197.19, 2, 3, 1573308139, 1573308139);
INSERT INTO `pay_order` VALUES (83, 1, '2019110908477582852314', 160, 1.41, 1, 2, 1573308477, 1573308477);
INSERT INTO `pay_order` VALUES (84, 1, '2019111015349485937964', 161, 56.34, 2, 2, 1573315349, 1573315349);
INSERT INTO `pay_order` VALUES (85, 1, '2019111015365914312300', 161, 84.51, 2, 3, 1573315365, 1573315365);
INSERT INTO `pay_order` VALUES (86, 1, '2019111015369449062378', 161, 112.68, 2, 3, 1573315369, 1573315369);
INSERT INTO `pay_order` VALUES (87, 1, '2019111015638843281714', 162, 56.34, 2, 2, 1573315638, 1573315638);
INSERT INTO `pay_order` VALUES (88, 1, '2019111015658588009523', 162, 197.19, 2, 3, 1573315658, 1573315658);
INSERT INTO `pay_order` VALUES (89, 1, '2019111040908296813383', 160, 56.34, 1, 2, 1573340908, 1573340908);
INSERT INTO `pay_order` VALUES (90, 1, '2019111048147965518191', 160, 56.34, 1, 2, 1573348147, 1573348147);
INSERT INTO `pay_order` VALUES (91, 1, '2019111048209539632893', 160, 56.34, 1, 2, 1573348209, 1573348209);
INSERT INTO `pay_order` VALUES (92, 1, '2019111048861409621961', 160, 56.34, 1, 2, 1573348861, 1573348861);
INSERT INTO `pay_order` VALUES (93, 1, '2019111048935640408016', 160, 56.34, 2, 2, 1573348935, 1573348935);
INSERT INTO `pay_order` VALUES (94, 1, '2019111051263462636285', 104, 56.34, 2, 2, 1573351263, 1573351263);
INSERT INTO `pay_order` VALUES (95, 1, '2019111051377480762934', 159, 56.34, 1, 2, 1573351377, 1573351377);
INSERT INTO `pay_order` VALUES (96, 1, '2019111051414582018981', 159, 56.34, 1, 2, 1573351414, 1573351414);
INSERT INTO `pay_order` VALUES (97, 1, '2019111051746334692185', 159, 56.34, 2, 2, 1573351746, 1573351746);
INSERT INTO `pay_order` VALUES (98, 1, '2019111051911331714743', 159, 84.51, 1, 3, 1573351911, 1573351911);
INSERT INTO `pay_order` VALUES (99, 1, '2019111051918238763390', 159, 84.51, 1, 3, 1573351918, 1573351918);
INSERT INTO `pay_order` VALUES (100, 1, '2019111054094866684614', 90, 84.51, 2, 3, 1573354094, 1573354094);
INSERT INTO `pay_order` VALUES (101, 1, '2019111054197631184569', 90, 112.68, 2, 3, 1573354197, 1573354197);
INSERT INTO `pay_order` VALUES (102, 1, '2019111054873188976221', 97, 56.34, 2, 2, 1573354873, 1573354873);
INSERT INTO `pay_order` VALUES (103, 1, '2019111055318803421949', 100, 56.34, 2, 2, 1573355318, 1573355318);
INSERT INTO `pay_order` VALUES (104, 1, '2019111056651965271952', 152, 56.34, 2, 2, 1573356652, 1573356651);
INSERT INTO `pay_order` VALUES (105, 1, '2019111063458444183079', 92, 56.34, 2, 2, 1573363458, 1573363458);
INSERT INTO `pay_order` VALUES (106, 1, '2019111063724846299516', 163, 56.34, 2, 2, 1573363724, 1573363724);
INSERT INTO `pay_order` VALUES (107, 1, '2019111066170163536507', 98, 84.51, 1, 3, 1573366170, 1573366170);
INSERT INTO `pay_order` VALUES (108, 1, '2019111072293542772551', 164, 56.34, 2, 2, 1573372293, 1573372293);
INSERT INTO `pay_order` VALUES (109, 1, '2019111072306343506564', 164, 197.19, 1, 3, 1573372306, 1573372306);
INSERT INTO `pay_order` VALUES (110, 1, '2019111072321792435960', 164, 84.51, 2, 3, 1573372321, 1573372321);
INSERT INTO `pay_order` VALUES (111, 1, '2019111072385262327959', 165, 56.34, 2, 2, 1573372385, 1573372385);
INSERT INTO `pay_order` VALUES (112, 1, '2019111072482198789289', 81, 56.34, 2, 2, 1573372482, 1573372482);
INSERT INTO `pay_order` VALUES (113, 1, '2019111072516596764321', 81, 84.51, 2, 3, 1573372516, 1573372516);
INSERT INTO `pay_order` VALUES (114, 1, '2019111072522579479724', 81, 112.68, 2, 3, 1573372522, 1573372522);
INSERT INTO `pay_order` VALUES (115, 1, '2019111072616366741084', 79, 309.87, 2, 3, 1573372616, 1573372616);
INSERT INTO `pay_order` VALUES (116, 1, '2019111073095724658099', 167, 56.34, 2, 2, 1573373095, 1573373095);
INSERT INTO `pay_order` VALUES (117, 1, '2019111073149258924159', 168, 56.34, 2, 2, 1573373149, 1573373149);
INSERT INTO `pay_order` VALUES (118, 1, '2019111075759235914111', 161, 140.85, 2, 3, 1573375759, 1573375759);
INSERT INTO `pay_order` VALUES (119, 1, '2019111077234451099673', 166, 56.34, 2, 2, 1573377234, 1573377234);
INSERT INTO `pay_order` VALUES (120, 1, '2019111083643908326122', 91, 56.34, 1, 2, 1573383643, 1573383643);
INSERT INTO `pay_order` VALUES (121, 1, '2019111084350750939435', 175, 56.34, 2, 2, 1573384350, 1573384350);
INSERT INTO `pay_order` VALUES (122, 1, '2019111085077190284741', 176, 56.34, 2, 2, 1573385077, 1573385077);
INSERT INTO `pay_order` VALUES (123, 1, '2019111087149208796140', 177, 56.34, 2, 2, 1573387149, 1573387149);
INSERT INTO `pay_order` VALUES (124, 1, '2019111087767049863919', 162, 140.85, 2, 3, 1573387767, 1573387767);
INSERT INTO `pay_order` VALUES (125, 1, '2019111087796473308726', 162, 169.02, 2, 3, 1573387796, 1573387796);
INSERT INTO `pay_order` VALUES (126, 1, '2019111088610288488667', 177, 84.51, 1, 3, 1573388610, 1573388610);
INSERT INTO `pay_order` VALUES (127, 1, '2019111089487644883662', 178, 56.34, 1, 2, 1573389487, 1573389487);
INSERT INTO `pay_order` VALUES (128, 1, '2019111089673594928260', 178, 56.34, 2, 2, 1573389673, 1573389673);
INSERT INTO `pay_order` VALUES (129, 1, '2019111090736123943616', 179, 56.34, 2, 2, 1573390736, 1573390736);
INSERT INTO `pay_order` VALUES (130, 1, '2019111093511214499781', 180, 56.34, 2, 2, 1573393511, 1573393511);
INSERT INTO `pay_order` VALUES (131, 1, '2019111094841516929613', 183, 56.34, 2, 2, 1573394841, 1573394841);
INSERT INTO `pay_order` VALUES (132, 1, '2019111096598376915576', 184, 56.34, 1, 2, 1573396598, 1573396598);
INSERT INTO `pay_order` VALUES (133, 1, '2019111096619824832194', 184, 1.41, 1, 2, 1573396619, 1573396619);
INSERT INTO `pay_order` VALUES (134, 1, '2019111098477479988407', 187, 56.34, 2, 2, 1573398477, 1573398477);
INSERT INTO `pay_order` VALUES (135, 1, '2019111000126474876696', 188, 56.34, 2, 2, 1573400126, 1573400126);
INSERT INTO `pay_order` VALUES (136, 1, '2019111000879016028552', 188, 1.41, 1, 2, 1573400879, 1573400879);
INSERT INTO `pay_order` VALUES (137, 1, '2019111108402433934477', 189, 56.34, 2, 2, 1573408402, 1573408402);
INSERT INTO `pay_order` VALUES (138, 1, '2019111108428402815454', 189, 84.51, 2, 3, 1573408428, 1573408428);
INSERT INTO `pay_order` VALUES (139, 1, '2019111108432366531804', 189, 112.68, 2, 3, 1573408432, 1573408432);
INSERT INTO `pay_order` VALUES (140, 1, '2019111129774372487183', 191, 56.34, 2, 2, 1573429774, 1573429774);
INSERT INTO `pay_order` VALUES (141, 1, '2019111138246035982189', 188, 84.51, 1, 3, 1573438246, 1573438246);
INSERT INTO `pay_order` VALUES (142, 1, '2019111138275261142142', 188, 1.41, 1, 2, 1573438275, 1573438275);
INSERT INTO `pay_order` VALUES (143, 1, '2019111139816664327003', 107, 84.51, 1, 3, 1573439816, 1573439816);
INSERT INTO `pay_order` VALUES (144, 1, '2019111140770256049042', 115, 84.51, 1, 3, 1573440770, 1573440770);
INSERT INTO `pay_order` VALUES (145, 1, '2019111141370859719563', 115, 84.51, 1, 3, 1573441370, 1573441370);
INSERT INTO `pay_order` VALUES (146, 1, '2019111141414703798374', 115, 84.51, 1, 3, 1573441414, 1573441414);
INSERT INTO `pay_order` VALUES (147, 1, '2019111141828250791214', 115, 84.51, 2, 3, 1573441828, 1573441828);
INSERT INTO `pay_order` VALUES (148, 1, '2019111144007030371752', 118, 84.51, 1, 3, 1573444007, 1573444007);
INSERT INTO `pay_order` VALUES (149, 1, '2019111144318071445437', 118, 84.51, 1, 3, 1573444318, 1573444318);
INSERT INTO `pay_order` VALUES (150, 1, '2019111145847449912023', 118, 84.51, 2, 3, 1573445847, 1573445847);
INSERT INTO `pay_order` VALUES (151, 1, '2019111146862371418486', 140, 84.51, 2, 3, 1573446862, 1573446862);
INSERT INTO `pay_order` VALUES (152, 1, '2019111147221782211181', 107, 84.51, 1, 3, 1573447221, 1573447221);
INSERT INTO `pay_order` VALUES (153, 1, '2019111147324195719241', 107, 84.51, 1, 3, 1573447324, 1573447324);
INSERT INTO `pay_order` VALUES (154, 1, '2019111147365856027620', 102, 84.51, 1, 3, 1573447365, 1573447365);
INSERT INTO `pay_order` VALUES (155, 1, '2019111147539035172820', 102, 84.51, 1, 3, 1573447539, 1573447539);
INSERT INTO `pay_order` VALUES (156, 1, '2019111147557460576504', 102, 84.51, 1, 3, 1573447557, 1573447557);
INSERT INTO `pay_order` VALUES (157, 1, '2019111147646389122497', 124, 84.51, 1, 3, 1573447646, 1573447646);
INSERT INTO `pay_order` VALUES (158, 1, '2019111147860394871425', 140, 112.68, 1, 3, 1573447860, 1573447860);
INSERT INTO `pay_order` VALUES (159, 1, '2019111147903224857548', 124, 84.51, 1, 3, 1573447903, 1573447903);
INSERT INTO `pay_order` VALUES (160, 1, '2019111148368697686906', 102, 84.51, 2, 3, 1573448368, 1573448368);
INSERT INTO `pay_order` VALUES (161, 1, '2019111148399302061512', 124, 84.51, 1, 3, 1573448399, 1573448399);
INSERT INTO `pay_order` VALUES (162, 1, '2019111148530191327025', 124, 84.51, 1, 3, 1573448530, 1573448530);
INSERT INTO `pay_order` VALUES (163, 1, '2019111148671275265665', 124, 84.51, 1, 3, 1573448671, 1573448671);
INSERT INTO `pay_order` VALUES (164, 1, '2019111148708400367438', 124, 84.51, 1, 3, 1573448708, 1573448708);
INSERT INTO `pay_order` VALUES (165, 1, '2019111148802294185879', 124, 84.51, 1, 3, 1573448802, 1573448802);
INSERT INTO `pay_order` VALUES (166, 1, '2019111148895466669053', 124, 84.51, 1, 3, 1573448895, 1573448895);
INSERT INTO `pay_order` VALUES (167, 1, '2019111148972497589507', 124, 84.51, 1, 3, 1573448972, 1573448972);
INSERT INTO `pay_order` VALUES (168, 1, '2019111148997096762548', 124, 84.51, 1, 3, 1573448997, 1573448997);
INSERT INTO `pay_order` VALUES (169, 1, '2019111149082750758922', 124, 84.51, 1, 3, 1573449082, 1573449082);
INSERT INTO `pay_order` VALUES (170, 1, '2019111149113614662104', 124, 84.51, 2, 3, 1573449113, 1573449113);
INSERT INTO `pay_order` VALUES (171, 1, '2019111149233335787413', 124, 112.68, 1, 3, 1573449233, 1573449233);
INSERT INTO `pay_order` VALUES (172, 1, '2019111149664856591031', 124, 112.68, 1, 3, 1573449664, 1573449664);
INSERT INTO `pay_order` VALUES (173, 1, '2019111150425861378620', 124, 112.68, 1, 3, 1573450425, 1573450425);
INSERT INTO `pay_order` VALUES (174, 1, '2019111150547411367710', 124, 112.68, 1, 3, 1573450547, 1573450547);
INSERT INTO `pay_order` VALUES (175, 1, '2019111150652288162586', 124, 112.68, 1, 3, 1573450652, 1573450652);
INSERT INTO `pay_order` VALUES (176, 1, '2019111150802835341131', 124, 112.68, 1, 3, 1573450802, 1573450802);
INSERT INTO `pay_order` VALUES (177, 1, '2019111150855233838338', 192, 56.34, 1, 2, 1573450855, 1573450855);
INSERT INTO `pay_order` VALUES (178, 1, '2019111151962447905205', 169, 56.34, 2, 2, 1573451962, 1573451962);
INSERT INTO `pay_order` VALUES (179, 1, '2019111152210099533859', 124, 112.68, 2, 3, 1573452210, 1573452210);
INSERT INTO `pay_order` VALUES (180, 1, '2019111153405498202937', 88, 56.34, 2, 2, 1573453405, 1573453405);
INSERT INTO `pay_order` VALUES (181, 1, '2019111153418714101824', 88, 197.19, 2, 3, 1573453418, 1573453418);
INSERT INTO `pay_order` VALUES (182, 1, '2019111153797117273855', 193, 56.34, 2, 2, 1573453797, 1573453797);
INSERT INTO `pay_order` VALUES (183, 1, '2019111154767094702215', 199, 56.34, 2, 2, 1573454767, 1573454767);
INSERT INTO `pay_order` VALUES (184, 1, '2019111156284590468700', 107, 84.51, 2, 3, 1573456284, 1573456284);
INSERT INTO `pay_order` VALUES (185, 1, '2019111156295697524214', 107, 112.68, 2, 3, 1573456295, 1573456295);
INSERT INTO `pay_order` VALUES (186, 1, '2019111156331303292950', 176, 84.51, 1, 3, 1573456331, 1573456331);
INSERT INTO `pay_order` VALUES (187, 1, '2019111156434283112726', 170, 1.41, 2, 2, 1573456434, 1573456434);
INSERT INTO `pay_order` VALUES (188, 1, '2019111156563999728833', 98, 84.51, 2, 3, 1573456564, 1573456564);
INSERT INTO `pay_order` VALUES (189, 1, '2019111156793285499689', 201, 56.34, 2, 2, 1573456793, 1573456793);
INSERT INTO `pay_order` VALUES (190, 1, '2019111157410673788783', 145, 56.34, 1, 2, 1573457410, 1573457410);
INSERT INTO `pay_order` VALUES (191, 1, '2019111157430986874928', 145, 1.41, 2, 2, 1573457431, 1573457430);
INSERT INTO `pay_order` VALUES (192, 1, '2019111157570680953071', 202, 56.34, 2, 2, 1573457570, 1573457570);
INSERT INTO `pay_order` VALUES (193, 1, '2019111160503142965959', 204, 56.34, 2, 2, 1573460503, 1573460503);
INSERT INTO `pay_order` VALUES (194, 1, '2019111161232181418557', 207, 56.34, 1, 2, 1573461232, 1573461232);
INSERT INTO `pay_order` VALUES (195, 1, '2019111161768343412480', 207, 56.34, 1, 2, 1573461768, 1573461768);
INSERT INTO `pay_order` VALUES (196, 1, '2019111162184094685595', 194, 56.34, 2, 2, 1573462184, 1573462184);
INSERT INTO `pay_order` VALUES (197, 1, '2019111162841382478049', 203, 56.34, 2, 2, 1573462841, 1573462841);
INSERT INTO `pay_order` VALUES (198, 1, '2019111163765190641069', 81, 1.41, 2, 2, 1573463765, 1573463765);
INSERT INTO `pay_order` VALUES (199, 1, '2019111164274039402072', 208, 57.15, 1, 2, 1573464274, 1573464274);
INSERT INTO `pay_order` VALUES (200, 1, '2019111165915777387991', 210, 57.15, 1, 2, 1573465915, 1573465915);
INSERT INTO `pay_order` VALUES (201, 1, '2019111165955797922537', 210, 57.15, 1, 2, 1573465955, 1573465955);
INSERT INTO `pay_order` VALUES (202, 1, '2019111166144142371772', 208, 57.15, 2, 2, 1573466144, 1573466144);
INSERT INTO `pay_order` VALUES (203, 1, '2019111166233003407587', 210, 57.15, 1, 2, 1573466233, 1573466233);
INSERT INTO `pay_order` VALUES (204, 1, '2019111166295516244933', 210, 57.15, 1, 2, 1573466295, 1573466295);
INSERT INTO `pay_order` VALUES (205, 1, '2019111166702157896782', 210, 57.15, 2, 2, 1573466702, 1573466702);
INSERT INTO `pay_order` VALUES (206, 1, '2019111168953297211164', 211, 57.15, 2, 2, 1573468953, 1573468953);
INSERT INTO `pay_order` VALUES (207, 1, '2019111169293482951297', 213, 57.15, 2, 2, 1573469293, 1573469293);
INSERT INTO `pay_order` VALUES (208, 1, '2019111170125174211519', 212, 57.15, 2, 2, 1573470125, 1573470125);
INSERT INTO `pay_order` VALUES (209, 1, '2019111172873699875052', 216, 57.15, 2, 2, 1573472873, 1573472873);
INSERT INTO `pay_order` VALUES (210, 1, '2019111173021959862509', 217, 57.15, 2, 2, 1573473022, 1573473021);
INSERT INTO `pay_order` VALUES (211, 1, '2019111173303060328460', 218, 57.15, 2, 2, 1573473303, 1573473303);
INSERT INTO `pay_order` VALUES (212, 1, '2019111173363181634970', 218, 85.73, 1, 3, 1573473363, 1573473363);
INSERT INTO `pay_order` VALUES (213, 1, '2019111173416290476820', 218, 85.73, 2, 3, 1573473416, 1573473416);
INSERT INTO `pay_order` VALUES (214, 1, '2019111173530606685453', 219, 57.15, 1, 2, 1573473530, 1573473530);
INSERT INTO `pay_order` VALUES (215, 1, '2019111173536273928932', 219, 57.15, 1, 2, 1573473536, 1573473536);
INSERT INTO `pay_order` VALUES (216, 1, '2019111173565338341159', 219, 57.15, 2, 2, 1573473565, 1573473565);
INSERT INTO `pay_order` VALUES (217, 1, '2019111174056184981508', 116, 85.73, 1, 3, 1573474056, 1573474056);
INSERT INTO `pay_order` VALUES (218, 1, '2019111174168424821259', 220, 57.15, 2, 2, 1573474168, 1573474168);
INSERT INTO `pay_order` VALUES (219, 1, '2019111174248677934896', 116, 85.73, 2, 3, 1573474248, 1573474248);
INSERT INTO `pay_order` VALUES (220, 1, '2019111176554919045031', 201, 85.73, 2, 3, 1573476554, 1573476554);
INSERT INTO `pay_order` VALUES (221, 1, '2019111177027327946645', 221, 57.15, 2, 2, 1573477027, 1573477027);
INSERT INTO `pay_order` VALUES (222, 1, '2019111177898788727236', 102, 114.30, 2, 3, 1573477898, 1573477898);
INSERT INTO `pay_order` VALUES (223, 1, '2019111178839305827704', 89, 142.88, 1, 3, 1573478839, 1573478839);
INSERT INTO `pay_order` VALUES (224, 1, '2019111178954799236265', 89, 142.88, 2, 3, 1573478954, 1573478954);
INSERT INTO `pay_order` VALUES (225, 1, '2019111181570951307819', 90, 142.88, 2, 3, 1573481571, 1573481570);
INSERT INTO `pay_order` VALUES (226, 1, '2019111182591586386840', 201, 114.30, 2, 3, 1573482591, 1573482591);
INSERT INTO `pay_order` VALUES (227, 1, '2019111183185568798126', 84, 171.45, 2, 3, 1573483185, 1573483185);
INSERT INTO `pay_order` VALUES (228, 1, '2019111183406588751338', 84, 200.03, 2, 3, 1573483406, 1573483406);
INSERT INTO `pay_order` VALUES (229, 1, '2019111183520396316423', 84, 228.60, 2, 3, 1573483520, 1573483520);
INSERT INTO `pay_order` VALUES (230, 1, '2019111183779414312967', 201, 142.88, 2, 3, 1573483779, 1573483779);
INSERT INTO `pay_order` VALUES (231, 1, '2019111183868823117493', 201, 171.45, 2, 3, 1573483868, 1573483868);
INSERT INTO `pay_order` VALUES (232, 1, '2019111294830270315944', 145, 57.15, 1, 2, 1573494830, 1573494830);
INSERT INTO `pay_order` VALUES (233, 1, '2019111235607142717125', 211, 85.73, 1, 3, 1573535607, 1573535607);
INSERT INTO `pay_order` VALUES (234, 1, '2019111235869456956816', 211, 85.73, 2, 3, 1573535869, 1573535869);

-- ----------------------------
-- Table structure for profit
-- ----------------------------
DROP TABLE IF EXISTS `profit`;
CREATE TABLE `profit`  (
  `id` int(11) UNSIGNED NOT NULL AUTO_INCREMENT,
  `currency_id` int(11) UNSIGNED NOT NULL COMMENT '币种',
  `rel_id` int(11) UNSIGNED NOT NULL COMMENT '关联id',
  `money` decimal(10, 3) NOT NULL COMMENT '收益数量',
  `scene` tinyint(1) UNSIGNED NOT NULL COMMENT '场景1:创建财富树收益2:财富树下级收益3:推广收益',
  `create_time` int(11) NOT NULL COMMENT '添加时间',
  PRIMARY KEY (`id`) USING BTREE
) ENGINE = InnoDB AUTO_INCREMENT = 62 CHARACTER SET = utf8 COLLATE = utf8_general_ci COMMENT = '平台收益' ROW_FORMAT = Dynamic;

-- ----------------------------
-- Records of profit
-- ----------------------------
INSERT INTO `profit` VALUES (1, 1, 2, 1.410, 2, 1573283200);
INSERT INTO `profit` VALUES (2, 1, 1, 56.340, 2, 1573283226);
INSERT INTO `profit` VALUES (3, 1, 1, 84.510, 2, 1573283244);
INSERT INTO `profit` VALUES (4, 1, 1, 112.680, 2, 1573283244);
INSERT INTO `profit` VALUES (5, 1, 1, 140.850, 2, 1573283244);
INSERT INTO `profit` VALUES (6, 1, 1, 169.020, 2, 1573283244);
INSERT INTO `profit` VALUES (7, 1, 2, 2.820, 2, 1573283265);
INSERT INTO `profit` VALUES (8, 1, 2, 4.230, 2, 1573283265);
INSERT INTO `profit` VALUES (9, 1, 2, 5.640, 2, 1573283265);
INSERT INTO `profit` VALUES (10, 1, 2, 7.050, 2, 1573283265);
INSERT INTO `profit` VALUES (11, 1, 2, 2.820, 2, 1573284089);
INSERT INTO `profit` VALUES (12, 1, 2, 4.230, 2, 1573284089);
INSERT INTO `profit` VALUES (13, 1, 1, 56.340, 2, 1573284474);
INSERT INTO `profit` VALUES (14, 1, 1, 84.510, 2, 1573284529);
INSERT INTO `profit` VALUES (15, 1, 1, 112.680, 2, 1573284529);
INSERT INTO `profit` VALUES (16, 1, 2, 1.410, 2, 1573298462);
INSERT INTO `profit` VALUES (17, 1, 1, 140.850, 2, 1573305520);
INSERT INTO `profit` VALUES (18, 1, 1, 169.020, 2, 1573305533);
INSERT INTO `profit` VALUES (19, 1, 1, 56.340, 2, 1573305874);
INSERT INTO `profit` VALUES (20, 1, 1, 56.340, 2, 1573305940);
INSERT INTO `profit` VALUES (21, 1, 1, 84.510, 2, 1573305952);
INSERT INTO `profit` VALUES (22, 1, 1, 112.680, 2, 1573305952);
INSERT INTO `profit` VALUES (23, 1, 1, 84.510, 2, 1573305959);
INSERT INTO `profit` VALUES (24, 1, 1, 112.680, 2, 1573305973);
INSERT INTO `profit` VALUES (25, 1, 1, 140.850, 2, 1573305975);
INSERT INTO `profit` VALUES (26, 1, 2, 2.820, 2, 1573306246);
INSERT INTO `profit` VALUES (27, 1, 2, 4.230, 2, 1573306246);
INSERT INTO `profit` VALUES (28, 1, 2, 5.640, 2, 1573306246);
INSERT INTO `profit` VALUES (29, 1, 2, 4.230, 2, 1573307119);
INSERT INTO `profit` VALUES (30, 1, 1, 84.510, 2, 1573308139);
INSERT INTO `profit` VALUES (31, 1, 1, 112.680, 2, 1573308139);
INSERT INTO `profit` VALUES (32, 1, 1, 84.510, 2, 1573315366);
INSERT INTO `profit` VALUES (33, 1, 1, 112.680, 2, 1573315369);
INSERT INTO `profit` VALUES (34, 1, 1, 84.510, 2, 1573315658);
INSERT INTO `profit` VALUES (35, 1, 1, 112.680, 2, 1573315658);
INSERT INTO `profit` VALUES (36, 1, 1, 84.510, 2, 1573354095);
INSERT INTO `profit` VALUES (37, 1, 1, 112.680, 2, 1573354197);
INSERT INTO `profit` VALUES (38, 1, 1, 84.510, 2, 1573372516);
INSERT INTO `profit` VALUES (39, 1, 1, 112.680, 2, 1573372522);
INSERT INTO `profit` VALUES (40, 1, 1, 140.850, 2, 1573372616);
INSERT INTO `profit` VALUES (41, 1, 1, 169.020, 2, 1573372616);
INSERT INTO `profit` VALUES (42, 1, 1, 140.850, 2, 1573375759);
INSERT INTO `profit` VALUES (43, 1, 1, 140.850, 2, 1573387767);
INSERT INTO `profit` VALUES (44, 1, 1, 169.020, 2, 1573387796);
INSERT INTO `profit` VALUES (45, 1, 1, 112.680, 2, 1573408432);
INSERT INTO `profit` VALUES (46, 1, 1, 112.680, 2, 1573452210);
INSERT INTO `profit` VALUES (47, 1, 1, 84.510, 2, 1573453419);
INSERT INTO `profit` VALUES (48, 1, 1, 112.680, 2, 1573453419);
INSERT INTO `profit` VALUES (49, 1, 1, 112.680, 2, 1573456295);
INSERT INTO `profit` VALUES (50, 1, 2, 1.410, 2, 1573456434);
INSERT INTO `profit` VALUES (51, 1, 2, 1.410, 2, 1573457431);
INSERT INTO `profit` VALUES (52, 1, 2, 1.410, 2, 1573463765);
INSERT INTO `profit` VALUES (53, 1, 1, 142.875, 2, 1573478954);
INSERT INTO `profit` VALUES (54, 1, 1, 142.875, 2, 1573481571);
INSERT INTO `profit` VALUES (55, 1, 1, 114.300, 2, 1573482591);
INSERT INTO `profit` VALUES (56, 1, 1, 171.450, 2, 1573483185);
INSERT INTO `profit` VALUES (57, 1, 1, 200.025, 2, 1573483406);
INSERT INTO `profit` VALUES (58, 1, 1, 228.600, 2, 1573483520);
INSERT INTO `profit` VALUES (59, 1, 1, 142.875, 2, 1573483779);
INSERT INTO `profit` VALUES (60, 1, 1, 171.450, 2, 1573483869);

-- ----------------------------
-- Table structure for recharge
-- ----------------------------
DROP TABLE IF EXISTS `recharge`;
CREATE TABLE `recharge`  (
  `id` int(10) UNSIGNED NOT NULL AUTO_INCREMENT,
  `order_no` varchar(100) CHARACTER SET utf8 COLLATE utf8_general_ci NOT NULL COMMENT '订单号',
  `uid` int(10) UNSIGNED NOT NULL COMMENT '充值用户',
  `address` varchar(255) CHARACTER SET utf8 COLLATE utf8_general_ci NOT NULL COMMENT '充值地址',
  `count` decimal(10, 3) NOT NULL COMMENT '充值数量',
  `coinType` varchar(50) CHARACTER SET utf8 COLLATE utf8_general_ci NOT NULL COMMENT '币种',
  `create_time` int(11) NOT NULL COMMENT '充值时间',
  `status` int(11) NOT NULL COMMENT '1:未到账2:已到账',
  PRIMARY KEY (`id`) USING BTREE,
  UNIQUE INDEX `order_no`(`order_no`) USING BTREE
) ENGINE = InnoDB AUTO_INCREMENT = 36 CHARACTER SET = utf8 COLLATE = utf8_general_ci COMMENT = '充值记录' ROW_FORMAT = Dynamic;

-- ----------------------------
-- Records of recharge
-- ----------------------------
INSERT INTO `recharge` VALUES (1, '0x329ebcf56bc1f3d2df2efb6e275ed7a2ece39fcdfe742410ce923f26848d45bd', 116, '0x3456dccb958467417b82720faddcaf09e0abf23a', 57.800, 'USDT', 0, 1);
INSERT INTO `recharge` VALUES (2, '0xcf21b44d1e6200872cf38884cc6b0c4ca10a15f5c91852003ff6a87a2cfddc6a', 124, '0x3a990da30540fa8e1114607b9d8afae3bddcf14d', 56.400, 'USDT', 0, 1);
INSERT INTO `recharge` VALUES (3, '0xf73325b825493df0ee16264845e4055e2fabcf6067e06ea7fb67f75b284506a0', 102, '0x45f589b9e1b9428fd4dd87eceec12d48be5ffa5a', 57.800, 'USDT', 0, 1);
INSERT INTO `recharge` VALUES (4, '0x1f3b0d67f6c273ce0bcfa6ff0e727fc35216480ce73f2aa58928a593791c90b4', 118, '0x08f904bf668a1a7a4bcc0d1ef3286d3d8780da72', 60.000, 'USDT', 0, 1);
INSERT INTO `recharge` VALUES (5, '0xc5739304d82f21bae44574b0612a5c84538a9aef382e6c1d15bede435aa4ff7e', 134, '0x7a5d290290a143b6c7b03aa201f9354782074603', 19.000, 'USDT', 0, 1);
INSERT INTO `recharge` VALUES (6, '0xb93af3cf015f76538c814bcd61ece712427324a25ef6db6a6c4296106ab26ec2', 145, '0x483c007187f727df94636e140e35eb70e015540f', 1.000, 'USDT', 0, 1);
INSERT INTO `recharge` VALUES (7, '0xabecc88861b960d532987937545c943229b208f671a663a76db2925e5badac96', 145, '0x483c007187f727df94636e140e35eb70e015540f', 13.000, 'USDT', 0, 1);
INSERT INTO `recharge` VALUES (8, '0x86d42c35ffab8cb8b8eafc87d0cb0a4783eabca6e3e3eed682541147ac22b2f0', 145, '0x483c007187f727df94636e140e35eb70e015540f', 0.100, 'USDT', 0, 1);
INSERT INTO `recharge` VALUES (9, '0x80f1767c70690f90e6b3cc5a7adaf743e4c988a213a64e9f5fdab09815954558', 160, '0xfd56cf94f9eb338bc0ea374d188f3d6362c132c1', 62.176, 'USDT', 1573348878, 1);
INSERT INTO `recharge` VALUES (10, '0x8118442c180c721dab5cc3f5b096248577652959e352261d7063d1e1d04a5b17', 104, '0xb420611b9c14aa9ff0a6352d2d82c6bfc03c0af7', 56.820, 'USDT', 1573351037, 1);
INSERT INTO `recharge` VALUES (11, '0x537a0fa0ee1ff83cfd060c48ebd238c88e46492276c347e7d9afa399d8964b76', 159, '0xdaf1cd851dee1ae72b51737b4b2a920ae9253fe2', 56.340, 'USDT', 1573351658, 1);
INSERT INTO `recharge` VALUES (12, '0x8cfd76c5821766f1320e592a19a4acc7413094aad5a1fb8cc9b9ea7c5b6a738c', 89, '0xace575477852ee0172e303601325a2da0a7d8b6a', 1.940, 'USDT', 1573356638, 1);
INSERT INTO `recharge` VALUES (13, '0x5d4981f9bf39c27c32ee8869640e60b637b0b4a2dca89eb6a7f89b79431ab771', 89, '0xace575477852ee0172e303601325a2da0a7d8b6a', 3.900, 'USDT', 1573360747, 1);
INSERT INTO `recharge` VALUES (14, '0x20f328c89bf9ff5fe55028373ec93f534a63e59827df4a26342f79e47874587d', 145, '0x483c007187f727df94636e140e35eb70e015540f', 0.100, 'USDT', 1573372853, 1);
INSERT INTO `recharge` VALUES (15, '0xeaf30a70b476c35d49ae0d322720cb56cd24a6bbe1e7503f725a96951c7f7de4', 145, '0x483c007187f727df94636e140e35eb70e015540f', 0.100, 'USDT', 1573374448, 1);
INSERT INTO `recharge` VALUES (16, '0x46deadbe80eeb82c0519f217401f36a90f3c23d30c7140289d7109bffad9adb9', 145, '0x483c007187f727df94636e140e35eb70e015540f', 6.010, 'USDT', 1573375737, 1);
INSERT INTO `recharge` VALUES (17, '0xc8f91274272345cf67ff0c93af62274a41819bfcb785f7773acd1f962d1c034c', 89, '0xace575477852ee0172e303601325a2da0a7d8b6a', 3.900, 'USDT', 1573434773, 1);
INSERT INTO `recharge` VALUES (18, '0xe2cfd8831176423faa34692a2059ebdb2a4fe803e48e6b9d68c3469d12cbf196', 89, '0xace575477852ee0172e303601325a2da0a7d8b6a', 3.900, 'USDT', 1573435138, 1);
INSERT INTO `recharge` VALUES (19, '0xb6caf3fdc0ad0fc55e92553da373627e3108a6d6374621078f50c85fc938f312', 115, '0xd64ba45cd794f709a3e0622990d69479683246b2', 83.241, 'USDT', 1573441407, 1);
INSERT INTO `recharge` VALUES (20, '0x2f5152f3df8353f8d1be68a65ae82f81ea6775077ef8ac63db28455bd62868c2', 115, '0xd64ba45cd794f709a3e0622990d69479683246b2', 3.212, 'USDT', 1573441631, 1);
INSERT INTO `recharge` VALUES (21, '0x185d5564904bd910c12f5397f6896f172e6db9c914967b722d2f81c7c1422676', 102, '0x45f589b9e1b9428fd4dd87eceec12d48be5ffa5a', 27.000, 'USDT', 1573447887, 1);
INSERT INTO `recharge` VALUES (22, '0xe8c30aceb067b6d82d02e35e8cdb6770c421203c900f5619b1886cb2dd2ff5f4', 124, '0x3a990da30540fa8e1114607b9d8afae3bddcf14d', 111.321, 'USDT', 1573449087, 1);
INSERT INTO `recharge` VALUES (23, '0xa5e74d30e1e4c3b05b5ba8b0010bf5a71393492671298e73b9c3039cf305bfa6', 145, '0x483c007187f727df94636e140e35eb70e015540f', 1.808, 'USDT', 1573449093, 1);
INSERT INTO `recharge` VALUES (24, '0x70b5ba38a1c08f77aa7d2382e2924fd64e870400a51062f7cfcc04723f61860d', 124, '0x3a990da30540fa8e1114607b9d8afae3bddcf14d', 29.000, 'USDT', 1573450762, 1);
INSERT INTO `recharge` VALUES (25, '0x75803a37dc56e83e165fa579fcd3121c765595e0dfeb80f424728b3cb872c118', 158, '0x9ef3f6506e38c89b691d2c3576361bf1bf204c6f', 100.000, 'DYX', 1573451652, 1);
INSERT INTO `recharge` VALUES (26, '0x6d87ea3c7f3b98d0daf999358ea917af8bf2318a3c021011bd97c93582d6d900', 124, '0x3a990da30540fa8e1114607b9d8afae3bddcf14d', 1.808, 'USDT', 1573452156, 1);
INSERT INTO `recharge` VALUES (27, '0x90382ebe3fea9163f85a88fe5247e60339885fc6850a00bc17f55fea5929974b', 158, '0x9ef3f6506e38c89b691d2c3576361bf1bf204c6f', 100.000, 'DYX', 1573453077, 1);
INSERT INTO `recharge` VALUES (28, '0x5042317372d4163283078c4bede981e9b5e6e615f34ddc1abb0267a12a0ae33d', 199, '0x67a5b3721c92a00e2be5515b6c7adc3fec278221', 57.000, 'USDT', 1573454682, 1);
INSERT INTO `recharge` VALUES (29, '0xabb0efdedc28b678273af0fc58a6723069b863ddd79ac4a32d2c0cc4316f381d', 107, '0x5844e1684dcf874a513275e3e89c0d54243aa3f4', 204.170, 'USDT', 1573456162, 1);
INSERT INTO `recharge` VALUES (30, '0xc7b51122b8ff3a43dea5270629fb215443a8ce1c2d717d6c1d5d776eae0b6bf3', 158, '0x9ef3f6506e38c89b691d2c3576361bf1bf204c6f', 1.000, 'DYX', 1573456262, 1);
INSERT INTO `recharge` VALUES (31, '0xd8586591da7d583b39e7ffc7b3e862a90ccaee2665165c7b8a0a28020cec2d08', 158, '0x9ef3f6506e38c89b691d2c3576361bf1bf204c6f', 1.000, 'DYX', 1573456293, 1);
INSERT INTO `recharge` VALUES (32, '0xbf0036e1095ff8177b769832838b40cdd2f7dd16a2204511c7e5b7c60d417d3e', 158, '0x9ef3f6506e38c89b691d2c3576361bf1bf204c6f', 1.000, 'DYX', 1573456642, 1);
INSERT INTO `recharge` VALUES (33, '0x5d7239efe3a5820031971e0cc3ca3af48aa6bcefff67e54740ca785ec52d4838', 158, '0x9ef3f6506e38c89b691d2c3576361bf1bf204c6f', 0.100, 'USDT', 1573457127, 1);
INSERT INTO `recharge` VALUES (34, '0xb32e857495dad46105bcf076d40c35fb5494cfc55c29d450f17cfc3f385cdd89', 102, '0x45f589b9e1b9428fd4dd87eceec12d48be5ffa5a', 114.799, 'USDT', 1573458857, 1);
INSERT INTO `recharge` VALUES (35, '0x413e8b02dfd619cbab1f64dd044f167efb51fb2e7de76c1b36001a38a0d12598', 158, '0x9ef3f6506e38c89b691d2c3576361bf1bf204c6f', 1.000, 'DYX', 1573458948, 1);

-- ----------------------------
-- Table structure for settlement
-- ----------------------------
DROP TABLE IF EXISTS `settlement`;
CREATE TABLE `settlement`  (
  `id` int(11) UNSIGNED NOT NULL AUTO_INCREMENT,
  `currency_id` int(11) UNSIGNED NOT NULL,
  `count` decimal(11, 3) NOT NULL COMMENT '结算数量',
  `create_time` int(11) NOT NULL COMMENT '添加时间',
  `update_time` int(11) NOT NULL COMMENT '更新时间',
  PRIMARY KEY (`id`) USING BTREE
) ENGINE = InnoDB AUTO_INCREMENT = 1 CHARACTER SET = utf8 COLLATE = utf8_general_ci COMMENT = '结算记录' ROW_FORMAT = Dynamic;

-- ----------------------------
-- Table structure for transfer
-- ----------------------------
DROP TABLE IF EXISTS `transfer`;
CREATE TABLE `transfer`  (
  `id` int(11) UNSIGNED NOT NULL AUTO_INCREMENT,
  `fuid` int(11) UNSIGNED NOT NULL COMMENT '转账人',
  `tuid` int(11) UNSIGNED NOT NULL COMMENT '收款人',
  `currency_id` int(11) UNSIGNED NOT NULL COMMENT '币种',
  `money` decimal(10, 3) NOT NULL COMMENT '金额',
  `remark` varchar(100) CHARACTER SET utf8 COLLATE utf8_general_ci NULL DEFAULT NULL COMMENT '备注',
  `create_time` int(11) NOT NULL COMMENT '添加时间',
  PRIMARY KEY (`id`) USING BTREE
) ENGINE = InnoDB AUTO_INCREMENT = 113 CHARACTER SET = utf8 COLLATE = utf8_general_ci COMMENT = '转账记录' ROW_FORMAT = Dynamic;

-- ----------------------------
-- Records of transfer
-- ----------------------------
INSERT INTO `transfer` VALUES (1, 74, 75, 1, 20.000, NULL, 1573283376);
INSERT INTO `transfer` VALUES (2, 74, 76, 1, 20.000, NULL, 1573283502);
INSERT INTO `transfer` VALUES (3, 74, 77, 1, 20.000, NULL, 1573283696);
INSERT INTO `transfer` VALUES (4, 74, 80, 1, 359.000, NULL, 1573284358);
INSERT INTO `transfer` VALUES (5, 80, 90, 1, 100.000, NULL, 1573296441);
INSERT INTO `transfer` VALUES (6, 80, 90, 1, 50.000, NULL, 1573296721);
INSERT INTO `transfer` VALUES (7, 80, 139, 1, 1.410, NULL, 1573298421);
INSERT INTO `transfer` VALUES (8, 90, 107, 1, 56.340, NULL, 1573298698);
INSERT INTO `transfer` VALUES (9, 90, 98, 1, 56.340, NULL, 1573299098);
INSERT INTO `transfer` VALUES (10, 90, 115, 1, 56.340, NULL, 1573299281);
INSERT INTO `transfer` VALUES (11, 90, 118, 1, 56.340, NULL, 1573299440);
INSERT INTO `transfer` VALUES (12, 90, 116, 1, 56.340, NULL, 1573299514);
INSERT INTO `transfer` VALUES (13, 90, 140, 1, 56.340, NULL, 1573299555);
INSERT INTO `transfer` VALUES (14, 90, 105, 1, 56.340, NULL, 1573299741);
INSERT INTO `transfer` VALUES (15, 90, 106, 1, 56.340, NULL, 1573300446);
INSERT INTO `transfer` VALUES (16, 90, 142, 1, 56.340, NULL, 1573300577);
INSERT INTO `transfer` VALUES (17, 90, 103, 1, 56.340, NULL, 1573300754);
INSERT INTO `transfer` VALUES (18, 90, 95, 1, 56.340, NULL, 1573300883);
INSERT INTO `transfer` VALUES (19, 90, 126, 1, 56.340, NULL, 1573300939);
INSERT INTO `transfer` VALUES (20, 90, 101, 1, 56.340, NULL, 1573301010);
INSERT INTO `transfer` VALUES (21, 90, 110, 1, 56.340, NULL, 1573301204);
INSERT INTO `transfer` VALUES (22, 90, 144, 1, 56.340, NULL, 1573301758);
INSERT INTO `transfer` VALUES (23, 90, 147, 1, 56.340, NULL, 1573301904);
INSERT INTO `transfer` VALUES (24, 90, 146, 1, 56.340, NULL, 1573301991);
INSERT INTO `transfer` VALUES (25, 90, 120, 1, 56.340, NULL, 1573302062);
INSERT INTO `transfer` VALUES (26, 90, 147, 1, 56.340, NULL, 1573302381);
INSERT INTO `transfer` VALUES (27, 90, 155, 1, 56.340, NULL, 1573303843);
INSERT INTO `transfer` VALUES (28, 80, 78, 1, 5.000, NULL, 1573304084);
INSERT INTO `transfer` VALUES (29, 103, 90, 1, 56.340, NULL, 1573304864);
INSERT INTO `transfer` VALUES (30, 80, 84, 1, 1000.000, NULL, 1573305854);
INSERT INTO `transfer` VALUES (31, 80, 79, 1, 1000.000, NULL, 1573305907);
INSERT INTO `transfer` VALUES (32, 84, 78, 1, 100.000, NULL, 1573307022);
INSERT INTO `transfer` VALUES (33, 84, 89, 1, 253.530, NULL, 1573307930);
INSERT INTO `transfer` VALUES (34, 79, 161, 1, 253.530, NULL, 1573315014);
INSERT INTO `transfer` VALUES (35, 79, 162, 1, 253.530, NULL, 1573315031);
INSERT INTO `transfer` VALUES (36, 78, 161, 1, 20.000, NULL, 1573347048);
INSERT INTO `transfer` VALUES (37, 84, 161, 1, 233.530, NULL, 1573347201);
INSERT INTO `transfer` VALUES (38, 78, 84, 1, 70.000, NULL, 1573347395);
INSERT INTO `transfer` VALUES (39, 84, 162, 1, 253.530, NULL, 1573347479);
INSERT INTO `transfer` VALUES (40, 90, 160, 1, 56.340, NULL, 1573349874);
INSERT INTO `transfer` VALUES (41, 90, 124, 1, 56.340, NULL, 1573350154);
INSERT INTO `transfer` VALUES (42, 90, 102, 1, 56.340, NULL, 1573350328);
INSERT INTO `transfer` VALUES (43, 90, 104, 1, 56.340, NULL, 1573351422);
INSERT INTO `transfer` VALUES (44, 90, 159, 1, 56.340, NULL, 1573351987);
INSERT INTO `transfer` VALUES (45, 80, 90, 1, 50.000, NULL, 1573354032);
INSERT INTO `transfer` VALUES (46, 80, 90, 1, 113.000, NULL, 1573354165);
INSERT INTO `transfer` VALUES (47, 80, 90, 1, 113.000, NULL, 1573354639);
INSERT INTO `transfer` VALUES (48, 90, 97, 1, 56.340, NULL, 1573354703);
INSERT INTO `transfer` VALUES (49, 90, 100, 1, 56.340, NULL, 1573355077);
INSERT INTO `transfer` VALUES (50, 90, 152, 1, 56.340, NULL, 1573356491);
INSERT INTO `transfer` VALUES (51, 80, 79, 1, 3000.000, NULL, 1573362502);
INSERT INTO `transfer` VALUES (52, 90, 92, 1, 56.340, NULL, 1573363273);
INSERT INTO `transfer` VALUES (53, 79, 163, 1, 253.530, NULL, 1573363683);
INSERT INTO `transfer` VALUES (54, 80, 81, 1, 1000.000, NULL, 1573369555);
INSERT INTO `transfer` VALUES (55, 79, 165, 1, 150.000, NULL, 1573372034);
INSERT INTO `transfer` VALUES (56, 79, 164, 1, 150.000, NULL, 1573372044);
INSERT INTO `transfer` VALUES (57, 79, 167, 1, 150.000, NULL, 1573372990);
INSERT INTO `transfer` VALUES (58, 79, 168, 1, 150.000, NULL, 1573373011);
INSERT INTO `transfer` VALUES (59, 161, 166, 1, 57.000, NULL, 1573376735);
INSERT INTO `transfer` VALUES (60, 80, 162, 1, 1000.000, NULL, 1573384183);
INSERT INTO `transfer` VALUES (61, 162, 175, 1, 56.340, NULL, 1573384327);
INSERT INTO `transfer` VALUES (62, 162, 176, 1, 56.340, NULL, 1573385032);
INSERT INTO `transfer` VALUES (63, 175, 162, 1, 56.340, NULL, 1573385276);
INSERT INTO `transfer` VALUES (64, 80, 177, 1, 56.340, NULL, 1573387082);
INSERT INTO `transfer` VALUES (65, 176, 178, 1, 56.340, NULL, 1573389641);
INSERT INTO `transfer` VALUES (66, 161, 179, 1, 57.000, NULL, 1573390611);
INSERT INTO `transfer` VALUES (67, 176, 162, 1, 56.340, NULL, 1573390763);
INSERT INTO `transfer` VALUES (68, 162, 180, 1, 56.340, NULL, 1573393498);
INSERT INTO `transfer` VALUES (69, 160, 183, 1, 60.000, NULL, 1573394821);
INSERT INTO `transfer` VALUES (70, 177, 187, 1, 56.340, NULL, 1573398410);
INSERT INTO `transfer` VALUES (71, 161, 188, 1, 56.500, NULL, 1573400001);
INSERT INTO `transfer` VALUES (72, 166, 161, 1, 57.000, NULL, 1573400227);
INSERT INTO `transfer` VALUES (73, 162, 189, 1, 253.530, NULL, 1573408346);
INSERT INTO `transfer` VALUES (74, 160, 191, 1, 57.000, NULL, 1573429762);
INSERT INTO `transfer` VALUES (75, 79, 169, 1, 60.000, NULL, 1573439309);
INSERT INTO `transfer` VALUES (76, 90, 118, 1, 30.000, NULL, 1573445735);
INSERT INTO `transfer` VALUES (77, 90, 140, 1, 84.510, NULL, 1573446845);
INSERT INTO `transfer` VALUES (78, 160, 193, 1, 57.000, NULL, 1573451484);
INSERT INTO `transfer` VALUES (79, 197, 88, 1, 254.000, NULL, 1573453392);
INSERT INTO `transfer` VALUES (80, 79, 170, 1, 56.340, NULL, 1573454610);
INSERT INTO `transfer` VALUES (81, 79, 170, 1, 56.340, NULL, 1573454616);
INSERT INTO `transfer` VALUES (82, 79, 98, 1, 87.000, NULL, 1573456524);
INSERT INTO `transfer` VALUES (83, 80, 201, 1, 56.340, NULL, 1573456739);
INSERT INTO `transfer` VALUES (84, 84, 202, 1, 56.340, NULL, 1573457339);
INSERT INTO `transfer` VALUES (85, 79, 204, 1, 57.000, NULL, 1573459269);
INSERT INTO `transfer` VALUES (86, 80, 194, 1, 56.340, NULL, 1573462160);
INSERT INTO `transfer` VALUES (87, 102, 203, 1, 57.000, NULL, 1573462762);
INSERT INTO `transfer` VALUES (88, 80, 201, 1, 943.660, NULL, 1573463068);
INSERT INTO `transfer` VALUES (89, 201, 208, 1, 56.340, NULL, 1573464224);
INSERT INTO `transfer` VALUES (90, 102, 210, 1, 57.000, NULL, 1573465732);
INSERT INTO `transfer` VALUES (91, 201, 208, 1, 0.810, NULL, 1573466126);
INSERT INTO `transfer` VALUES (92, 102, 210, 1, 1.000, NULL, 1573466417);
INSERT INTO `transfer` VALUES (93, 201, 211, 1, 57.150, NULL, 1573468912);
INSERT INTO `transfer` VALUES (94, 202, 201, 1, 55.000, NULL, 1573469106);
INSERT INTO `transfer` VALUES (95, 201, 213, 1, 57.150, NULL, 1573469194);
INSERT INTO `transfer` VALUES (96, 211, 201, 1, 57.150, NULL, 1573469664);
INSERT INTO `transfer` VALUES (97, 84, 212, 1, 57.150, NULL, 1573470085);
INSERT INTO `transfer` VALUES (98, 79, 216, 1, 57.150, NULL, 1573472638);
INSERT INTO `transfer` VALUES (99, 79, 217, 1, 57.150, NULL, 1573472992);
INSERT INTO `transfer` VALUES (100, 81, 218, 1, 130.000, NULL, 1573473282);
INSERT INTO `transfer` VALUES (101, 81, 218, 1, 100.000, NULL, 1573473402);
INSERT INTO `transfer` VALUES (102, 161, 219, 1, 57.000, NULL, 1573473523);
INSERT INTO `transfer` VALUES (103, 161, 219, 1, 0.150, NULL, 1573473558);
INSERT INTO `transfer` VALUES (104, 216, 220, 1, 57.150, NULL, 1573474067);
INSERT INTO `transfer` VALUES (105, 90, 116, 1, 30.000, NULL, 1573474225);
INSERT INTO `transfer` VALUES (106, 217, 216, 1, 57.150, NULL, 1573474339);
INSERT INTO `transfer` VALUES (107, 79, 221, 1, 57.150, NULL, 1573475109);
INSERT INTO `transfer` VALUES (108, 81, 89, 1, 100.000, NULL, 1573478941);
INSERT INTO `transfer` VALUES (109, 80, 90, 1, 142.820, NULL, 1573481716);
INSERT INTO `transfer` VALUES (110, 201, 84, 1, 500.000, NULL, 1573483373);
INSERT INTO `transfer` VALUES (111, 74, 80, 1, 145.760, NULL, 1573511867);
INSERT INTO `transfer` VALUES (112, 84, 211, 1, 85.730, NULL, 1573535849);

-- ----------------------------
-- Table structure for tree
-- ----------------------------
DROP TABLE IF EXISTS `tree`;
CREATE TABLE `tree`  (
  `id` int(11) UNSIGNED NOT NULL AUTO_INCREMENT,
  `name` varchar(20) CHARACTER SET utf8 COLLATE utf8_general_ci NOT NULL COMMENT '财富树名称',
  `order_no` varchar(50) CHARACTER SET utf8 COLLATE utf8_general_ci NULL DEFAULT NULL COMMENT '订单号',
  `room_number` varchar(50) CHARACTER SET utf8 COLLATE utf8_general_ci NULL DEFAULT NULL COMMENT '房间号码',
  `uid` int(11) UNSIGNED NOT NULL COMMENT '用户id',
  `currency_id` int(11) UNSIGNED NOT NULL COMMENT '币种',
  `level` tinyint(4) NOT NULL COMMENT '层级',
  `limit` tinyint(4) NOT NULL COMMENT '可推人数',
  `money_rmb` decimal(8, 2) NULL DEFAULT NULL COMMENT '人民币',
  `money` decimal(8, 2) NOT NULL COMMENT '加入价格',
  `growth_ratio` decimal(8, 2) NOT NULL COMMENT '增长比率',
  `create_time` int(11) NOT NULL COMMENT '创建时间',
  PRIMARY KEY (`id`) USING BTREE,
  UNIQUE INDEX `room_number`(`room_number`) USING BTREE
) ENGINE = InnoDB AUTO_INCREMENT = 3 CHARACTER SET = utf8 COLLATE = utf8_general_ci ROW_FORMAT = Dynamic;

-- ----------------------------
-- Records of tree
-- ----------------------------
INSERT INTO `tree` VALUES (1, '正式版', '0', '100001', 1, 1, 13, 3, 400.00, 57.15, 50.00, 123456);
INSERT INTO `tree` VALUES (2, '体验版', '0', '100002', 1, 1, 13, 3, 10.00, 1.43, 100.00, 123456);

-- ----------------------------
-- Table structure for tree_log
-- ----------------------------
DROP TABLE IF EXISTS `tree_log`;
CREATE TABLE `tree_log`  (
  `id` int(11) UNSIGNED NOT NULL AUTO_INCREMENT,
  `currency_id` int(11) UNSIGNED NULL DEFAULT NULL COMMENT '币种',
  `tree_id` int(11) UNSIGNED NULL DEFAULT NULL COMMENT '财富树id',
  `uid` int(11) UNSIGNED NULL DEFAULT NULL COMMENT '奖励/消费 用户 -1为总部',
  `from_uid` int(11) UNSIGNED NULL DEFAULT NULL COMMENT '来源用户id 0 为本人',
  `loss_uid` int(11) UNSIGNED NULL DEFAULT NULL COMMENT '丢失人id 0为无',
  `order_no` varchar(50) CHARACTER SET utf8 COLLATE utf8_general_ci NULL DEFAULT NULL COMMENT '订单号',
  `scene` tinyint(4) NULL DEFAULT NULL COMMENT '0.创建 1.加入 2.升级',
  `money` decimal(10, 3) NULL DEFAULT NULL COMMENT '金额',
  `remark` varchar(200) CHARACTER SET utf8 COLLATE utf8_general_ci NULL DEFAULT NULL COMMENT '备注',
  `create_time` int(11) NULL DEFAULT NULL COMMENT '创建时间',
  `notice` tinyint(1) NOT NULL DEFAULT 0 COMMENT '通知状态',
  PRIMARY KEY (`id`) USING BTREE
) ENGINE = InnoDB AUTO_INCREMENT = 284 CHARACTER SET = utf8 COLLATE = utf8_general_ci ROW_FORMAT = Dynamic;

-- ----------------------------
-- Records of tree_log
-- ----------------------------
INSERT INTO `tree_log` VALUES (1, 1, 2, 74, 0, 0, '2019110983200069445214', 1, -1.410, '加入财富树', 1573283200, 1);
INSERT INTO `tree_log` VALUES (2, 1, 2, 1, 74, 0, '2019110983200069445214', 1, 1.410, '加入财富树', 1573283200, 0);
INSERT INTO `tree_log` VALUES (3, 1, 1, 74, 0, 0, '2019110983226590459871', 1, -56.340, '加入财富树', 1573283226, 1);
INSERT INTO `tree_log` VALUES (4, 1, 1, 1, 74, 0, '2019110983226590459871', 1, 56.340, '加入财富树', 1573283226, 0);
INSERT INTO `tree_log` VALUES (5, 1, 1, 74, 0, 0, '2019110983244339248021', 2, -507.060, '从1级到5级', 1573283244, 1);
INSERT INTO `tree_log` VALUES (6, 1, 1, 1, 74, 0, '2019110983244339248021', 2, 84.510, '从1级到2级', 1573283244, 0);
INSERT INTO `tree_log` VALUES (7, 1, 1, 1, 74, 0, '2019110983244339248021', 2, 112.680, '从2级到3级', 1573283244, 0);
INSERT INTO `tree_log` VALUES (8, 1, 1, 1, 74, 0, '2019110983244339248021', 2, 140.850, '从3级到4级', 1573283244, 0);
INSERT INTO `tree_log` VALUES (9, 1, 1, 1, 74, 0, '2019110983244339248021', 2, 169.020, '从4级到5级', 1573283244, 0);
INSERT INTO `tree_log` VALUES (10, 1, 2, 74, 0, 0, '2019110983264736225827', 2, -19.740, '从1级到5级', 1573283264, 1);
INSERT INTO `tree_log` VALUES (11, 1, 2, 1, 74, 0, '2019110983264736225827', 2, 2.820, '从1级到2级', 1573283265, 0);
INSERT INTO `tree_log` VALUES (12, 1, 2, 1, 74, 0, '2019110983264736225827', 2, 4.230, '从2级到3级', 1573283265, 0);
INSERT INTO `tree_log` VALUES (13, 1, 2, 1, 74, 0, '2019110983264736225827', 2, 5.640, '从3级到4级', 1573283265, 0);
INSERT INTO `tree_log` VALUES (14, 1, 2, 1, 74, 0, '2019110983264736225827', 2, 7.050, '从4级到5级', 1573283265, 0);
INSERT INTO `tree_log` VALUES (15, 1, 2, 76, 0, 0, '2019110983567791303920', 1, -1.410, '加入财富树', 1573283567, 0);
INSERT INTO `tree_log` VALUES (16, 1, 2, 74, 76, 0, '2019110983567791303920', 1, 1.410, '加入财富树', 1573283568, 1);
INSERT INTO `tree_log` VALUES (17, 1, 2, 75, 0, 0, '2019110983599900705687', 1, -1.410, '加入财富树', 1573283600, 0);
INSERT INTO `tree_log` VALUES (18, 1, 2, 74, 75, 0, '2019110983599900705687', 1, 1.410, '加入财富树', 1573283600, 1);
INSERT INTO `tree_log` VALUES (19, 1, 2, 77, 0, 0, '2019110984036563401767', 1, -1.410, '加入财富树', 1573284036, 0);
INSERT INTO `tree_log` VALUES (20, 1, 2, 74, 77, 0, '2019110984036563401767', 1, 1.410, '加入财富树', 1573284036, 1);
INSERT INTO `tree_log` VALUES (21, 1, 2, 77, 0, 0, '2019110984089271629631', 2, -7.050, '从1级到3级', 1573284089, 0);
INSERT INTO `tree_log` VALUES (22, 1, 2, 1, 77, 0, '2019110984089271629631', 2, 2.820, '从1级到2级', 1573284089, 0);
INSERT INTO `tree_log` VALUES (23, 1, 2, 1, 77, 0, '2019110984089271629631', 2, 4.230, '从2级到3级', 1573284089, 0);
INSERT INTO `tree_log` VALUES (24, 1, 1, 80, 0, 0, '2019110984474047873040', 1, -56.340, '加入财富树', 1573284474, 1);
INSERT INTO `tree_log` VALUES (25, 1, 1, 1, 80, 0, '2019110984474047873040', 1, 56.340, '加入财富树', 1573284474, 0);
INSERT INTO `tree_log` VALUES (26, 1, 1, 80, 0, 0, '2019110984529481428849', 2, -197.190, '从1级到3级', 1573284529, 1);
INSERT INTO `tree_log` VALUES (27, 1, 1, 1, 80, 0, '2019110984529481428849', 2, 84.510, '从1级到2级', 1573284529, 0);
INSERT INTO `tree_log` VALUES (28, 1, 1, 1, 80, 0, '2019110984529481428849', 2, 112.680, '从2级到3级', 1573284529, 0);
INSERT INTO `tree_log` VALUES (29, 1, 1, 90, 0, 0, '2019110996512108254187', 1, -56.340, '加入财富树', 1573296512, 1);
INSERT INTO `tree_log` VALUES (30, 1, 1, 80, 90, 0, '2019110996512108254187', 1, 56.340, '加入财富树', 1573296512, 1);
INSERT INTO `tree_log` VALUES (31, 1, 2, 139, 0, 0, '2019110998461874927718', 1, -1.410, '加入财富树', 1573298461, 0);
INSERT INTO `tree_log` VALUES (32, 1, 2, 1, 139, 0, '2019110998461874927718', 1, 1.410, '加入财富树', 1573298462, 0);
INSERT INTO `tree_log` VALUES (33, 1, 1, 107, 0, 0, '2019110998930197999644', 1, -56.340, '加入财富树', 1573298930, 0);
INSERT INTO `tree_log` VALUES (34, 1, 1, 90, 107, 0, '2019110998930197999644', 1, 56.340, '加入财富树', 1573298930, 1);
INSERT INTO `tree_log` VALUES (35, 1, 1, 124, 0, 0, '2019110999159158634424', 1, -56.340, '加入财富树', 1573299159, 0);
INSERT INTO `tree_log` VALUES (36, 1, 1, 90, 124, 0, '2019110999159158634424', 1, 56.340, '加入财富树', 1573299159, 1);
INSERT INTO `tree_log` VALUES (37, 1, 1, 98, 0, 0, '2019110999226856188878', 1, -56.340, '加入财富树', 1573299226, 0);
INSERT INTO `tree_log` VALUES (38, 1, 1, 90, 98, 0, '2019110999226856188878', 1, 56.340, '加入财富树', 1573299227, 1);
INSERT INTO `tree_log` VALUES (39, 1, 1, 116, 0, 0, '2019110999232770424946', 1, -56.340, '加入财富树', 1573299232, 0);
INSERT INTO `tree_log` VALUES (40, 1, 1, 90, 116, 0, '2019110999232770424946', 1, 56.340, '加入财富树', 1573299233, 1);
INSERT INTO `tree_log` VALUES (41, 1, 1, 115, 0, 0, '2019110999330681965251', 1, -56.340, '加入财富树', 1573299330, 0);
INSERT INTO `tree_log` VALUES (42, 1, 1, 90, 115, 0, '2019110999330681965251', 1, 56.340, '加入财富树', 1573299330, 1);
INSERT INTO `tree_log` VALUES (43, 1, 1, 102, 0, 0, '2019110999431049276086', 1, -56.340, '加入财富树', 1573299431, 1);
INSERT INTO `tree_log` VALUES (44, 1, 1, 90, 102, 0, '2019110999431049276086', 1, 56.340, '加入财富树', 1573299431, 1);
INSERT INTO `tree_log` VALUES (45, 1, 1, 118, 0, 0, '2019110999472243208160', 1, -56.340, '加入财富树', 1573299472, 0);
INSERT INTO `tree_log` VALUES (46, 1, 1, 90, 118, 0, '2019110999472243208160', 1, 56.340, '加入财富树', 1573299472, 1);
INSERT INTO `tree_log` VALUES (47, 1, 1, 140, 0, 0, '2019110999636079803362', 1, -56.340, '加入财富树', 1573299636, 0);
INSERT INTO `tree_log` VALUES (48, 1, 1, 90, 140, 0, '2019110999636079803362', 1, 56.340, '加入财富树', 1573299636, 1);
INSERT INTO `tree_log` VALUES (49, 1, 1, 105, 0, 0, '2019110900375820774586', 1, -56.340, '加入财富树', 1573300375, 0);
INSERT INTO `tree_log` VALUES (50, 1, 1, 90, 105, 0, '2019110900375820774586', 1, 56.340, '加入财富树', 1573300376, 1);
INSERT INTO `tree_log` VALUES (51, 1, 1, 106, 0, 0, '2019110900508200236261', 1, -56.340, '加入财富树', 1573300508, 0);
INSERT INTO `tree_log` VALUES (52, 1, 1, 90, 106, 0, '2019110900508200236261', 1, 56.340, '加入财富树', 1573300508, 1);
INSERT INTO `tree_log` VALUES (53, 1, 1, 142, 0, 0, '2019110900687365648958', 1, -56.340, '加入财富树', 1573300687, 0);
INSERT INTO `tree_log` VALUES (54, 1, 1, 90, 142, 0, '2019110900687365648958', 1, 56.340, '加入财富树', 1573300687, 1);
INSERT INTO `tree_log` VALUES (55, 1, 1, 103, 0, 0, '2019110900840597302339', 1, -56.340, '加入财富树', 1573300840, 0);
INSERT INTO `tree_log` VALUES (56, 1, 1, 90, 103, 0, '2019110900840597302339', 1, 56.340, '加入财富树', 1573300840, 1);
INSERT INTO `tree_log` VALUES (57, 1, 1, 95, 0, 0, '2019110900905019119601', 1, -56.340, '加入财富树', 1573300905, 0);
INSERT INTO `tree_log` VALUES (58, 1, 1, 90, 95, 0, '2019110900905019119601', 1, 56.340, '加入财富树', 1573300905, 1);
INSERT INTO `tree_log` VALUES (59, 1, 1, 126, 0, 0, '2019110900961548701855', 1, -56.340, '加入财富树', 1573300961, 0);
INSERT INTO `tree_log` VALUES (60, 1, 1, 90, 126, 0, '2019110900961548701855', 1, 56.340, '加入财富树', 1573300961, 1);
INSERT INTO `tree_log` VALUES (61, 1, 1, 101, 0, 0, '2019110901174995409430', 1, -56.340, '加入财富树', 1573301175, 0);
INSERT INTO `tree_log` VALUES (62, 1, 1, 90, 101, 0, '2019110901174995409430', 1, 56.340, '加入财富树', 1573301175, 1);
INSERT INTO `tree_log` VALUES (63, 1, 1, 110, 0, 0, '2019110901819818798975', 1, -56.340, '加入财富树', 1573301819, 0);
INSERT INTO `tree_log` VALUES (64, 1, 1, 90, 110, 0, '2019110901819818798975', 1, 56.340, '加入财富树', 1573301820, 1);
INSERT INTO `tree_log` VALUES (65, 1, 1, 144, 0, 0, '2019110901847421305759', 1, -56.340, '加入财富树', 1573301847, 0);
INSERT INTO `tree_log` VALUES (66, 1, 1, 90, 144, 0, '2019110901847421305759', 1, 56.340, '加入财富树', 1573301847, 1);
INSERT INTO `tree_log` VALUES (67, 1, 1, 147, 0, 0, '2019110901948511395291', 1, -56.340, '加入财富树', 1573301948, 0);
INSERT INTO `tree_log` VALUES (68, 1, 1, 90, 147, 0, '2019110901948511395291', 1, 56.340, '加入财富树', 1573301948, 1);
INSERT INTO `tree_log` VALUES (69, 1, 1, 146, 0, 0, '2019110902068515697606', 1, -56.340, '加入财富树', 1573302068, 0);
INSERT INTO `tree_log` VALUES (70, 1, 1, 90, 146, 0, '2019110902068515697606', 1, 56.340, '加入财富树', 1573302068, 1);
INSERT INTO `tree_log` VALUES (71, 1, 1, 120, 0, 0, '2019110903188868957174', 1, -56.340, '加入财富树', 1573303188, 0);
INSERT INTO `tree_log` VALUES (72, 1, 1, 90, 120, 0, '2019110903188868957174', 1, 56.340, '加入财富树', 1573303189, 1);
INSERT INTO `tree_log` VALUES (73, 1, 1, 155, 0, 0, '2019110903989309818113', 1, -56.340, '加入财富树', 1573303989, 0);
INSERT INTO `tree_log` VALUES (74, 1, 1, 103, 155, 0, '2019110903989309818113', 1, 56.340, '加入财富树', 1573303989, 0);
INSERT INTO `tree_log` VALUES (75, 1, 2, 78, 0, 0, '2019110904139314841185', 1, -1.410, '加入财富树', 1573304139, 0);
INSERT INTO `tree_log` VALUES (76, 1, 2, 74, 78, 0, '2019110904139314841185', 1, 1.410, '加入财富树', 1573304139, 1);
INSERT INTO `tree_log` VALUES (77, 1, 2, 78, 0, 0, '2019110904176129646635', 2, -2.820, '从1级到2级', 1573304176, 0);
INSERT INTO `tree_log` VALUES (78, 1, 2, 74, 78, 0, '2019110904176129646635', 2, 2.820, '从1级到2级', 1573304176, 1);
INSERT INTO `tree_log` VALUES (79, 1, 1, 80, 0, 0, '2019110905520608297718', 2, -140.850, '从3级到4级', 1573305520, 1);
INSERT INTO `tree_log` VALUES (80, 1, 1, 1, 80, 0, '2019110905520608297718', 2, 140.850, '从3级到4级', 1573305520, 0);
INSERT INTO `tree_log` VALUES (81, 1, 1, 80, 0, 0, '2019110905533347067627', 2, -169.020, '从4级到5级', 1573305533, 1);
INSERT INTO `tree_log` VALUES (82, 1, 1, 1, 80, 0, '2019110905533347067627', 2, 169.020, '从4级到5级', 1573305533, 0);
INSERT INTO `tree_log` VALUES (83, 1, 1, 84, 0, 0, '2019110905874132081973', 1, -56.340, '加入财富树', 1573305874, 0);
INSERT INTO `tree_log` VALUES (84, 1, 1, 1, 84, 0, '2019110905874132081973', 1, 56.340, '加入财富树', 1573305874, 0);
INSERT INTO `tree_log` VALUES (85, 1, 1, 79, 0, 0, '2019110905939774759829', 1, -56.340, '加入财富树', 1573305939, 0);
INSERT INTO `tree_log` VALUES (86, 1, 1, 1, 79, 0, '2019110905939774759829', 1, 56.340, '加入财富树', 1573305940, 0);
INSERT INTO `tree_log` VALUES (87, 1, 1, 84, 0, 0, '2019110905952411565158', 2, -197.190, '从1级到3级', 1573305952, 0);
INSERT INTO `tree_log` VALUES (88, 1, 1, 1, 84, 0, '2019110905952411565158', 2, 84.510, '从1级到2级', 1573305952, 0);
INSERT INTO `tree_log` VALUES (89, 1, 1, 1, 84, 0, '2019110905952411565158', 2, 112.680, '从2级到3级', 1573305952, 0);
INSERT INTO `tree_log` VALUES (90, 1, 1, 79, 0, 0, '2019110905959697335188', 2, -84.510, '从1级到2级', 1573305959, 0);
INSERT INTO `tree_log` VALUES (91, 1, 1, 1, 79, 0, '2019110905959697335188', 2, 84.510, '从1级到2级', 1573305959, 0);
INSERT INTO `tree_log` VALUES (92, 1, 1, 79, 0, 0, '2019110905973369901577', 2, -112.680, '从2级到3级', 1573305973, 0);
INSERT INTO `tree_log` VALUES (93, 1, 1, 1, 79, 0, '2019110905973369901577', 2, 112.680, '从2级到3级', 1573305973, 0);
INSERT INTO `tree_log` VALUES (94, 1, 1, 84, 0, 0, '2019110905975651111691', 2, -140.850, '从3级到4级', 1573305975, 0);
INSERT INTO `tree_log` VALUES (95, 1, 1, 1, 84, 0, '2019110905975651111691', 2, 140.850, '从3级到4级', 1573305975, 0);
INSERT INTO `tree_log` VALUES (96, 1, 2, 76, 0, 0, '2019110906246204067128', 2, -12.690, '从1级到4级', 1573306246, 0);
INSERT INTO `tree_log` VALUES (97, 1, 2, 1, 76, 0, '2019110906246204067128', 2, 2.820, '从1级到2级', 1573306246, 0);
INSERT INTO `tree_log` VALUES (98, 1, 2, 1, 76, 0, '2019110906246204067128', 2, 4.230, '从2级到3级', 1573306246, 0);
INSERT INTO `tree_log` VALUES (99, 1, 2, 1, 76, 0, '2019110906246204067128', 2, 5.640, '从3级到4级', 1573306246, 0);
INSERT INTO `tree_log` VALUES (100, 1, 2, 78, 0, 0, '2019110907119210743487', 2, -4.230, '从2级到3级', 1573307119, 0);
INSERT INTO `tree_log` VALUES (101, 1, 2, 1, 78, 0, '2019110907119210743487', 2, 4.230, '从2级到3级', 1573307119, 0);
INSERT INTO `tree_log` VALUES (102, 1, 1, 89, 0, 0, '2019110908120813208707', 1, -56.340, '加入财富树', 1573308120, 1);
INSERT INTO `tree_log` VALUES (103, 1, 1, 84, 89, 0, '2019110908120813208707', 1, 56.340, '加入财富树', 1573308121, 0);
INSERT INTO `tree_log` VALUES (104, 1, 1, 89, 0, 0, '2019110908139022948518', 2, -197.190, '从1级到3级', 1573308139, 1);
INSERT INTO `tree_log` VALUES (105, 1, 1, 1, 89, 0, '2019110908139022948518', 2, 84.510, '从1级到2级', 1573308139, 0);
INSERT INTO `tree_log` VALUES (106, 1, 1, 1, 89, 0, '2019110908139022948518', 2, 112.680, '从2级到3级', 1573308139, 0);
INSERT INTO `tree_log` VALUES (107, 1, 1, 161, 0, 0, '2019111015349485937964', 1, -56.340, '加入财富树', 1573315349, 1);
INSERT INTO `tree_log` VALUES (108, 1, 1, 84, 161, 0, '2019111015349485937964', 1, 56.340, '加入财富树', 1573315349, 0);
INSERT INTO `tree_log` VALUES (109, 1, 1, 161, 0, 0, '2019111015365914312300', 2, -84.510, '从1级到2级', 1573315366, 1);
INSERT INTO `tree_log` VALUES (110, 1, 1, 1, 161, 0, '2019111015365914312300', 2, 84.510, '从1级到2级', 1573315366, 0);
INSERT INTO `tree_log` VALUES (111, 1, 1, 161, 0, 0, '2019111015369449062378', 2, -112.680, '从2级到3级', 1573315369, 1);
INSERT INTO `tree_log` VALUES (112, 1, 1, 1, 161, 0, '2019111015369449062378', 2, 112.680, '从2级到3级', 1573315369, 0);
INSERT INTO `tree_log` VALUES (113, 1, 1, 162, 0, 0, '2019111015638843281714', 1, -56.340, '加入财富树', 1573315638, 1);
INSERT INTO `tree_log` VALUES (114, 1, 1, 84, 162, 0, '2019111015638843281714', 1, 56.340, '加入财富树', 1573315639, 0);
INSERT INTO `tree_log` VALUES (115, 1, 1, 162, 0, 0, '2019111015658588009523', 2, -197.190, '从1级到3级', 1573315658, 1);
INSERT INTO `tree_log` VALUES (116, 1, 1, 1, 162, 0, '2019111015658588009523', 2, 84.510, '从1级到2级', 1573315658, 0);
INSERT INTO `tree_log` VALUES (117, 1, 1, 1, 162, 0, '2019111015658588009523', 2, 112.680, '从2级到3级', 1573315658, 0);
INSERT INTO `tree_log` VALUES (118, 1, 1, 160, 0, 0, '2019111048935640408016', 1, -56.340, '加入财富树', 1573348935, 0);
INSERT INTO `tree_log` VALUES (119, 1, 1, 90, 160, 0, '2019111048935640408016', 1, 56.340, '加入财富树', 1573348935, 1);
INSERT INTO `tree_log` VALUES (120, 1, 1, 104, 0, 0, '2019111051263462636285', 1, -56.340, '加入财富树', 1573351263, 0);
INSERT INTO `tree_log` VALUES (121, 1, 1, 90, 104, 0, '2019111051263462636285', 1, 56.340, '加入财富树', 1573351263, 1);
INSERT INTO `tree_log` VALUES (122, 1, 1, 159, 0, 0, '2019111051746334692185', 1, -56.340, '加入财富树', 1573351746, 0);
INSERT INTO `tree_log` VALUES (123, 1, 1, 90, 159, 0, '2019111051746334692185', 1, 56.340, '加入财富树', 1573351746, 1);
INSERT INTO `tree_log` VALUES (124, 1, 1, 90, 0, 0, '2019111054094866684614', 2, -84.510, '从1级到2级', 1573354095, 1);
INSERT INTO `tree_log` VALUES (125, 1, 1, 1, 90, 0, '2019111054094866684614', 2, 84.510, '从1级到2级', 1573354095, 0);
INSERT INTO `tree_log` VALUES (126, 1, 1, 90, 0, 0, '2019111054197631184569', 2, -112.680, '从2级到3级', 1573354197, 1);
INSERT INTO `tree_log` VALUES (127, 1, 1, 1, 90, 0, '2019111054197631184569', 2, 112.680, '从2级到3级', 1573354197, 0);
INSERT INTO `tree_log` VALUES (128, 1, 1, 97, 0, 0, '2019111054873188976221', 1, -56.340, '加入财富树', 1573354873, 0);
INSERT INTO `tree_log` VALUES (129, 1, 1, 90, 97, 0, '2019111054873188976221', 1, 56.340, '加入财富树', 1573354873, 1);
INSERT INTO `tree_log` VALUES (130, 1, 1, 100, 0, 0, '2019111055318803421949', 1, -56.340, '加入财富树', 1573355318, 0);
INSERT INTO `tree_log` VALUES (131, 1, 1, 90, 100, 0, '2019111055318803421949', 1, 56.340, '加入财富树', 1573355318, 1);
INSERT INTO `tree_log` VALUES (132, 1, 1, 152, 0, 0, '2019111056651965271952', 1, -56.340, '加入财富树', 1573356652, 0);
INSERT INTO `tree_log` VALUES (133, 1, 1, 90, 152, 0, '2019111056651965271952', 1, 56.340, '加入财富树', 1573356652, 1);
INSERT INTO `tree_log` VALUES (134, 1, 1, 92, 0, 0, '2019111063458444183079', 1, -56.340, '加入财富树', 1573363458, 0);
INSERT INTO `tree_log` VALUES (135, 1, 1, 90, 92, 0, '2019111063458444183079', 1, 56.340, '加入财富树', 1573363458, 1);
INSERT INTO `tree_log` VALUES (136, 1, 1, 163, 0, 0, '2019111063724846299516', 1, -56.340, '加入财富树', 1573363725, 0);
INSERT INTO `tree_log` VALUES (137, 1, 1, 79, 163, 0, '2019111063724846299516', 1, 56.340, '加入财富树', 1573363725, 0);
INSERT INTO `tree_log` VALUES (138, 1, 1, 164, 0, 0, '2019111072293542772551', 1, -56.340, '加入财富树', 1573372293, 0);
INSERT INTO `tree_log` VALUES (139, 1, 1, 79, 164, 0, '2019111072293542772551', 1, 56.340, '加入财富树', 1573372293, 0);
INSERT INTO `tree_log` VALUES (140, 1, 1, 164, 0, 0, '2019111072321792435960', 2, -84.510, '从1级到2级', 1573372321, 0);
INSERT INTO `tree_log` VALUES (141, 1, 1, 74, 164, 0, '2019111072321792435960', 2, 84.510, '从1级到2级', 1573372321, 1);
INSERT INTO `tree_log` VALUES (142, 1, 1, 165, 0, 0, '2019111072385262327959', 1, -56.340, '加入财富树', 1573372385, 0);
INSERT INTO `tree_log` VALUES (143, 1, 1, 79, 165, 0, '2019111072385262327959', 1, 56.340, '加入财富树', 1573372385, 0);
INSERT INTO `tree_log` VALUES (144, 1, 1, 81, 0, 0, '2019111072482198789289', 1, -56.340, '加入财富树', 1573372482, 0);
INSERT INTO `tree_log` VALUES (145, 1, 1, 80, 81, 0, '2019111072482198789289', 1, 56.340, '加入财富树', 1573372482, 1);
INSERT INTO `tree_log` VALUES (146, 1, 1, 81, 0, 0, '2019111072516596764321', 2, -84.510, '从1级到2级', 1573372516, 0);
INSERT INTO `tree_log` VALUES (147, 1, 1, 1, 81, 0, '2019111072516596764321', 2, 84.510, '从1级到2级', 1573372516, 0);
INSERT INTO `tree_log` VALUES (148, 1, 1, 81, 0, 0, '2019111072522579479724', 2, -112.680, '从2级到3级', 1573372522, 0);
INSERT INTO `tree_log` VALUES (149, 1, 1, 1, 81, 0, '2019111072522579479724', 2, 112.680, '从2级到3级', 1573372522, 0);
INSERT INTO `tree_log` VALUES (150, 1, 1, 79, 0, 0, '2019111072616366741084', 2, -309.870, '从3级到5级', 1573372616, 0);
INSERT INTO `tree_log` VALUES (151, 1, 1, 1, 79, 0, '2019111072616366741084', 2, 140.850, '从3级到4级', 1573372616, 0);
INSERT INTO `tree_log` VALUES (152, 1, 1, 1, 79, 0, '2019111072616366741084', 2, 169.020, '从4级到5级', 1573372616, 0);
INSERT INTO `tree_log` VALUES (153, 1, 1, 167, 0, 0, '2019111073095724658099', 1, -56.340, '加入财富树', 1573373095, 0);
INSERT INTO `tree_log` VALUES (154, 1, 1, 79, 167, 0, '2019111073095724658099', 1, 56.340, '加入财富树', 1573373095, 0);
INSERT INTO `tree_log` VALUES (155, 1, 1, 168, 0, 0, '2019111073149258924159', 1, -56.340, '加入财富树', 1573373149, 0);
INSERT INTO `tree_log` VALUES (156, 1, 1, 79, 168, 0, '2019111073149258924159', 1, 56.340, '加入财富树', 1573373149, 0);
INSERT INTO `tree_log` VALUES (157, 1, 1, 161, 0, 0, '2019111075759235914111', 2, -140.850, '从3级到4级', 1573375759, 1);
INSERT INTO `tree_log` VALUES (158, 1, 1, 1, 161, 0, '2019111075759235914111', 2, 140.850, '从3级到4级', 1573375759, 0);
INSERT INTO `tree_log` VALUES (159, 1, 1, 166, 0, 0, '2019111077234451099673', 1, -56.340, '加入财富树', 1573377234, 1);
INSERT INTO `tree_log` VALUES (160, 1, 1, 161, 166, 0, '2019111077234451099673', 1, 56.340, '加入财富树', 1573377234, 1);
INSERT INTO `tree_log` VALUES (161, 1, 1, 175, 0, 0, '2019111084350750939435', 1, -56.340, '加入财富树', 1573384350, 1);
INSERT INTO `tree_log` VALUES (162, 1, 1, 162, 175, 0, '2019111084350750939435', 1, 56.340, '加入财富树', 1573384350, 1);
INSERT INTO `tree_log` VALUES (163, 1, 1, 176, 0, 0, '2019111085077190284741', 1, -56.340, '加入财富树', 1573385077, 1);
INSERT INTO `tree_log` VALUES (164, 1, 1, 175, 176, 0, '2019111085077190284741', 1, 56.340, '加入财富树', 1573385077, 1);
INSERT INTO `tree_log` VALUES (165, 1, 1, 177, 0, 0, '2019111087149208796140', 1, -56.340, '加入财富树', 1573387149, 0);
INSERT INTO `tree_log` VALUES (166, 1, 1, 176, 177, 0, '2019111087149208796140', 1, 56.340, '加入财富树', 1573387149, 1);
INSERT INTO `tree_log` VALUES (167, 1, 1, 162, 0, 0, '2019111087767049863919', 2, -140.850, '从3级到4级', 1573387767, 1);
INSERT INTO `tree_log` VALUES (168, 1, 1, 1, 162, 0, '2019111087767049863919', 2, 140.850, '从3级到4级', 1573387767, 0);
INSERT INTO `tree_log` VALUES (169, 1, 1, 162, 0, 0, '2019111087796473308726', 2, -169.020, '从4级到5级', 1573387796, 1);
INSERT INTO `tree_log` VALUES (170, 1, 1, 1, 162, 0, '2019111087796473308726', 2, 169.020, '从4级到5级', 1573387796, 0);
INSERT INTO `tree_log` VALUES (171, 1, 1, 178, 0, 0, '2019111089673594928260', 1, -56.340, '加入财富树', 1573389673, 0);
INSERT INTO `tree_log` VALUES (172, 1, 1, 176, 178, 0, '2019111089673594928260', 1, 56.340, '加入财富树', 1573389673, 1);
INSERT INTO `tree_log` VALUES (173, 1, 1, 179, 0, 0, '2019111090736123943616', 1, -56.340, '加入财富树', 1573390736, 0);
INSERT INTO `tree_log` VALUES (174, 1, 1, 161, 179, 0, '2019111090736123943616', 1, 56.340, '加入财富树', 1573390736, 1);
INSERT INTO `tree_log` VALUES (175, 1, 1, 180, 0, 0, '2019111093511214499781', 1, -56.340, '加入财富树', 1573393511, 0);
INSERT INTO `tree_log` VALUES (176, 1, 1, 177, 180, 0, '2019111093511214499781', 1, 56.340, '加入财富树', 1573393511, 0);
INSERT INTO `tree_log` VALUES (177, 1, 1, 183, 0, 0, '2019111094841516929613', 1, -56.340, '加入财富树', 1573394841, 0);
INSERT INTO `tree_log` VALUES (178, 1, 1, 160, 183, 0, '2019111094841516929613', 1, 56.340, '加入财富树', 1573394841, 0);
INSERT INTO `tree_log` VALUES (179, 1, 1, 187, 0, 0, '2019111098477479988407', 1, -56.340, '加入财富树', 1573398477, 0);
INSERT INTO `tree_log` VALUES (180, 1, 1, 177, 187, 0, '2019111098477479988407', 1, 56.340, '加入财富树', 1573398477, 0);
INSERT INTO `tree_log` VALUES (181, 1, 1, 188, 0, 0, '2019111000126474876696', 1, -56.340, '加入财富树', 1573400126, 0);
INSERT INTO `tree_log` VALUES (182, 1, 1, 166, 188, 0, '2019111000126474876696', 1, 56.340, '加入财富树', 1573400126, 1);
INSERT INTO `tree_log` VALUES (183, 1, 1, 189, 0, 0, '2019111108402433934477', 1, -56.340, '加入财富树', 1573408402, 0);
INSERT INTO `tree_log` VALUES (184, 1, 1, 162, 189, 0, '2019111108402433934477', 1, 56.340, '加入财富树', 1573408402, 1);
INSERT INTO `tree_log` VALUES (185, 1, 1, 189, 0, 0, '2019111108428402815454', 2, -84.510, '从1级到2级', 1573408428, 0);
INSERT INTO `tree_log` VALUES (186, 1, 1, 84, 189, 0, '2019111108428402815454', 2, 84.510, '从1级到2级', 1573408428, 0);
INSERT INTO `tree_log` VALUES (187, 1, 1, 189, 0, 0, '2019111108432366531804', 2, -112.680, '从2级到3级', 1573408432, 0);
INSERT INTO `tree_log` VALUES (188, 1, 1, 1, 189, 0, '2019111108432366531804', 2, 112.680, '从2级到3级', 1573408432, 0);
INSERT INTO `tree_log` VALUES (189, 1, 1, 191, 0, 0, '2019111129774372487183', 1, -56.340, '加入财富树', 1573429774, 0);
INSERT INTO `tree_log` VALUES (190, 1, 1, 160, 191, 0, '2019111129774372487183', 1, 56.340, '加入财富树', 1573429774, 0);
INSERT INTO `tree_log` VALUES (191, 1, 1, 115, 0, 0, '2019111141828250791214', 2, -84.510, '从1级到2级', 1573441828, 0);
INSERT INTO `tree_log` VALUES (192, 1, 1, 90, 115, 0, '2019111141828250791214', 2, 84.510, '从1级到2级', 1573441828, 1);
INSERT INTO `tree_log` VALUES (193, 1, 1, 118, 0, 0, '2019111145847449912023', 2, -84.510, '从1级到2级', 1573445847, 0);
INSERT INTO `tree_log` VALUES (194, 1, 1, 90, 118, 0, '2019111145847449912023', 2, 84.510, '从1级到2级', 1573445847, 1);
INSERT INTO `tree_log` VALUES (195, 1, 1, 140, 0, 0, '2019111146862371418486', 2, -84.510, '从1级到2级', 1573446862, 0);
INSERT INTO `tree_log` VALUES (196, 1, 1, 90, 140, 0, '2019111146862371418486', 2, 84.510, '从1级到2级', 1573446862, 1);
INSERT INTO `tree_log` VALUES (197, 1, 1, 102, 0, 0, '2019111148368697686906', 2, -84.510, '从1级到2级', 1573448368, 1);
INSERT INTO `tree_log` VALUES (198, 1, 1, 90, 102, 0, '2019111148368697686906', 2, 84.510, '从1级到2级', 1573448368, 1);
INSERT INTO `tree_log` VALUES (199, 1, 1, 124, 0, 0, '2019111149113614662104', 2, -84.510, '从1级到2级', 1573449113, 0);
INSERT INTO `tree_log` VALUES (200, 1, 1, 80, 124, 0, '2019111149113614662104', 2, 84.510, '从1级到2级', 1573449113, 1);
INSERT INTO `tree_log` VALUES (201, 1, 1, 169, 0, 0, '2019111151962447905205', 1, -56.340, '加入财富树', 1573451962, 0);
INSERT INTO `tree_log` VALUES (202, 1, 1, 79, 169, 0, '2019111151962447905205', 1, 56.340, '加入财富树', 1573451962, 0);
INSERT INTO `tree_log` VALUES (203, 1, 1, 124, 0, 0, '2019111152210099533859', 2, -112.680, '从2级到3级', 1573452210, 0);
INSERT INTO `tree_log` VALUES (204, 1, 1, 1, 124, 0, '2019111152210099533859', 2, 112.680, '从2级到3级', 1573452210, 0);
INSERT INTO `tree_log` VALUES (205, 1, 1, 88, 0, 0, '2019111153405498202937', 1, -56.340, '加入财富树', 1573453405, 0);
INSERT INTO `tree_log` VALUES (206, 1, 1, 74, 88, 0, '2019111153405498202937', 1, 56.340, '加入财富树', 1573453405, 1);
INSERT INTO `tree_log` VALUES (207, 1, 1, 88, 0, 0, '2019111153418714101824', 2, -197.190, '从1级到3级', 1573453418, 0);
INSERT INTO `tree_log` VALUES (208, 1, 1, 1, 88, 0, '2019111153418714101824', 2, 84.510, '从1级到2级', 1573453419, 0);
INSERT INTO `tree_log` VALUES (209, 1, 1, 1, 88, 0, '2019111153418714101824', 2, 112.680, '从2级到3级', 1573453419, 0);
INSERT INTO `tree_log` VALUES (210, 1, 1, 193, 0, 0, '2019111153797117273855', 1, -56.340, '加入财富树', 1573453797, 0);
INSERT INTO `tree_log` VALUES (211, 1, 1, 160, 193, 0, '2019111153797117273855', 1, 56.340, '加入财富树', 1573453797, 0);
INSERT INTO `tree_log` VALUES (212, 1, 1, 199, 0, 0, '2019111154767094702215', 1, -56.340, '加入财富树', 1573454767, 0);
INSERT INTO `tree_log` VALUES (213, 1, 1, 102, 199, 0, '2019111154767094702215', 1, 56.340, '加入财富树', 1573454767, 1);
INSERT INTO `tree_log` VALUES (214, 1, 1, 107, 0, 0, '2019111156284590468700', 2, -84.510, '从1级到2级', 1573456284, 0);
INSERT INTO `tree_log` VALUES (215, 1, 1, 80, 107, 0, '2019111156284590468700', 2, 84.510, '从1级到2级', 1573456284, 1);
INSERT INTO `tree_log` VALUES (216, 1, 1, 107, 0, 0, '2019111156295697524214', 2, -112.680, '从2级到3级', 1573456295, 0);
INSERT INTO `tree_log` VALUES (217, 1, 1, 1, 107, 0, '2019111156295697524214', 2, 112.680, '从2级到3级', 1573456295, 0);
INSERT INTO `tree_log` VALUES (218, 1, 2, 170, 0, 0, '2019111156434283112726', 1, -1.410, '加入财富树', 1573456434, 0);
INSERT INTO `tree_log` VALUES (219, 1, 2, 1, 170, 0, '2019111156434283112726', 1, 1.410, '加入财富树', 1573456434, 0);
INSERT INTO `tree_log` VALUES (220, 1, 1, 98, 0, 0, '2019111156563999728833', 2, -84.510, '从1级到2级', 1573456564, 0);
INSERT INTO `tree_log` VALUES (221, 1, 1, 80, 98, 0, '2019111156563999728833', 2, 84.510, '从1级到2级', 1573456564, 1);
INSERT INTO `tree_log` VALUES (222, 1, 1, 201, 0, 0, '2019111156793285499689', 1, -56.340, '加入财富树', 1573456793, 1);
INSERT INTO `tree_log` VALUES (223, 1, 1, 84, 201, 0, '2019111156793285499689', 1, 56.340, '加入财富树', 1573456793, 0);
INSERT INTO `tree_log` VALUES (224, 1, 2, 145, 0, 0, '2019111157430986874928', 1, -1.410, '加入财富树', 1573457431, 0);
INSERT INTO `tree_log` VALUES (225, 1, 2, 1, 145, 0, '2019111157430986874928', 1, 1.410, '加入财富树', 1573457431, 0);
INSERT INTO `tree_log` VALUES (226, 1, 1, 202, 0, 0, '2019111157570680953071', 1, -56.340, '加入财富树', 1573457570, 0);
INSERT INTO `tree_log` VALUES (227, 1, 1, 201, 202, 0, '2019111157570680953071', 1, 56.340, '加入财富树', 1573457570, 1);
INSERT INTO `tree_log` VALUES (228, 1, 1, 204, 0, 0, '2019111160503142965959', 1, -56.340, '加入财富树', 1573460503, 0);
INSERT INTO `tree_log` VALUES (229, 1, 1, 79, 204, 0, '2019111160503142965959', 1, 56.340, '加入财富树', 1573460503, 0);
INSERT INTO `tree_log` VALUES (230, 1, 1, 194, 0, 0, '2019111162184094685595', 1, -56.340, '加入财富树', 1573462184, 0);
INSERT INTO `tree_log` VALUES (231, 1, 1, 177, 194, 0, '2019111162184094685595', 1, 56.340, '加入财富树', 1573462184, 0);
INSERT INTO `tree_log` VALUES (232, 1, 1, 203, 0, 0, '2019111162841382478049', 1, -56.340, '加入财富树', 1573462841, 0);
INSERT INTO `tree_log` VALUES (233, 1, 1, 102, 203, 0, '2019111162841382478049', 1, 56.340, '加入财富树', 1573462841, 1);
INSERT INTO `tree_log` VALUES (234, 1, 2, 81, 0, 0, '2019111163765190641069', 1, -1.410, '加入财富树', 1573463765, 0);
INSERT INTO `tree_log` VALUES (235, 1, 2, 1, 81, 0, '2019111163765190641069', 1, 1.410, '加入财富树', 1573463765, 0);
INSERT INTO `tree_log` VALUES (236, 1, 1, 208, 0, 0, '2019111166144142371772', 1, -57.150, '加入财富树', 1573466144, 0);
INSERT INTO `tree_log` VALUES (237, 1, 1, 201, 208, 0, '2019111166144142371772', 1, 57.150, '加入财富树', 1573466144, 1);
INSERT INTO `tree_log` VALUES (238, 1, 1, 210, 0, 0, '2019111166702157896782', 1, -57.150, '加入财富树', 1573466702, 0);
INSERT INTO `tree_log` VALUES (239, 1, 1, 102, 210, 0, '2019111166702157896782', 1, 57.150, '加入财富树', 1573466702, 1);
INSERT INTO `tree_log` VALUES (240, 1, 1, 211, 0, 0, '2019111168953297211164', 1, -57.150, '加入财富树', 1573468953, 0);
INSERT INTO `tree_log` VALUES (241, 1, 1, 202, 211, 0, '2019111168953297211164', 1, 57.150, '加入财富树', 1573468953, 0);
INSERT INTO `tree_log` VALUES (242, 1, 1, 213, 0, 0, '2019111169293482951297', 1, -57.150, '加入财富树', 1573469293, 0);
INSERT INTO `tree_log` VALUES (243, 1, 1, 211, 213, 0, '2019111169293482951297', 1, 57.150, '加入财富树', 1573469293, 0);
INSERT INTO `tree_log` VALUES (244, 1, 1, 212, 0, 0, '2019111170125174211519', 1, -57.150, '加入财富树', 1573470125, 0);
INSERT INTO `tree_log` VALUES (245, 1, 1, 201, 212, 0, '2019111170125174211519', 1, 57.150, '加入财富树', 1573470125, 1);
INSERT INTO `tree_log` VALUES (246, 1, 1, 216, 0, 0, '2019111172873699875052', 1, -57.150, '加入财富树', 1573472873, 0);
INSERT INTO `tree_log` VALUES (247, 1, 1, 213, 216, 0, '2019111172873699875052', 1, 57.150, '加入财富树', 1573472873, 0);
INSERT INTO `tree_log` VALUES (248, 1, 1, 217, 0, 0, '2019111173021959862509', 1, -57.150, '加入财富树', 1573473022, 0);
INSERT INTO `tree_log` VALUES (249, 1, 1, 216, 217, 0, '2019111173021959862509', 1, 57.150, '加入财富树', 1573473022, 0);
INSERT INTO `tree_log` VALUES (250, 1, 1, 218, 0, 0, '2019111173303060328460', 1, -57.150, '加入财富树', 1573473303, 0);
INSERT INTO `tree_log` VALUES (251, 1, 1, 89, 218, 0, '2019111173303060328460', 1, 57.150, '加入财富树', 1573473303, 1);
INSERT INTO `tree_log` VALUES (252, 1, 1, 218, 0, 0, '2019111173416290476820', 2, -85.725, '从1级到2级', 1573473416, 0);
INSERT INTO `tree_log` VALUES (253, 1, 1, 84, 218, 0, '2019111173416290476820', 2, 85.725, '从1级到2级', 1573473416, 0);
INSERT INTO `tree_log` VALUES (254, 1, 1, 219, 0, 0, '2019111173565338341159', 1, -57.150, '加入财富树', 1573473565, 0);
INSERT INTO `tree_log` VALUES (255, 1, 1, 161, 219, 0, '2019111173565338341159', 1, 57.150, '加入财富树', 1573473565, 1);
INSERT INTO `tree_log` VALUES (256, 1, 1, 220, 0, 0, '2019111174168424821259', 1, -57.150, '加入财富树', 1573474168, 0);
INSERT INTO `tree_log` VALUES (257, 1, 1, 217, 220, 0, '2019111174168424821259', 1, 57.150, '加入财富树', 1573474168, 0);
INSERT INTO `tree_log` VALUES (258, 1, 1, 116, 0, 0, '2019111174248677934896', 2, -85.725, '从1级到2级', 1573474248, 0);
INSERT INTO `tree_log` VALUES (259, 1, 1, 90, 116, 0, '2019111174248677934896', 2, 85.725, '从1级到2级', 1573474248, 1);
INSERT INTO `tree_log` VALUES (260, 1, 1, 201, 0, 0, '2019111176554919045031', 2, -85.725, '从1级到2级', 1573476555, 1);
INSERT INTO `tree_log` VALUES (261, 1, 1, 84, 201, 0, '2019111176554919045031', 2, 85.725, '从1级到2级', 1573476555, 0);
INSERT INTO `tree_log` VALUES (262, 1, 1, 221, 0, 0, '2019111177027327946645', 1, -57.150, '加入财富树', 1573477027, 0);
INSERT INTO `tree_log` VALUES (263, 1, 1, 213, 221, 0, '2019111177027327946645', 1, 57.150, '加入财富树', 1573477027, 0);
INSERT INTO `tree_log` VALUES (264, 1, 1, 102, 0, 0, '2019111177898788727236', 2, -114.300, '从2级到3级', 1573477898, 1);
INSERT INTO `tree_log` VALUES (265, 1, 1, 80, 102, 0, '2019111177898788727236', 2, 114.300, '从2级到3级', 1573477898, 1);
INSERT INTO `tree_log` VALUES (266, 1, 1, 89, 0, 0, '2019111178954799236265', 2, -142.875, '从3级到4级', 1573478954, 1);
INSERT INTO `tree_log` VALUES (267, 1, 1, 1, 89, 0, '2019111178954799236265', 2, 142.875, '从3级到4级', 1573478954, 0);
INSERT INTO `tree_log` VALUES (268, 1, 1, 90, 0, 0, '2019111181570951307819', 2, -142.875, '从3级到4级', 1573481571, 0);
INSERT INTO `tree_log` VALUES (269, 1, 1, 1, 90, 0, '2019111181570951307819', 2, 142.875, '从3级到4级', 1573481571, 0);
INSERT INTO `tree_log` VALUES (270, 1, 1, 201, 0, 0, '2019111182591586386840', 2, -114.300, '从2级到3级', 1573482591, 0);
INSERT INTO `tree_log` VALUES (271, 1, 1, 1, 201, 0, '2019111182591586386840', 2, 114.300, '从2级到3级', 1573482591, 0);
INSERT INTO `tree_log` VALUES (272, 1, 1, 84, 0, 0, '2019111183185568798126', 2, -171.450, '从4级到5级', 1573483185, 0);
INSERT INTO `tree_log` VALUES (273, 1, 1, 1, 84, 0, '2019111183185568798126', 2, 171.450, '从4级到5级', 1573483185, 0);
INSERT INTO `tree_log` VALUES (274, 1, 1, 84, 0, 0, '2019111183406588751338', 2, -200.025, '从5级到6级', 1573483406, 0);
INSERT INTO `tree_log` VALUES (275, 1, 1, 1, 84, 0, '2019111183406588751338', 2, 200.025, '从5级到6级', 1573483406, 0);
INSERT INTO `tree_log` VALUES (276, 1, 1, 84, 0, 0, '2019111183520396316423', 2, -228.600, '从6级到7级', 1573483520, 0);
INSERT INTO `tree_log` VALUES (277, 1, 1, 1, 84, 0, '2019111183520396316423', 2, 228.600, '从6级到7级', 1573483520, 0);
INSERT INTO `tree_log` VALUES (278, 1, 1, 201, 0, 0, '2019111183779414312967', 2, -142.875, '从3级到4级', 1573483779, 0);
INSERT INTO `tree_log` VALUES (279, 1, 1, 1, 201, 0, '2019111183779414312967', 2, 142.875, '从3级到4级', 1573483779, 0);
INSERT INTO `tree_log` VALUES (280, 1, 1, 201, 0, 0, '2019111183868823117493', 2, -171.450, '从4级到5级', 1573483868, 0);
INSERT INTO `tree_log` VALUES (281, 1, 1, 1, 201, 0, '2019111183868823117493', 2, 171.450, '从4级到5级', 1573483869, 0);
INSERT INTO `tree_log` VALUES (282, 1, 1, 211, 0, 0, '2019111235869456956816', 2, -85.725, '从1级到2级', 1573535869, 0);
INSERT INTO `tree_log` VALUES (283, 1, 1, 201, 211, 0, '2019111235869456956816', 2, 85.725, '从1级到2级', 1573535869, 0);

-- ----------------------------
-- Table structure for tree_upgrade
-- ----------------------------
DROP TABLE IF EXISTS `tree_upgrade`;
CREATE TABLE `tree_upgrade`  (
  `id` int(11) UNSIGNED NOT NULL AUTO_INCREMENT,
  `tree_id` int(11) UNSIGNED NOT NULL COMMENT '财富树',
  `uid` int(11) UNSIGNED NOT NULL COMMENT '用户id',
  `level` tinyint(4) NOT NULL COMMENT '层级',
  `tolevel` tinyint(4) NOT NULL COMMENT '会员等级',
  `order_no` varchar(50) CHARACTER SET utf8 COLLATE utf8_general_ci NULL DEFAULT NULL COMMENT '订单号',
  `money` decimal(10, 2) NOT NULL COMMENT '会员等级',
  `create_time` int(11) NOT NULL COMMENT '升级时间',
  PRIMARY KEY (`id`) USING BTREE
) ENGINE = InnoDB AUTO_INCREMENT = 52 CHARACTER SET = utf8 COLLATE = utf8_general_ci ROW_FORMAT = Dynamic;

-- ----------------------------
-- Records of tree_upgrade
-- ----------------------------
INSERT INTO `tree_upgrade` VALUES (1, 1, 74, 1, 5, '2019110983244339248021', 507.06, 1573283244);
INSERT INTO `tree_upgrade` VALUES (2, 2, 74, 1, 5, '2019110983264736225827', 19.74, 1573283264);
INSERT INTO `tree_upgrade` VALUES (3, 2, 77, 1, 3, '2019110984089271629631', 7.05, 1573284089);
INSERT INTO `tree_upgrade` VALUES (4, 1, 80, 1, 3, '2019110984529481428849', 197.19, 1573284529);
INSERT INTO `tree_upgrade` VALUES (5, 2, 78, 1, 2, '2019110904176129646635', 2.82, 1573304176);
INSERT INTO `tree_upgrade` VALUES (6, 1, 80, 3, 4, '2019110905520608297718', 140.85, 1573305520);
INSERT INTO `tree_upgrade` VALUES (7, 1, 80, 4, 5, '2019110905533347067627', 169.02, 1573305533);
INSERT INTO `tree_upgrade` VALUES (8, 1, 84, 1, 3, '2019110905952411565158', 197.19, 1573305952);
INSERT INTO `tree_upgrade` VALUES (9, 1, 79, 1, 2, '2019110905959697335188', 84.51, 1573305959);
INSERT INTO `tree_upgrade` VALUES (10, 1, 79, 2, 3, '2019110905973369901577', 112.68, 1573305973);
INSERT INTO `tree_upgrade` VALUES (11, 1, 84, 3, 4, '2019110905975651111691', 140.85, 1573305975);
INSERT INTO `tree_upgrade` VALUES (12, 2, 76, 1, 4, '2019110906246204067128', 12.69, 1573306246);
INSERT INTO `tree_upgrade` VALUES (13, 2, 78, 2, 3, '2019110907119210743487', 4.23, 1573307119);
INSERT INTO `tree_upgrade` VALUES (14, 1, 89, 1, 3, '2019110908139022948518', 197.19, 1573308139);
INSERT INTO `tree_upgrade` VALUES (15, 1, 161, 1, 2, '2019111015365914312300', 84.51, 1573315366);
INSERT INTO `tree_upgrade` VALUES (16, 1, 161, 2, 3, '2019111015369449062378', 112.68, 1573315369);
INSERT INTO `tree_upgrade` VALUES (17, 1, 162, 1, 3, '2019111015658588009523', 197.19, 1573315658);
INSERT INTO `tree_upgrade` VALUES (18, 1, 90, 1, 2, '2019111054094866684614', 84.51, 1573354095);
INSERT INTO `tree_upgrade` VALUES (19, 1, 90, 2, 3, '2019111054197631184569', 112.68, 1573354197);
INSERT INTO `tree_upgrade` VALUES (20, 1, 164, 1, 2, '2019111072321792435960', 84.51, 1573372321);
INSERT INTO `tree_upgrade` VALUES (21, 1, 81, 1, 2, '2019111072516596764321', 84.51, 1573372516);
INSERT INTO `tree_upgrade` VALUES (22, 1, 81, 2, 3, '2019111072522579479724', 112.68, 1573372522);
INSERT INTO `tree_upgrade` VALUES (23, 1, 79, 3, 5, '2019111072616366741084', 309.87, 1573372616);
INSERT INTO `tree_upgrade` VALUES (24, 1, 161, 3, 4, '2019111075759235914111', 140.85, 1573375759);
INSERT INTO `tree_upgrade` VALUES (25, 1, 162, 3, 4, '2019111087767049863919', 140.85, 1573387767);
INSERT INTO `tree_upgrade` VALUES (26, 1, 162, 4, 5, '2019111087796473308726', 169.02, 1573387796);
INSERT INTO `tree_upgrade` VALUES (27, 1, 189, 1, 2, '2019111108428402815454', 84.51, 1573408428);
INSERT INTO `tree_upgrade` VALUES (28, 1, 189, 2, 3, '2019111108432366531804', 112.68, 1573408432);
INSERT INTO `tree_upgrade` VALUES (29, 1, 115, 1, 2, '2019111141828250791214', 84.51, 1573441828);
INSERT INTO `tree_upgrade` VALUES (30, 1, 118, 1, 2, '2019111145847449912023', 84.51, 1573445847);
INSERT INTO `tree_upgrade` VALUES (31, 1, 140, 1, 2, '2019111146862371418486', 84.51, 1573446862);
INSERT INTO `tree_upgrade` VALUES (32, 1, 102, 1, 2, '2019111148368697686906', 84.51, 1573448368);
INSERT INTO `tree_upgrade` VALUES (33, 1, 124, 1, 2, '2019111149113614662104', 84.51, 1573449113);
INSERT INTO `tree_upgrade` VALUES (34, 1, 124, 2, 3, '2019111152210099533859', 112.68, 1573452210);
INSERT INTO `tree_upgrade` VALUES (35, 1, 88, 1, 3, '2019111153418714101824', 197.19, 1573453418);
INSERT INTO `tree_upgrade` VALUES (36, 1, 107, 1, 2, '2019111156284590468700', 84.51, 1573456284);
INSERT INTO `tree_upgrade` VALUES (37, 1, 107, 2, 3, '2019111156295697524214', 112.68, 1573456295);
INSERT INTO `tree_upgrade` VALUES (38, 1, 98, 1, 2, '2019111156563999728833', 84.51, 1573456564);
INSERT INTO `tree_upgrade` VALUES (39, 1, 218, 1, 2, '2019111173416290476820', 85.73, 1573473416);
INSERT INTO `tree_upgrade` VALUES (40, 1, 116, 1, 2, '2019111174248677934896', 85.73, 1573474248);
INSERT INTO `tree_upgrade` VALUES (41, 1, 201, 1, 2, '2019111176554919045031', 85.73, 1573476555);
INSERT INTO `tree_upgrade` VALUES (42, 1, 102, 2, 3, '2019111177898788727236', 114.30, 1573477898);
INSERT INTO `tree_upgrade` VALUES (43, 1, 89, 3, 4, '2019111178954799236265', 142.88, 1573478954);
INSERT INTO `tree_upgrade` VALUES (44, 1, 90, 3, 4, '2019111181570951307819', 142.88, 1573481571);
INSERT INTO `tree_upgrade` VALUES (45, 1, 201, 2, 3, '2019111182591586386840', 114.30, 1573482591);
INSERT INTO `tree_upgrade` VALUES (46, 1, 84, 4, 5, '2019111183185568798126', 171.45, 1573483185);
INSERT INTO `tree_upgrade` VALUES (47, 1, 84, 5, 6, '2019111183406588751338', 200.03, 1573483406);
INSERT INTO `tree_upgrade` VALUES (48, 1, 84, 6, 7, '2019111183520396316423', 228.60, 1573483520);
INSERT INTO `tree_upgrade` VALUES (49, 1, 201, 3, 4, '2019111183779414312967', 142.88, 1573483779);
INSERT INTO `tree_upgrade` VALUES (50, 1, 201, 4, 5, '2019111183868823117493', 171.45, 1573483868);
INSERT INTO `tree_upgrade` VALUES (51, 1, 211, 1, 2, '2019111235869456956816', 85.73, 1573535869);

-- ----------------------------
-- Table structure for tree_user
-- ----------------------------
DROP TABLE IF EXISTS `tree_user`;
CREATE TABLE `tree_user`  (
  `id` int(11) UNSIGNED NOT NULL AUTO_INCREMENT,
  `tree_id` int(11) UNSIGNED NOT NULL COMMENT '财富树',
  `uid` int(11) UNSIGNED NOT NULL COMMENT '用户id',
  `puid` int(11) UNSIGNED NULL DEFAULT NULL COMMENT '上级id',
  `level` tinyint(4) NOT NULL COMMENT '层级 0:代表群主 其他标识用于循环后做比较',
  `vip_level` tinyint(4) NOT NULL COMMENT '会员等级',
  `create_time` int(11) NOT NULL COMMENT '加入时间',
  `update_time` int(11) NOT NULL COMMENT '更新时间',
  `order_no` varchar(50) CHARACTER SET utf8 COLLATE utf8_general_ci NULL DEFAULT NULL COMMENT '订单号 如创建用户则无',
  `tuid` int(11) NOT NULL DEFAULT 0 COMMENT '进入财富树的推荐人id',
  PRIMARY KEY (`id`) USING BTREE
) ENGINE = InnoDB AUTO_INCREMENT = 173 CHARACTER SET = utf8 COLLATE = utf8_general_ci ROW_FORMAT = Dynamic;

-- ----------------------------
-- Records of tree_user
-- ----------------------------
INSERT INTO `tree_user` VALUES (21, 1, 1, 0, 0, 13, 1573126701, 1573127926, '2019110726700878226674', 0);
INSERT INTO `tree_user` VALUES (22, 2, 1, 0, 0, 13, 1573126848, 1573209158, '2019110726848644152493', 0);
INSERT INTO `tree_user` VALUES (90, 2, 74, 1, 1, 5, 1573283200, 1573283264, '2019110983200069445214', 1);
INSERT INTO `tree_user` VALUES (91, 1, 74, 1, 1, 5, 1573283226, 1573283244, '2019110983226590459871', 1);
INSERT INTO `tree_user` VALUES (92, 2, 76, 74, 2, 4, 1573283567, 1573306246, '2019110983567791303920', 74);
INSERT INTO `tree_user` VALUES (93, 2, 75, 74, 2, 1, 1573283600, 1573283600, '2019110983599900705687', 74);
INSERT INTO `tree_user` VALUES (94, 2, 77, 74, 2, 3, 1573284036, 1573284089, '2019110984036563401767', 74);
INSERT INTO `tree_user` VALUES (95, 1, 80, 1, 1, 5, 1573284474, 1573305533, '2019110984474047873040', 1);
INSERT INTO `tree_user` VALUES (96, 1, 90, 80, 2, 4, 1573296512, 1573481571, '2019110996512108254187', 80);
INSERT INTO `tree_user` VALUES (97, 2, 139, 1, 1, 1, 1573298461, 1573298461, '2019110998461874927718', 1);
INSERT INTO `tree_user` VALUES (98, 1, 107, 90, 3, 3, 1573298930, 1573456295, '2019110998930197999644', 90);
INSERT INTO `tree_user` VALUES (99, 1, 124, 90, 3, 3, 1573299159, 1573452210, '2019110999159158634424', 90);
INSERT INTO `tree_user` VALUES (100, 1, 98, 90, 3, 2, 1573299226, 1573456564, '2019110999226856188878', 90);
INSERT INTO `tree_user` VALUES (101, 1, 116, 107, 4, 2, 1573299232, 1573474248, '2019110999232770424946', 90);
INSERT INTO `tree_user` VALUES (102, 1, 115, 107, 4, 2, 1573299330, 1573441828, '2019110999330681965251', 90);
INSERT INTO `tree_user` VALUES (103, 1, 102, 107, 4, 3, 1573299431, 1573477898, '2019110999431049276086', 90);
INSERT INTO `tree_user` VALUES (104, 1, 118, 124, 4, 2, 1573299472, 1573445847, '2019110999472243208160', 90);
INSERT INTO `tree_user` VALUES (105, 1, 140, 124, 4, 2, 1573299636, 1573446862, '2019110999636079803362', 90);
INSERT INTO `tree_user` VALUES (106, 1, 105, 124, 4, 1, 1573300375, 1573300375, '2019110900375820774586', 90);
INSERT INTO `tree_user` VALUES (107, 1, 106, 98, 4, 1, 1573300508, 1573300508, '2019110900508200236261', 90);
INSERT INTO `tree_user` VALUES (108, 1, 142, 98, 4, 1, 1573300687, 1573300687, '2019110900687365648958', 90);
INSERT INTO `tree_user` VALUES (109, 1, 103, 98, 4, 1, 1573300840, 1573300840, '2019110900840597302339', 90);
INSERT INTO `tree_user` VALUES (110, 1, 95, 116, 5, 1, 1573300905, 1573300905, '2019110900905019119601', 90);
INSERT INTO `tree_user` VALUES (111, 1, 126, 116, 5, 1, 1573300961, 1573300961, '2019110900961548701855', 90);
INSERT INTO `tree_user` VALUES (112, 1, 101, 116, 5, 1, 1573301175, 1573301175, '2019110901174995409430', 90);
INSERT INTO `tree_user` VALUES (113, 1, 110, 115, 5, 1, 1573301819, 1573301819, '2019110901819818798975', 90);
INSERT INTO `tree_user` VALUES (114, 1, 144, 115, 5, 1, 1573301847, 1573301847, '2019110901847421305759', 90);
INSERT INTO `tree_user` VALUES (115, 1, 147, 115, 5, 1, 1573301948, 1573301948, '2019110901948511395291', 90);
INSERT INTO `tree_user` VALUES (116, 1, 146, 102, 5, 1, 1573302068, 1573302068, '2019110902068515697606', 90);
INSERT INTO `tree_user` VALUES (117, 1, 120, 102, 5, 1, 1573303188, 1573303188, '2019110903188868957174', 90);
INSERT INTO `tree_user` VALUES (118, 1, 155, 103, 5, 1, 1573303989, 1573303989, '2019110903989309818113', 103);
INSERT INTO `tree_user` VALUES (119, 2, 78, 76, 3, 3, 1573304139, 1573307119, '2019110904139314841185', 74);
INSERT INTO `tree_user` VALUES (120, 1, 84, 1, 1, 7, 1573305874, 1573483520, '2019110905874132081973', 1);
INSERT INTO `tree_user` VALUES (121, 1, 79, 74, 2, 5, 1573305939, 1573372616, '2019110905939774759829', 1);
INSERT INTO `tree_user` VALUES (122, 1, 89, 84, 2, 4, 1573308120, 1573478954, '2019110908120813208707', 84);
INSERT INTO `tree_user` VALUES (123, 1, 161, 84, 2, 4, 1573315349, 1573375759, '2019111015349485937964', 84);
INSERT INTO `tree_user` VALUES (124, 1, 162, 84, 2, 5, 1573315638, 1573387796, '2019111015638843281714', 84);
INSERT INTO `tree_user` VALUES (125, 1, 160, 102, 5, 1, 1573348935, 1573348935, '2019111048935640408016', 90);
INSERT INTO `tree_user` VALUES (126, 1, 104, 118, 5, 1, 1573351263, 1573351263, '2019111051263462636285', 90);
INSERT INTO `tree_user` VALUES (127, 1, 159, 118, 5, 1, 1573351746, 1573351746, '2019111051746334692185', 90);
INSERT INTO `tree_user` VALUES (128, 1, 97, 118, 5, 1, 1573354873, 1573354873, '2019111054873188976221', 90);
INSERT INTO `tree_user` VALUES (129, 1, 100, 140, 5, 1, 1573355318, 1573355318, '2019111055318803421949', 90);
INSERT INTO `tree_user` VALUES (130, 1, 152, 140, 5, 1, 1573356652, 1573356652, '2019111056651965271952', 90);
INSERT INTO `tree_user` VALUES (131, 1, 92, 140, 5, 1, 1573363458, 1573363458, '2019111063458444183079', 90);
INSERT INTO `tree_user` VALUES (132, 1, 163, 79, 3, 1, 1573363725, 1573363725, '2019111063724846299516', 79);
INSERT INTO `tree_user` VALUES (133, 1, 164, 79, 3, 2, 1573372293, 1573372321, '2019111072293542772551', 79);
INSERT INTO `tree_user` VALUES (134, 1, 165, 79, 3, 1, 1573372385, 1573372385, '2019111072385262327959', 79);
INSERT INTO `tree_user` VALUES (135, 1, 81, 80, 2, 3, 1573372482, 1573372522, '2019111072482198789289', 80);
INSERT INTO `tree_user` VALUES (136, 1, 167, 163, 4, 1, 1573373095, 1573373095, '2019111073095724658099', 79);
INSERT INTO `tree_user` VALUES (137, 1, 168, 163, 4, 1, 1573373149, 1573373149, '2019111073149258924159', 79);
INSERT INTO `tree_user` VALUES (138, 1, 166, 161, 3, 1, 1573377234, 1573377234, '2019111077234451099673', 161);
INSERT INTO `tree_user` VALUES (139, 1, 175, 162, 3, 1, 1573384350, 1573384350, '2019111084350750939435', 162);
INSERT INTO `tree_user` VALUES (140, 1, 176, 175, 4, 1, 1573385077, 1573385077, '2019111085077190284741', 175);
INSERT INTO `tree_user` VALUES (141, 1, 177, 176, 5, 1, 1573387149, 1573387149, '2019111087149208796140', 176);
INSERT INTO `tree_user` VALUES (142, 1, 178, 176, 5, 1, 1573389673, 1573389673, '2019111089673594928260', 176);
INSERT INTO `tree_user` VALUES (143, 1, 179, 161, 3, 1, 1573390736, 1573390736, '2019111090736123943616', 161);
INSERT INTO `tree_user` VALUES (144, 1, 180, 177, 6, 1, 1573393511, 1573393511, '2019111093511214499781', 177);
INSERT INTO `tree_user` VALUES (145, 1, 183, 160, 6, 1, 1573394841, 1573394841, '2019111094841516929613', 160);
INSERT INTO `tree_user` VALUES (146, 1, 187, 177, 6, 1, 1573398477, 1573398477, '2019111098477479988407', 177);
INSERT INTO `tree_user` VALUES (147, 1, 188, 166, 4, 1, 1573400126, 1573400126, '2019111000126474876696', 166);
INSERT INTO `tree_user` VALUES (148, 1, 189, 162, 3, 3, 1573408402, 1573408432, '2019111108402433934477', 162);
INSERT INTO `tree_user` VALUES (149, 1, 191, 160, 6, 1, 1573429774, 1573429774, '2019111129774372487183', 160);
INSERT INTO `tree_user` VALUES (150, 1, 169, 163, 4, 1, 1573451962, 1573451962, '2019111151962447905205', 79);
INSERT INTO `tree_user` VALUES (151, 1, 88, 74, 2, 3, 1573453405, 1573453418, '2019111153405498202937', 74);
INSERT INTO `tree_user` VALUES (152, 1, 193, 160, 6, 1, 1573453797, 1573453797, '2019111153797117273855', 160);
INSERT INTO `tree_user` VALUES (153, 1, 199, 146, 6, 1, 1573454767, 1573454767, '2019111154767094702215', 102);
INSERT INTO `tree_user` VALUES (154, 2, 170, 1, 1, 1, 1573456434, 1573456434, '2019111156434283112726', 1);
INSERT INTO `tree_user` VALUES (155, 1, 201, 89, 3, 5, 1573456793, 1573483868, '2019111156793285499689', 84);
INSERT INTO `tree_user` VALUES (156, 2, 145, 139, 2, 1, 1573457431, 1573457431, '2019111157430986874928', 1);
INSERT INTO `tree_user` VALUES (157, 1, 202, 201, 4, 1, 1573457570, 1573457570, '2019111157570680953071', 201);
INSERT INTO `tree_user` VALUES (158, 1, 204, 164, 4, 1, 1573460503, 1573460503, '2019111160503142965959', 79);
INSERT INTO `tree_user` VALUES (159, 1, 194, 177, 6, 1, 1573462184, 1573462184, '2019111162184094685595', 177);
INSERT INTO `tree_user` VALUES (160, 1, 203, 146, 6, 1, 1573462841, 1573462841, '2019111162841382478049', 102);
INSERT INTO `tree_user` VALUES (161, 2, 81, 139, 2, 1, 1573463765, 1573463765, '2019111163765190641069', 1);
INSERT INTO `tree_user` VALUES (162, 1, 208, 201, 4, 1, 1573466144, 1573466144, '2019111166144142371772', 201);
INSERT INTO `tree_user` VALUES (163, 1, 210, 146, 6, 1, 1573466702, 1573466702, '2019111166702157896782', 102);
INSERT INTO `tree_user` VALUES (164, 1, 211, 202, 5, 2, 1573468953, 1573535869, '2019111168953297211164', 202);
INSERT INTO `tree_user` VALUES (165, 1, 213, 211, 6, 1, 1573469293, 1573469293, '2019111169293482951297', 211);
INSERT INTO `tree_user` VALUES (166, 1, 212, 201, 4, 1, 1573470125, 1573470125, '2019111170125174211519', 201);
INSERT INTO `tree_user` VALUES (167, 1, 216, 213, 7, 1, 1573472873, 1573472873, '2019111172873699875052', 213);
INSERT INTO `tree_user` VALUES (168, 1, 217, 216, 8, 1, 1573473022, 1573473022, '2019111173021959862509', 216);
INSERT INTO `tree_user` VALUES (169, 1, 218, 89, 3, 2, 1573473303, 1573473416, '2019111173303060328460', 89);
INSERT INTO `tree_user` VALUES (170, 1, 219, 161, 3, 1, 1573473565, 1573473565, '2019111173565338341159', 161);
INSERT INTO `tree_user` VALUES (171, 1, 220, 217, 9, 1, 1573474168, 1573474168, '2019111174168424821259', 217);
INSERT INTO `tree_user` VALUES (172, 1, 221, 213, 7, 1, 1573477027, 1573477027, '2019111177027327946645', 213);

-- ----------------------------
-- Table structure for user
-- ----------------------------
DROP TABLE IF EXISTS `user`;
CREATE TABLE `user`  (
  `uid` int(11) UNSIGNED NOT NULL AUTO_INCREMENT,
  `username` varchar(20) CHARACTER SET utf8 COLLATE utf8_general_ci NOT NULL COMMENT '账号',
  `password` varchar(50) CHARACTER SET utf8 COLLATE utf8_general_ci NOT NULL COMMENT '密码',
  `nickname` varchar(20) CHARACTER SET utf8 COLLATE utf8_general_ci NULL DEFAULT NULL COMMENT '昵称',
  `avatar` varchar(255) CHARACTER SET utf8 COLLATE utf8_general_ci NULL DEFAULT NULL COMMENT '头像',
  `wechat_code` varchar(255) CHARACTER SET utf8 COLLATE utf8_general_ci NULL DEFAULT NULL COMMENT '微信二维码',
  `puid` int(11) NOT NULL COMMENT '上级id',
  `invite_code` varchar(20) CHARACTER SET utf8 COLLATE utf8_general_ci NULL DEFAULT NULL COMMENT '邀请码',
  `token` varchar(255) CHARACTER SET utf8 COLLATE utf8_general_ci NULL DEFAULT NULL COMMENT '登录token',
  `state` tinyint(1) NOT NULL DEFAULT 0 COMMENT '状态1:正常 2:禁用',
  `create_time` int(11) NOT NULL COMMENT '注册时间',
  `update_time` int(11) NOT NULL COMMENT '更新时间',
  PRIMARY KEY (`uid`) USING BTREE,
  UNIQUE INDEX `username`(`username`) USING BTREE
) ENGINE = InnoDB AUTO_INCREMENT = 229 CHARACTER SET = utf8 COLLATE = utf8_general_ci ROW_FORMAT = Dynamic;

-- ----------------------------
-- Records of user
-- ----------------------------
INSERT INTO `user` VALUES (1, 'root', 'krhi3rIVZ0U4Q+p3kcBv5Q==', '平台', NULL, NULL, 0, '11111', 'eyJhbGciOiJIUzI1NiIsInR5cCI6IkpXVCJ9.eyJpc3MiOjEsImlhdCI6MTU2ODA5ODQ1NSwiZXhwIjoxNTY4MTA1NjU1LCJuYmYiOjE1NjgwOTg0NTUsInN1YiI6IiIsImp0aSI6IjQyMDQ3YTU2ZjliNTdmMWRjNmMxNTkwM2UxZWE3NDVkIn0.AmySthh7nqt7sOWHEo6HnJPS2qLt_v-bCnx8JUTR6TE', 0, 1566356246, 1568098455);
INSERT INTO `user` VALUES (73, '17611688825', 'XIRWjn55a+R4qWonimroAQ==', '17611688825', '', NULL, 1, '100073', NULL, 0, 1573282630, 1573282630);
INSERT INTO `user` VALUES (74, '17611688826', 'yXJVi+f4cJmPWRRMNV2Uvg==', '17611688826', '', NULL, 1, '100074', '', 0, 1573282747, 1573534630);
INSERT INTO `user` VALUES (75, '17607678616', '/T2gRfooJx0cflAg66/lKg==', '17607678616', '', NULL, 74, '100075', '', 0, 1573283324, 1573315381);
INSERT INTO `user` VALUES (76, '13112346789', 'D+2UZazciU6jopA1ttNLYA==', '13112346789', '', NULL, 74, '100076', '', 0, 1573283337, 1573314978);
INSERT INTO `user` VALUES (77, '18314869996', 'l/GHXN0cGJx3b4MZNcm7Kg==', '18314869996', '', NULL, 74, '100077', '', 0, 1573283640, 1573542789);
INSERT INTO `user` VALUES (78, '15362019723', 'BGwH2hht78IipJ5KQSCGTw==', '15362019723', '', NULL, 74, '100078', '', 0, 1573283676, 1573347406);
INSERT INTO `user` VALUES (79, '13212346789', 'ouMvgZjCDCtFWzqPLc5pFw==', '13212346789', '', NULL, 1, '100079', '2aed7ee08d7024cc73be64c871c0cf3a', 0, 1573283924, 1573475073);
INSERT INTO `user` VALUES (80, '17611688827', 'fJaTx2F4RW7s6e5tnLuFMA==', '17611688827', '', NULL, 1, '100080', 'a1a500e3d2f41ae20872cf60c00fa6be', 0, 1573283964, 1573534651);
INSERT INTO `user` VALUES (81, '17607678617', 'I4U6fYFfyizj248Tnw/cmg==', '17607678617', '', NULL, 80, '100081', 'fdb9a84365408269cb5969f530f680a3', 0, 1573284036, 1573525280);
INSERT INTO `user` VALUES (82, '15541512947', 'dOO0c46q2L9mMedSfKYubA==', '15541512947', '', NULL, 80, '100082', '', 0, 1573284137, 1573392713);
INSERT INTO `user` VALUES (83, '13627798636', 'FrBinHvQE2nT9eUg0dImCA==', '13627798636', '', NULL, 80, '100083', '', 0, 1573284727, 1573408123);
INSERT INTO `user` VALUES (84, '13326898678', 'dDgCts+WX9noBDNwtXEHgQ==', '13326898678', '', NULL, 1, '100084', '', 0, 1573285625, 1573537804);
INSERT INTO `user` VALUES (85, '13812345678', 'xfZRnLf3e3OMT1EaeScf/g==', '13812345678', '', NULL, 84, '100085', NULL, 0, 1573285790, 1573285790);
INSERT INTO `user` VALUES (86, '17743235306', '3OdgpIsKTpIBm/TrcJ9/eg==', '17743235306', '', NULL, 84, '100086', '316933de1fabab4b01922220e5570ff6', 0, 1573286156, 1573355739);
INSERT INTO `user` VALUES (87, '15810573226', 'TKWGAWHr2jMsOlvu3msLQQ==', '15810573226', '', NULL, 74, '100087', '', 0, 1573286263, 1573304425);
INSERT INTO `user` VALUES (88, '13581752269', 'BDtCMzM+oBIrmj/xtHUCoQ==', '13581752269', '', NULL, 74, '100088', '532ca0b7053831982b1a602a063cedda', 0, 1573286536, 1573453489);
INSERT INTO `user` VALUES (89, '13242990978', 'MJwLPI3nQaG1BgTRqaom0g==', '13242990978', '', '/avatar/89_wechat.png?time=1573308168', 84, '100089', '97e720ef01450d4109a8a99e09a60db8', 0, 1573286541, 1573480349);
INSERT INTO `user` VALUES (90, '17629216536', '7JRRUkYSudkXKh22itkdRQ==', '17629216536', '', NULL, 80, '100090', '8e267539fbe33eef896d9c354760fbec', 0, 1573291200, 1573317925);
INSERT INTO `user` VALUES (91, '15110310297', 'UxYNAjd9ywO+BySzbCnM3Q==', '15110310297', '', NULL, 90, '100091', 'c37e72ea167d7a7cd647bdb6f955cd5c', 0, 1573291687, 1573356178);
INSERT INTO `user` VALUES (92, '15588465558', 'N+h7QV9SqxzCB4Kz1c8xFg==', '15588465558', '', NULL, 90, '100092', '433c7417f49cb4d84cb0dd7881f7ba83', 0, 1573291727, 1573293701);
INSERT INTO `user` VALUES (93, '17635634532', 'maqjvNZAYZAWTQ78ZEcRcA==', '17635634532', '', NULL, 90, '100093', NULL, 0, 1573293687, 1573293687);
INSERT INTO `user` VALUES (94, '15291225830', 'CbQ9EIUR1P0EYmNHFrRcnw==', '15291225830', '', NULL, 90, '100094', 'd3ab9e3c2099639687403f4e715279ee', 0, 1573293695, 1573294702);
INSERT INTO `user` VALUES (95, '13176013492', 'Okdfo5uLpR3nEgSiRPw9Hg==', '13176013492', '', NULL, 90, '100095', '206ff2f9cfa34ea20b727b2727d82b4d', 0, 1573293706, 1573294175);
INSERT INTO `user` VALUES (96, '13296690890', 'EHibOXgvpviEE7aqN8Hgcw==', '13296690890', '', NULL, 90, '100096', 'ae7a24836ac1ee8b051bca77cee8cfb0', 0, 1573293764, 1573293779);
INSERT INTO `user` VALUES (97, '17604089553', 'FN2p2WdC+y8zLUUsNPR2RQ==', '17604089553', '', NULL, 90, '100097', 'bf428e178190191dc196e495a153bcdd', 0, 1573293765, 1573294526);
INSERT INTO `user` VALUES (98, '18325529167', 'Cyu3IeEic7esctY9dz6B1g==', '18325529167', '', NULL, 90, '100098', '', 0, 1573293771, 1573459179);
INSERT INTO `user` VALUES (99, '15958120336', 'y5eWOe/39+/1Mk4XM9UZfQ==', '15958120336', '', NULL, 90, '100099', 'ebc5292c43f3f8261a1e47130b17ea5e', 0, 1573293787, 1573294292);
INSERT INTO `user` VALUES (100, '13414676255', 'i7bjCQE3tmXqoQWa0esFag==', '13414676255', '', NULL, 90, '100100', '2b764dfda55d3468e0f6c88414e61adf', 0, 1573293865, 1573397597);
INSERT INTO `user` VALUES (101, '18629286704', '3+Ckglqa9VzI6Lb/EaMpxQ==', '18629286704', '', NULL, 90, '100101', 'b6b586e2e00138173218843eda785747', 0, 1573293886, 1573302038);
INSERT INTO `user` VALUES (102, '15193068321', 'OCezxCwqEMIm7oz+71enEA==', '15193068321', '', NULL, 90, '100102', 'f3e2211754c47737b47198dec2e6c5ec', 0, 1573293891, 1573294135);
INSERT INTO `user` VALUES (103, '13008892745', 'q1qy0fDhr1cpWsxDPNB0aw==', '13008892745', '', NULL, 90, '100103', '2c1e8aecf9dbd3bc7077b7e8df086018', 0, 1573293898, 1573300825);
INSERT INTO `user` VALUES (104, '13792663303', '3iHapo6G3gUWq+o7XK1hmg==', '13792663303', '', NULL, 90, '100104', '56c3bda968dd97fcf09053c47da05c89', 0, 1573293956, 1573293971);
INSERT INTO `user` VALUES (105, '13790658718', 'Cp9ZdhHMZNpjjWzpooLsBQ==', '13790658718', '', NULL, 90, '100105', 'd6bc68b06f64d136dc92d838d9891c85', 0, 1573294062, 1573297015);
INSERT INTO `user` VALUES (106, '18703545552', 'fyqjOMsXSy5VYH5cQQCPJg==', '18703545552', '', NULL, 90, '100106', '5af964647d7f02e82e734646539045a8', 0, 1573294106, 1573297272);
INSERT INTO `user` VALUES (107, '15206511739', 'cRz1/Asoz98nDJOaob4PlQ==', '15206511739', '', NULL, 90, '100107', '08bba5dfa8f1bab45c757eebd0d61985', 0, 1573294118, 1573481346);
INSERT INTO `user` VALUES (108, '15825768910', 'VWsVBNU/BonTMiFnSXPsQQ==', '15825768910', '', NULL, 90, '100108', 'eece2a288c1be380de9941dbe7770108', 0, 1573294212, 1573294240);
INSERT INTO `user` VALUES (109, '13718180121', '7ziqyZcCtOyZa6Ntggj0Gw==', '13718180121', '', NULL, 90, '100109', '', 0, 1573294283, 1573294983);
INSERT INTO `user` VALUES (110, '18816768731', 'xgPRFKu3hMpmg81NtuUHDA==', '18816768731', '', NULL, 90, '100110', '7bf6c4da4495959a4026abd573f7c892', 0, 1573294284, 1573301663);
INSERT INTO `user` VALUES (111, '13589646055', 'Oc5hkH2478CXljFUUpK5EQ==', '13589646055', '', NULL, 90, '100111', '36d7ff4316f44e4d147b4b217bed333c', 0, 1573294387, 1573294404);
INSERT INTO `user` VALUES (112, '15004277357', 'lTQjffKHP2C7EbilLDJkiQ==', '15004277357', '', NULL, 90, '100112', 'c5fcde52461d3d1254d61ceb4b0f906a', 0, 1573294406, 1573294620);
INSERT INTO `user` VALUES (113, '18629302862', 'tbgmN8buP3r069CIk50Crg==', '18629302862', '', NULL, 90, '100113', 'c2d30091008c6f101a525a5852be38a3', 0, 1573294491, 1573294965);
INSERT INTO `user` VALUES (114, '13873097198', '03NIo4DEs2SQq7I8RysH3w==', '13873097198', '', NULL, 90, '100114', '55a2f5b2ddaff4a192130ce1afe89d78', 0, 1573294506, 1573294518);
INSERT INTO `user` VALUES (115, '17551303530', 'lx7NwmhOlILzoGS8VXtW1g==', '17551303530', '', NULL, 90, '100115', '082731f5aa8df8b4c43a9a5481890b86', 0, 1573294546, 1573297040);
INSERT INTO `user` VALUES (116, '13923413443', 'pzgZpi2rYB9daq+XJqegJw==', '13923413443', '', '/avatar/116_wechat.png?time=1573294791', 90, '100116', 'f6eb242e1b9dbe170a1a3ae29557c27d', 0, 1573294637, 1573297954);
INSERT INTO `user` VALUES (117, '18111666200', 'RJ4u0kesw/jGKfn2ED2saw==', '18111666200', '', NULL, 90, '100117', '6d0ba92673df4f8d6fa2d5a1e079d5e5', 0, 1573294700, 1573294712);
INSERT INTO `user` VALUES (118, '18473328164', 'v6/l7IwwbY41UOZhytQ2lw==', '18473328164', '', NULL, 90, '100118', '78b3851e6a8072a5a7145b9e49c39a54', 0, 1573294843, 1573297375);
INSERT INTO `user` VALUES (119, '18600330233', 'mU8/sej/iukNM+b9oaiAEg==', '18600330233', '', NULL, 90, '100119', NULL, 0, 1573294863, 1573294863);
INSERT INTO `user` VALUES (120, '15073192261', 'o0bApYKKSi9jO7LDsteOLA==', '15073192261', '', NULL, 90, '100120', 'c57c6898a494b391cd5a72fc19db382e', 0, 1573294893, 1573303164);
INSERT INTO `user` VALUES (121, '18986202931', 'FGEfz/AK2iXO6HyCFFt1LQ==', '18986202931', '', NULL, 90, '100121', '05cda23575bd66f43dec51eaa1169bb5', 0, 1573294903, 1573295359);
INSERT INTO `user` VALUES (122, '13111112222', '0DsHI8Xsc/M3uvcBF7LvuA==', '13111112222', '', NULL, 1, '100122', '', 0, 1573294989, 1573298533);
INSERT INTO `user` VALUES (123, '13552867817', 'HREKEiAntu7ycbUhy+OG7A==', '13552867817', '', NULL, 109, '100123', 'ca0f47b1a628a98266ad02e2a4f86a2b', 0, 1573295022, 1573295067);
INSERT INTO `user` VALUES (124, '15909250278', 'Zv0B+ag56n8fHwLVkcmsXQ==', '15909250278', '', '/avatar/124_wechat.png?time=1573296181', 90, '100124', 'b4e8c6cea9d4712ef72f7f1dedeb26a8', 0, 1573295163, 1573482441);
INSERT INTO `user` VALUES (125, '13049466243', 'R/T3EYVER73O1Qz2AwOYIA==', '13049466243', '', NULL, 79, '100125', '6b13dec9fe3d89c9de72d76a9e39d15c', 0, 1573295268, 1573295285);
INSERT INTO `user` VALUES (126, '13990590890', 'ci0OWyfpPewNwSF2wcFcRw==', '13990590890', '', NULL, 90, '100126', '3c7c75355fe3cd34f96d59991cf0823c', 0, 1573295356, 1573296500);
INSERT INTO `user` VALUES (127, '15251750575', 'IKByhZGDpCjKpBXCqzpzQQ==', '15251750575', '', NULL, 121, '100127', 'ded5a7450ea28d51fff2c7d5f7ad5abc', 0, 1573295359, 1573295379);
INSERT INTO `user` VALUES (128, '13924717045', 'W5e/DC9acEZnr34rb1vokg==', '13924717045', '', NULL, 121, '100128', NULL, 0, 1573295565, 1573295565);
INSERT INTO `user` VALUES (129, '13776400609', 'w0XvUBoXal7o+X3bhxsYRg==', '13776400609', '', NULL, 121, '100129', 'e09ba24f5d9c79182b5c30bd0cb57da9', 0, 1573295787, 1573295814);
INSERT INTO `user` VALUES (130, '13132213201', 'yGuuih2VGXzCzEBc6adzpg==', '13132213201', '', NULL, 121, '100130', NULL, 0, 1573296050, 1573296050);
INSERT INTO `user` VALUES (131, '17701271211', 'CeWpR1ZnEYEWSHOFOcWW+Q==', '17701271211', '', NULL, 123, '100131', '8a1ac7d10d9dd1b6585a6cc0e1330290', 0, 1573296261, 1573296277);
INSERT INTO `user` VALUES (132, '18201381955', 'odBKhM3Fn5pRbYr+d0+iRw==', '18201381955', '', NULL, 123, '100132', '25a2c3f3437f6a4a202f8e8f37430d59', 0, 1573296337, 1573296360);
INSERT INTO `user` VALUES (133, '18223850281', 'QSDbJvOSZVzzzkgLlTdCGA==', '18223850281', '', NULL, 121, '100133', '822b09b50276ea08bcab25540de977db', 0, 1573296404, 1573296424);
INSERT INTO `user` VALUES (134, '13129641319', 'Rm0xe0W9W1i4pYltakYQ9g==', '13129641319', '', NULL, 78, '100134', '4abe1aec159188d9d7ae68d9f0d47d37', 0, 1573296602, 1573296761);
INSERT INTO `user` VALUES (135, '15107301882', 'DwTXiF7KAz2vJNXsG4BLWg==', '15107301882', '', NULL, 1, '100135', '99b8a5f2ee6ef3ad1edd7b6553f0e37c', 0, 1573296982, 1573296997);
INSERT INTO `user` VALUES (136, '18688948224', 'ueEN8Qmdc+f0SvTC0dxVnA==', '18688948224', '', NULL, 134, '100136', '5097545cd3fdc9c6889fbf006931ce97', 0, 1573297296, 1573297310);
INSERT INTO `user` VALUES (137, '13913828611', 'eCi9xbCt30HvCZDxv/50+Q==', '13913828611', '', NULL, 90, '100137', '520a520ade0785e45fc92a99390a9f47', 0, 1573297465, 1573297498);
INSERT INTO `user` VALUES (138, '15633487369', 'uce/+6J4QXXs/LGQFF2afw==', '15633487369', '', NULL, 123, '100138', '6a356db9ddcfc619b1e92f1131cf4b76', 0, 1573297598, 1573297616);
INSERT INTO `user` VALUES (139, '13267118890', 'X3slEWdyIwHjg74nCNPD3A==', '13267118890', '', NULL, 136, '100139', '5306126ac68b8fe0c5c2e33cdc2e72a3', 0, 1573297711, 1573298036);
INSERT INTO `user` VALUES (140, '15633759901', 'tK51apVlKlMvPA8qXId1ug==', '15633759901', '', NULL, 90, '100140', 'b93cdd67dff43e31b4798bb6d35599b3', 0, 1573298353, 1573299000);
INSERT INTO `user` VALUES (141, '15077107328', 'yp6RDABVLTnP+jG9QuhOTA==', '15077107328', '', NULL, 74, '100141', 'fb58241a7174dd36cc1c7d4604a505b2', 0, 1573298984, 1573299005);
INSERT INTO `user` VALUES (142, '13317336980', 'MmBASBAsF5fNpV8iNsRsgg==', '13317336980', '', NULL, 90, '100142', '456270e5d3ab8373e4588cf3ee966915', 0, 1573299074, 1573517987);
INSERT INTO `user` VALUES (143, '13718063342', '0ELrxXj9eaBevEC8fkvyWQ==', '13718063342', '', NULL, 123, '100143', 'c90d602a41d8f13bc8e7828928933d0f', 0, 1573299588, 1573299602);
INSERT INTO `user` VALUES (144, '15589909501', 'X9M8JKxRQD5CeLaXf94WEw==', '15589909501', '', NULL, 90, '100144', '0a77d659a22e665e031649a76d34da30', 0, 1573299795, 1573300880);
INSERT INTO `user` VALUES (145, '17512019342', 'kcdCU6AjCmdyVtcSkcLoJw==', '17512019342', '', NULL, 1, '100145', 'ac24308b643c37e44f664c17017dd08b', 0, 1573299967, 1573461593);
INSERT INTO `user` VALUES (146, '13983699642', 'zzZG9qEsWMtcFZKoVUNmaQ==', '13983699642', '', NULL, 90, '100146', '98983e886b240cbd98836d5143937020', 0, 1573299986, 1573300625);
INSERT INTO `user` VALUES (147, '15874635833', 'iXIfAEl5PLhm3gDTYY+sFA==', '15874635833', '', NULL, 90, '100147', '56585b107777fdc4440f0abb3b25e679', 0, 1573300328, 1573301170);
INSERT INTO `user` VALUES (148, '18532679064', '0O/LCRZeyTVgajd2xzkKMQ==', '18532679064', '', NULL, 140, '100148', '3bcb26ad4b726b59086d2968b86a67a6', 0, 1573300597, 1573300620);
INSERT INTO `user` VALUES (149, '18917190059', 'txD5GNnCPDc/BOvvc4g+Xg==', '18917190059', '', NULL, 90, '100149', 'e04875207c47ac7667c8fcf8273af4d4', 0, 1573300685, 1573300690);
INSERT INTO `user` VALUES (150, '15958909730', 'EpcOSVzovlNdixvdJB2C0g==', '15958909730', '', NULL, 90, '100150', 'f20e8a1a2d7fe0eee72adb8d20ba5d39', 0, 1573301476, 1573301494);
INSERT INTO `user` VALUES (151, '18874195687', 'jHWm5PS401rdspIShfPZGg==', '18874195687', '', NULL, 90, '100151', '', 0, 1573301632, 1573303150);
INSERT INTO `user` VALUES (152, '18682949291', 'JiMY0qtmOBR6F0pX8kivLg==', '18682949291', '', NULL, 90, '100152', '79832162c1d579e6ef1efcb8a671def6', 0, 1573301829, 1573356252);
INSERT INTO `user` VALUES (153, '13279307766', 'N4dtREskey6n2Q3Hc7FwJQ==', '13279307766', '', NULL, 101, '100153', '13e8cf8577bf06ccaeb8c61badcefe32', 0, 1573302161, 1573302950);
INSERT INTO `user` VALUES (154, '18655110785', 'fuk7ECF5lTNH1DZ219aVIQ==', '18655110785', '', NULL, 101, '100154', NULL, 0, 1573302349, 1573302349);
INSERT INTO `user` VALUES (155, '18863515210', '4tJpF99PtAlE32bYzb3LYA==', '18863515210', '', NULL, 103, '100155', '', 0, 1573302893, 1573307367);
INSERT INTO `user` VALUES (156, '18569537958', 'gZbB7WPpozeAYLr/7T/CLA==', '18569537958', '', NULL, 153, '100156', 'f3e4d6c12baa13c6001472b04fa36d91', 0, 1573303535, 1573491804);
INSERT INTO `user` VALUES (157, '18257929311', 'NCYR4jHoMdXsDocz4pr3Gw==', '18257929311', '', NULL, 90, '100157', 'e9087e9acd062aca94385f3fed4ff0df', 0, 1573304699, 1573305417);
INSERT INTO `user` VALUES (158, '18341274049', 'The4AUVU66kaPVcltd+V0A==', '18341274049', '', NULL, 1, '100158', '51c23ed342ed14148891e21446ea5f51', 0, 1573305048, 1573530411);
INSERT INTO `user` VALUES (159, '18822025635', 'MAh1UBt+5gcyVzfcw9G1WA==', '18822025635', '', NULL, 90, '100159', 'c2ef2ee0826cc2abdc81d6ac27722523', 0, 1573307819, 1573387108);
INSERT INTO `user` VALUES (160, '15568265530', 'XHrqdY5HlUHP+3tnWMK8cg==', '15568265530', '', NULL, 90, '100160', '3ee6ef75c4aad98c200f2f9633884e34', 0, 1573307941, 1573308185);
INSERT INTO `user` VALUES (161, '15511235678', 'YbODi8Br1y4gwdxPPCjPjg==', '15511235678', '', '/avatar/161_wechat.png?time=1573315573', 84, '100161', '8a3a4c06663a84de893189a4786474a5', 0, 1573308514, 1573449813);
INSERT INTO `user` VALUES (162, '18314869997', 'IEaMz0u/lYJAThYRjxZDJw==', '18314869997', '', NULL, 84, '100162', '1d3779bb9268ddb206c338c5015b3011', 0, 1573308734, 1573534542);
INSERT INTO `user` VALUES (163, '13523396834', 'IY2aZ4PYIU/Gd1XL5cKXwQ==', '13523396834', '', NULL, 79, '100163', '', 0, 1573363612, 1573372192);
INSERT INTO `user` VALUES (164, '13923782828', 'KG4x41JZIv/4YQoAUEBBDQ==', '13923782828', '', NULL, 79, '100164', '', 0, 1573371883, 1573372330);
INSERT INTO `user` VALUES (165, '13702828260', 'ocLrp46z16R0SR9v2dBclQ==', '13702828260', '', NULL, 79, '100165', '', 0, 1573371975, 1573372429);
INSERT INTO `user` VALUES (166, '18069822673', '1MgzWGaXntqryJ9kTQVmwA==', '18069822673', '', NULL, 161, '100166', '82e6fc319d7c9a5f033b703299ab4bb0', 0, 1573372110, 1573372123);
INSERT INTO `user` VALUES (167, '19914506788', 'E1sTneQiDXmmMdcoO173Sw==', '19914506788', '', NULL, 79, '100167', '', 0, 1573372772, 1573439158);
INSERT INTO `user` VALUES (168, '13827211433', '/nHjayARASeyj8ZWlxZHaQ==', '13827211433', '', NULL, 79, '100168', '', 0, 1573372818, 1573374099);
INSERT INTO `user` VALUES (169, '18166083939', 'pwua7JMvGSOTDds4IJEwlQ==', '18166083939', '', '/avatar/169_wechat.png?time=1573439168', 79, '100169', '8bebeaa4f1219b9cea135a49adcc28c5', 0, 1573375166, 1573375189);
INSERT INTO `user` VALUES (170, '13071376286', 'iZhnRWXPVTCfTKcDKkvyqw==', '13071376286', '', NULL, 169, '100170', 'b77a79ce4e8d01e184b923b7b41c3eaf', 0, 1573375263, 1573456419);
INSERT INTO `user` VALUES (171, '13712138886', 'WgM2X9+PdEsLnCHikn/hDA==', '13712138886', '', NULL, 84, '100171', '', 0, 1573375275, 1573398076);
INSERT INTO `user` VALUES (172, '15002537689', 'l6RMm3kKenEryLr9m3Nt5Q==', '15002537689', '', NULL, 102, '100172', 'ce791386bf0adbdfceeb90847ab53bb6', 0, 1573379388, 1573379411);
INSERT INTO `user` VALUES (173, '18831402787', '3v1ODfAadBs/pCpYeuhaVA==', '18831402787', '', NULL, 102, '100173', 'a4dfdee7855289466815201cea9c81d2', 0, 1573380780, 1573464362);
INSERT INTO `user` VALUES (174, '15673874089', 'W56T2l7gfL5YxsL0BMp1JA==', '15673874089', '', NULL, 159, '100174', NULL, 0, 1573382028, 1573382028);
INSERT INTO `user` VALUES (175, '13538695766', 'e1M7S035tOSzgQUxjq/C8g==', '13538695766', '', NULL, 162, '100175', '66d9dd5b072a1774f8b42e47427ae5db', 0, 1573383392, 1573442343);
INSERT INTO `user` VALUES (176, '15697387921', 'hHQ36nhODZHMvm8wC6knrA==', '15697387921', '', NULL, 175, '100176', 'c84ce13a30b94932b786f60dc4bcdf43', 0, 1573384598, 1573484036);
INSERT INTO `user` VALUES (177, '13726499775', 'k8JmEWp+9oePJzTrHZ5W7g==', '13726499775', '', NULL, 176, '100177', '64e4a35b1bb3a904253f6f731b97bc7d', 0, 1573386688, 1573387113);
INSERT INTO `user` VALUES (178, '18073481075', '4BaUWtARAbQd3wqOrHL7Gw==', '18073481075', '', NULL, 176, '100178', '57e049841d1852dde44868ceee7f4ab2', 0, 1573389454, 1573389541);
INSERT INTO `user` VALUES (179, '18633225572', 'U54NF49OFFEmE+ZQoPsHqw==', '18633225572', '', NULL, 161, '100179', '99de9c1dc0091ac3a89946da2f687d8f', 0, 1573390380, 1573390720);
INSERT INTO `user` VALUES (180, '15818336313', 'kLXNmgNGMUKw/OtDbhvkAg==', '15818336313', '', NULL, 177, '100180', 'f349a4e603ce74ede47e3f2904515a7d', 0, 1573392544, 1573443280);
INSERT INTO `user` VALUES (181, '18607676417', 'KLDfcdcTybuY2VMH34dg2Q==', '18607676417', '', NULL, 177, '100181', '100d19116175199d75e5b42e762e8388', 0, 1573392635, 1573393360);
INSERT INTO `user` VALUES (182, '18027011887', 'qkvjKvhfCX3MV9L8g0/3kw==', '18027011887', '', NULL, 177, '100182', '097eb53a3609271495ea846b1409374a', 0, 1573393304, 1573393321);
INSERT INTO `user` VALUES (183, '13944228947', 'zG8uZyRdfx93zNglJg9h3A==', '13944228947', '', NULL, 160, '100183', '29a5631ebb46dd695feca69d063f0c62', 0, 1573394291, 1573394579);
INSERT INTO `user` VALUES (184, '17637417848', 'NP1/VecxUn9g07zArO3gKA==', '17637417848', '', NULL, 152, '100184', '66c72f9d779eb392ff7cfbeebf262086', 0, 1573396258, 1573396273);
INSERT INTO `user` VALUES (185, '18255120797', 'ux2j7UK0rCAqi2BlirFAHA==', '18255120797', '', NULL, 1, '100185', 'bc7fb54507f943ce603626d797cc3711', 0, 1573396319, 1573396339);
INSERT INTO `user` VALUES (186, '13788878638', 'QB1Den2CMxBLxtRFG43yow==', '13788878638', '', NULL, 90, '100186', NULL, 0, 1573396955, 1573396955);
INSERT INTO `user` VALUES (187, '15377790288', 'vEWjZKbUz9M4VbdNhASwYg==', '15377790288', '', NULL, 177, '100187', 'bb3f9319d027fa79f8e94ade2cb6db32', 0, 1573398189, 1573398204);
INSERT INTO `user` VALUES (188, '15862115609', 'kBC8ewcFIAce41LEp6NDZA==', '15862115609', '', '/avatar/188_wechat.png?time=1573438342', 166, '100188', '6fa8ef9a0619b867c22b3b41b05e079c', 0, 1573399913, 1573399923);
INSERT INTO `user` VALUES (189, '18341440836', 'zX6xLKXz8J5eaNh8pmK65Q==', '18341440836', '', NULL, 162, '100189', '7042236168f9d9943096849a8162d68d', 0, 1573408154, 1573521912);
INSERT INTO `user` VALUES (190, '18802608762', 'Yt3cOYfBvH/YeqML4zQLiQ==', '18802608762', '', NULL, 187, '100190', '', 0, 1573429413, 1573430306);
INSERT INTO `user` VALUES (191, '13009160597', 'bl7Se3iHEBfrIf70Ds/Cng==', '13009160597', '', NULL, 160, '100191', '25a2cd3225adbc3f02c03a629e6567a4', 0, 1573429683, 1573429711);
INSERT INTO `user` VALUES (192, '17688830000', 'dcwaQDQqlfynoim42Qlz4g==', '17688830000', '', '/avatar/192_wechat.png?time=1573469083', 1, '100192', '072442e5a935600e433f0a85894e2abb', 0, 1573437024, 1573478901);
INSERT INTO `user` VALUES (193, '18343248789', 'n9EMB/sMSxzI1fPP/Htrfg==', '18343248789', '', NULL, 160, '100193', '7ee859b0cb0c3abd052f5df21b203292', 0, 1573439715, 1573453774);
INSERT INTO `user` VALUES (194, '18676778820', 'UuvdLOwHZwVdYSbt6jlEJg==', '18676778820', '', NULL, 177, '100194', '27c6cc7b1ca24642e0ca3198205372ed', 0, 1573440577, 1573461845);
INSERT INTO `user` VALUES (195, '15942714870', 'om1zDSqlYRgWuTHF8lwnuw==', '15942714870', '', NULL, 115, '100195', '868054b5d132add29466bd8bea5c26c3', 0, 1573441651, 1573442084);
INSERT INTO `user` VALUES (196, '15952201188', 'LJEVCbvUCnFCq2xho5K8MA==', '15952201188', '', NULL, 188, '100196', '911e8c2e698554dfcf5e58f850d9d3f9', 0, 1573442466, 1573448129);
INSERT INTO `user` VALUES (197, '17512037207', 'ECNr0k/genH4+qXKtnoo9w==', '17512037207', '', NULL, 89, '100197', '', 0, 1573444323, 1573455337);
INSERT INTO `user` VALUES (198, '18301287024', '7RGyh7jPGg/fSbYAr1MPqw==', '18301287024', '', NULL, 166, '100198', '05751cf962e8b48fdba72850007f8a3e', 0, 1573445665, 1573445685);
INSERT INTO `user` VALUES (199, '13951221439', 'hGc3NACGA9UCPmzISqk+WQ==', '13951221439', '', NULL, 102, '100199', '8f1186580e21e61071b07deb3b47fbf5', 0, 1573452253, 1573453531);
INSERT INTO `user` VALUES (200, '13085383728', 'XGkwxF128iEFti28cC6QQA==', '13085383728', '', NULL, 140, '100200', 'd1fd0d8cd4db4ca3d6c4e1c30ae530ff', 0, 1573454788, 1573454817);
INSERT INTO `user` VALUES (201, '18802608761', 'yN0g40zxnUaSCN78ZqQBIA==', '18802608761', '', NULL, 84, '100201', '', 0, 1573455949, 1573538349);
INSERT INTO `user` VALUES (202, '13694943088', 'tkD44ueLfnRYatxuoGRasw==', '13694943088', '', '/avatar/202_wechat.png?time=1573468662', 201, '100202', '4d328e5c9f3cb59168d61260f49c6b5a', 0, 1573456615, 1573477478);
INSERT INTO `user` VALUES (203, '18364779630', 'TOM656BEA0yu8wIeg5ReeQ==', '18364779630', '', NULL, 102, '100203', '5779d2cfbd012b00fe23e7f936ab89b8', 0, 1573457117, 1573461085);
INSERT INTO `user` VALUES (204, '18679419131', 'ARDXk8DKuiEkSqkMPji00Q==', '18679419131', '', NULL, 79, '100204', 'cdf30a9c237fa40600c731c78245ec07', 0, 1573458882, 1573458906);
INSERT INTO `user` VALUES (205, '13116275537', 'iedM9+LosD+Iaj6cY93c2A==', '13116275537', '', NULL, 116, '100205', '630f4e0524fe7efbd15d4eff7b319f21', 0, 1573459654, 1573459722);
INSERT INTO `user` VALUES (206, '18587259412', '/OmXsU6nwM6sp5mjajTntg==', '18587259412', '', NULL, 116, '100206', NULL, 0, 1573459689, 1573459689);
INSERT INTO `user` VALUES (207, '15980622370', '0/Jiwh+1Hsz7luulyanc2w==', '15980622370', '', NULL, 80, '100207', 'bd6aa7b2f4d3c3a916c27d79f8004968', 0, 1573459896, 1573460735);
INSERT INTO `user` VALUES (208, '13711898767', 'uUK1Vi4E4JnOBVUO+q6pRg==', '13711898767', '', NULL, 201, '100208', '741f29efda4cfcc04961a5d301522c55', 0, 1573464093, 1573465754);
INSERT INTO `user` VALUES (209, '13035848508', 'XircgrswY5eE0wqlUMWIDg==', '13035848508', '', NULL, 81, '100209', '036a76f13219f956864c5ec91e44a1b4', 0, 1573464412, 1573464421);
INSERT INTO `user` VALUES (210, '18896952863', 'EFGrJu+TGm774Xtfsc4Zbw==', '18896952863', '', NULL, 102, '100210', 'fc547620dcd60203777aac5b433db423', 0, 1573465533, 1573465639);
INSERT INTO `user` VALUES (211, '13356472731', 'oc2aXvqvHQeQRE2zjSLN6g==', '13356472731', '', NULL, 202, '100211', '6da1ee84d854ac5dca0d8f30f51612e0', 0, 1573468754, 1573469536);
INSERT INTO `user` VALUES (212, '13729928944', 'DY2ErBkwaR50G4P+v8UUIA==', '13729928944', '', NULL, 201, '100212', '08d53ff073ac0bb052063c1fa58fe0f4', 0, 1573468768, 1573469250);
INSERT INTO `user` VALUES (213, '18819767527', 'hyrIBda60liWMXRWM6+COA==', '18819767527', '', NULL, 211, '100213', 'ecb1f0a85272d83096565d18db54048e', 0, 1573469049, 1573480565);
INSERT INTO `user` VALUES (214, '13559619185', 'cdwvqwpCtTLJP8pG9il8IQ==', '13559619185', '', NULL, 81, '100214', 'e2a532d550e6b1ae4ccdf64524a03be9', 0, 1573471624, 1573471639);
INSERT INTO `user` VALUES (215, '18826800693', 'mN26ClXecq4BQ0BS+b5ZxQ==', '18826800693', '', NULL, 213, '100215', NULL, 0, 1573472168, 1573472168);
INSERT INTO `user` VALUES (216, '15992805193', 'h7csN0kdLDZ8Hug/ZgS43Q==', '15992805193', '', NULL, 213, '100216', 'ea5ae057e572f5fcfaa009087c157bfb', 0, 1573472399, 1573473212);
INSERT INTO `user` VALUES (217, '15889771658', 'gTiUEDwT3HWpgwUdPzAR7g==', '15889771658', '', NULL, 216, '100217', '81a56a91aff28474db5243bc3a203da7', 0, 1573472526, 1573473237);
INSERT INTO `user` VALUES (218, '15130072989', 'DePfM1AG4OQqOUOraFqIhQ==', '15130072989', '', '/avatar/218_wechat.png?time=1573480529', 89, '100218', 'ce898ecd8060b972b76fa75aae7b3c23', 0, 1573473185, 1573473200);
INSERT INTO `user` VALUES (219, '17749881997', '3r+9zMrk+WxsXP89aGErrg==', '17749881997', '', NULL, 161, '100219', '36909b4ab81370b2ee4ca045da17157d', 0, 1573473476, 1573473488);
INSERT INTO `user` VALUES (220, '13559736723', 'SjsEIqJ3IIi06ZmwYIAn2w==', '13559736723', '', NULL, 217, '100220', '', 0, 1573473913, 1573474977);
INSERT INTO `user` VALUES (221, '17722494131', 'xenOnEnmSk5hEJjfqB/W/Q==', '17722494131', '', NULL, 213, '100221', 'e3b49b9123aa86f1f911794be7d1c336', 0, 1573474801, 1573477576);
INSERT INTO `user` VALUES (222, '15617708580', 'lj7JLLoVt2Q7i3JDSjMdpA==', '15617708580', '', NULL, 201, '100222', '761116f5389b5bf98b5d004412de9c12', 0, 1573476150, 1573476166);
INSERT INTO `user` VALUES (223, '13826926840', '4DVSx82QA8DdfBXVAlLauA==', '13826926840', '', NULL, 201, '100223', NULL, 0, 1573539906, 1573539906);
INSERT INTO `user` VALUES (224, '18292812060', 'Ulg+/tT0zK/xTg9GAn/fhA==', '18292812060', '', NULL, 90, '100224', 'ee34b13db368600a363a7c6a7e967656', 0, 1573541803, 1573541823);
INSERT INTO `user` VALUES (225, '15541512948', 'hD+Mf1D0trVj29X9NYtwAQ==', '15541512948', '', NULL, 77, '100225', NULL, 0, 1573542745, 1573542745);
INSERT INTO `user` VALUES (226, '15541512941', 'r1YhhdrXI0B4F4GzK6KJtw==', '15541512941', '', NULL, 77, '100226', '7b9731f072d63ab42f60033b194ce6a3', 0, 1573543011, 1573543030);
INSERT INTO `user` VALUES (227, '18915977937', '1xluUb/kE3h0zkd6PjxlGQ==', '18915977937', '', NULL, 80, '100227', '5dcd5edf0cd44eb55fde8a93b4647439', 0, 1573543490, 1573543538);
INSERT INTO `user` VALUES (228, '15541512942', 'iD0EzA69T53bcuuZU3HNCw==', '15541512942', '', NULL, 77, '100228', NULL, 0, 1573543722, 1573543722);

-- ----------------------------
-- Table structure for wallet
-- ----------------------------
DROP TABLE IF EXISTS `wallet`;
CREATE TABLE `wallet`  (
  `id` int(11) UNSIGNED NOT NULL AUTO_INCREMENT,
  `uid` int(11) UNSIGNED NULL DEFAULT NULL COMMENT '用户id',
  `currency_id` int(11) UNSIGNED NOT NULL COMMENT '币种id',
  `total` decimal(10, 3) NOT NULL DEFAULT 0.000 COMMENT '总金额',
  `free` decimal(10, 3) NOT NULL DEFAULT 0.000 COMMENT '可用',
  `lock` decimal(10, 3) NOT NULL DEFAULT 0.000 COMMENT '锁定',
  `consume` decimal(10, 3) NOT NULL DEFAULT 0.000 COMMENT '消费',
  `address` varchar(255) CHARACTER SET utf8 COLLATE utf8_general_ci NULL DEFAULT NULL COMMENT '用户币种地址',
  `create_time` int(11) NOT NULL COMMENT '注册时间',
  `update_time` int(11) NOT NULL COMMENT '更新时间',
  PRIMARY KEY (`id`) USING BTREE
) ENGINE = InnoDB AUTO_INCREMENT = 229 CHARACTER SET = utf8 COLLATE = utf8_general_ci ROW_FORMAT = Dynamic;

-- ----------------------------
-- Records of wallet
-- ----------------------------
INSERT INTO `wallet` VALUES (1, 1, 1, 5421.690, 5421.690, 0.000, 0.000, '', 1566382277, 1573483869);
INSERT INTO `wallet` VALUES (73, 73, 1, 0.000, 0.000, 0.000, 0.000, '0xf334b8ab18967a594f5cf9a4fcffe396eaa307e9', 1573282630, 1573282630);
INSERT INTO `wallet` VALUES (74, 74, 1, 0.000, 0.000, 0.000, 1149.310, '0x51dfb7d163ffa1493037a6167d02b275284c9c62', 1573282747, 1573453405);
INSERT INTO `wallet` VALUES (75, 75, 1, 18.590, 18.590, 0.000, 1.410, '0x73321a5408d767c3f55bdb2204b0dd470408670d', 1573283324, 1573283599);
INSERT INTO `wallet` VALUES (76, 76, 1, 5.900, 5.900, 0.000, 14.100, '0x18f47236f61c04c2cb21c14aca9dc09d6296f126', 1573283337, 1573306246);
INSERT INTO `wallet` VALUES (77, 77, 1, 11.540, 11.540, 0.000, 8.460, '0xd0511820bae1450174d3446572da400963c9bdbd', 1573283640, 1573284089);
INSERT INTO `wallet` VALUES (78, 78, 1, 6.540, 6.540, 0.000, 98.460, '0x50796d7a3a6ddb428cdd6b61ab7bcdf782af148a', 1573283676, 1573307119);
INSERT INTO `wallet` VALUES (79, 79, 1, 1982.260, 1982.260, 0.000, 2412.120, '0x668d9b5b75a8ea8f2ade6cca2753bd59aae7178d', 1573283924, 1573460503);
INSERT INTO `wallet` VALUES (80, 80, 1, 1733.960, 1733.960, 0.000, 9251.310, '0x4180755d7e4f61b979b59b4285534458dc9b153c', 1573283964, 1573477898);
INSERT INTO `wallet` VALUES (81, 81, 1, 415.060, 415.060, 0.000, 584.940, '0x543fc31e4881be80fd4ef7380a0f34edde5dc38d', 1573284036, 1573463765);
INSERT INTO `wallet` VALUES (82, 82, 1, 0.000, 0.000, 0.000, 0.000, '0x00bab4c4390d4f3129a55c1f191c1613c21c3591', 1573284137, 1573284137);
INSERT INTO `wallet` VALUES (83, 83, 1, 0.000, 0.000, 0.000, 0.000, '0x11372b113a23e11ba9eb07feb5a6d1d8a94dbaac', 1573284727, 1573284727);
INSERT INTO `wallet` VALUES (84, 84, 1, 17.050, 17.050, 0.000, 2034.270, '0xdaa59b8835c618df5f5473c62f0ab130e7a649d8', 1573285625, 1573483520);
INSERT INTO `wallet` VALUES (85, 85, 1, 0.000, 0.000, 0.000, 0.000, '0xff8ca350b3214fa32f9bce3a620e4883c61758b1', 1573285790, 1573285790);
INSERT INTO `wallet` VALUES (86, 86, 1, 0.000, 0.000, 0.000, 0.000, '0x2d5341905fc5c98166c1ff55853175023830cfef', 1573286156, 1573286156);
INSERT INTO `wallet` VALUES (87, 87, 1, 0.000, 0.000, 0.000, 0.000, '0x618c4a2268e1589f4646c04d2516e96fe85b825b', 1573286263, 1573286263);
INSERT INTO `wallet` VALUES (88, 88, 1, 0.470, 0.470, 0.000, 253.530, '0x6a90a9456feba837bee8a69ee558cdc1ee88362a', 1573286536, 1573453418);
INSERT INTO `wallet` VALUES (89, 89, 1, 27.910, 27.910, 0.000, 406.410, '0xace575477852ee0172e303601325a2da0a7d8b6a', 1573286541, 1573478954);
INSERT INTO `wallet` VALUES (90, 90, 1, 395.325, 395.325, 0.000, 2174.780, '0x1d8d2254fafaa115650eb6f2e196fc7f4280d674', 1573291200, 1573481571);
INSERT INTO `wallet` VALUES (91, 91, 1, 0.000, 0.000, 0.000, 0.000, '0x38717929534f9db75ac186886c4a5815172f08f1', 1573291687, 1573291687);
INSERT INTO `wallet` VALUES (92, 92, 1, 0.000, 0.000, 0.000, 56.340, '0x9c3ca21d632b59f7df94d168cbb1de963d265398', 1573291727, 1573363458);
INSERT INTO `wallet` VALUES (93, 93, 1, 0.000, 0.000, 0.000, 0.000, '0xac5ad239057dc4b4b4591540d80b55d0749830a8', 1573293687, 1573293687);
INSERT INTO `wallet` VALUES (94, 94, 1, 0.000, 0.000, 0.000, 0.000, '0xe6d5eb183c7dc9dee526e0882f08e49a53c9affd', 1573293695, 1573293695);
INSERT INTO `wallet` VALUES (95, 95, 1, 0.000, 0.000, 0.000, 56.340, '0x7c393836e7f3b151c672f9dc35f0ca45a07d8fb4', 1573293706, 1573300905);
INSERT INTO `wallet` VALUES (96, 96, 1, 0.000, 0.000, 0.000, 0.000, '0x07c300af88314d48858925618a4761218b6d104c', 1573293764, 1573293764);
INSERT INTO `wallet` VALUES (97, 97, 1, 0.000, 0.000, 0.000, 56.340, '0xa434521b6402d5d055e370c03666d18e87c1a55e', 1573293765, 1573354873);
INSERT INTO `wallet` VALUES (98, 98, 1, 2.490, 2.490, 0.000, 140.850, '0xd4f888869e3f8c238ef30e6ff69bce53299cb1ef', 1573293771, 1573456564);
INSERT INTO `wallet` VALUES (99, 99, 1, 0.000, 0.000, 0.000, 0.000, '0x5c6ba4cdad79cda35fff193ad8cd12801c5a69bc', 1573293787, 1573293787);
INSERT INTO `wallet` VALUES (100, 100, 1, 54.920, 54.920, 0.000, 56.340, '0xc75d2349fd8aeea9e3f7152ea1a76db79481f780', 1573293865, 1573450397);
INSERT INTO `wallet` VALUES (101, 101, 1, 0.000, 0.000, 0.000, 56.340, '0x75eb99ec6d30eea3b999068550c82422cf58817a', 1573293886, 1573301175);
INSERT INTO `wallet` VALUES (102, 102, 1, 55.619, 55.619, 0.000, 370.150, '0x45f589b9e1b9428fd4dd87eceec12d48be5ffa5a', 1573293891, 1573477898);
INSERT INTO `wallet` VALUES (103, 103, 1, 0.000, 0.000, 0.000, 112.680, '0x08908b576f10ac74a62c394821009d8c2a8f2bad', 1573293898, 1573303989);
INSERT INTO `wallet` VALUES (104, 104, 1, 0.000, 0.000, 0.000, 169.980, '0xb420611b9c14aa9ff0a6352d2d82c6bfc03c0af7', 1573293956, 1573529252);
INSERT INTO `wallet` VALUES (105, 105, 1, 0.000, 0.000, 0.000, 56.340, '0x71f3740dfe2d543e25a89455f2c818e3dc7a2e6a', 1573294062, 1573300375);
INSERT INTO `wallet` VALUES (106, 106, 1, 0.000, 0.000, 0.000, 56.340, '0x82fdf6c7ec0ee789996f131e18aec530772b26a8', 1573294106, 1573300508);
INSERT INTO `wallet` VALUES (107, 107, 1, 6.980, 6.980, 0.000, 253.530, '0x5844e1684dcf874a513275e3e89c0d54243aa3f4', 1573294118, 1573456295);
INSERT INTO `wallet` VALUES (108, 108, 1, 0.000, 0.000, 0.000, 0.000, '0x49bf18ecd54953a82f02acf066ae4846900e83ad', 1573294212, 1573294212);
INSERT INTO `wallet` VALUES (109, 109, 1, 0.000, 0.000, 0.000, 0.000, '0x26917b861d550738c45ea62475363c65cd6d097b', 1573294283, 1573294283);
INSERT INTO `wallet` VALUES (110, 110, 1, 0.000, 0.000, 0.000, 56.340, '0xc155ec1066381f2dd318cb3f156aae394b32e3b2', 1573294284, 1573301819);
INSERT INTO `wallet` VALUES (111, 111, 1, 0.000, 0.000, 0.000, 0.000, '0xb854ee2ebbc3d716ed4d89193ea15eb7d9da0f76', 1573294387, 1573294387);
INSERT INTO `wallet` VALUES (112, 112, 1, 0.000, 0.000, 0.000, 0.000, '0x0d142c031043732b93e30f98568c09f618e37919', 1573294406, 1573294406);
INSERT INTO `wallet` VALUES (113, 113, 1, 0.000, 0.000, 0.000, 0.000, '0x1557fc922135fc03c35c89fd949463f281ef5e84', 1573294491, 1573294491);
INSERT INTO `wallet` VALUES (114, 114, 1, 0.000, 0.000, 0.000, 0.000, '0x78357eb76417f80d642494caf1fd26538e21f566', 1573294506, 1573294506);
INSERT INTO `wallet` VALUES (115, 115, 1, 1.942, 1.942, 0.000, 140.850, '0xd64ba45cd794f709a3e0622990d69479683246b2', 1573294546, 1573441828);
INSERT INTO `wallet` VALUES (116, 116, 1, 2.070, 2.070, 0.000, 142.070, '0x3456dccb958467417b82720faddcaf09e0abf23a', 1573294637, 1573474248);
INSERT INTO `wallet` VALUES (117, 117, 1, 0.000, 0.000, 0.000, 0.000, '0x3f89b0eeaf64cb97834398226ac9df2998310867', 1573294700, 1573294700);
INSERT INTO `wallet` VALUES (118, 118, 1, 5.490, 5.490, 0.000, 200.850, '0x08f904bf668a1a7a4bcc0d1ef3286d3d8780da72', 1573294843, 1573445847);
INSERT INTO `wallet` VALUES (119, 119, 1, 0.000, 0.000, 0.000, 0.000, '0x8f29fae2eb9f8e3cf653032017ef7c6e9f0a13a3', 1573294863, 1573294863);
INSERT INTO `wallet` VALUES (120, 120, 1, 0.000, 0.000, 0.000, 56.340, '0x277793b243c34be5e32c673654ca848d8d3050fa', 1573294893, 1573303188);
INSERT INTO `wallet` VALUES (121, 121, 1, 0.000, 0.000, 0.000, 0.000, '0xd59c02b4cde22ea639768e6d71f1f3213b211c78', 1573294903, 1573294903);
INSERT INTO `wallet` VALUES (122, 122, 1, 0.000, 0.000, 0.000, 0.000, '0xf741442c3925c2f9e2a780ebfd03cd2d8ae85840', 1573294989, 1573294989);
INSERT INTO `wallet` VALUES (123, 123, 1, 0.000, 0.000, 0.000, 0.000, '0xe9bfb6e80351e9deb5b86fbddfd66be9616eac35', 1573295022, 1573295022);
INSERT INTO `wallet` VALUES (124, 124, 1, 1.338, 1.338, 0.000, 253.530, '0x3a990da30540fa8e1114607b9d8afae3bddcf14d', 1573295163, 1573452210);
INSERT INTO `wallet` VALUES (125, 125, 1, 0.000, 0.000, 0.000, 0.000, '0x7f06b3c99082f51eb791f9a30b0f0f240b84c9b3', 1573295268, 1573295268);
INSERT INTO `wallet` VALUES (126, 126, 1, 0.000, 0.000, 0.000, 56.340, '0x9f8552ea2f0cb883e166fc8fa951f201e4ea7bb5', 1573295356, 1573300961);
INSERT INTO `wallet` VALUES (127, 127, 1, 0.000, 0.000, 0.000, 0.000, '0x7e059a41fbc8bbed407ce77ab1b27e170c28faa9', 1573295359, 1573295359);
INSERT INTO `wallet` VALUES (128, 128, 1, 0.000, 0.000, 0.000, 0.000, '0x612e184b1ba3a92003be6a35de55a458617276e3', 1573295565, 1573295565);
INSERT INTO `wallet` VALUES (129, 129, 1, 0.000, 0.000, 0.000, 0.000, '0x6ccc5f79f4cb426ec1d3bb41730c45b465634a84', 1573295787, 1573295787);
INSERT INTO `wallet` VALUES (130, 130, 1, 0.000, 0.000, 0.000, 0.000, '0xfbcbcfbe34f80510b4d0ef5eedbfc344eb5689dd', 1573296050, 1573296050);
INSERT INTO `wallet` VALUES (131, 131, 1, 0.000, 0.000, 0.000, 0.000, '0x593c224a3d524d555b924eeeb82d7c5ab6e6691c', 1573296261, 1573296261);
INSERT INTO `wallet` VALUES (132, 132, 1, 0.000, 0.000, 0.000, 0.000, '0xe18ebdadcc8ebd7d7cb4df9ed35bd5e519a0f6f7', 1573296337, 1573296337);
INSERT INTO `wallet` VALUES (133, 133, 1, 0.000, 0.000, 0.000, 0.000, '0x44a30805ac992a29a66cf362c9ec448419547206', 1573296404, 1573296404);
INSERT INTO `wallet` VALUES (134, 134, 1, 19.000, 19.000, 0.000, 0.000, '0x7a5d290290a143b6c7b03aa201f9354782074603', 1573296602, 1573300897);
INSERT INTO `wallet` VALUES (135, 135, 1, 0.000, 0.000, 0.000, 0.000, '0x14cafc791b7f8d26a1d6e123611d49f269f93e9b', 1573296982, 1573296982);
INSERT INTO `wallet` VALUES (136, 136, 1, 0.000, 0.000, 0.000, 0.000, '0xc2955c4045f3e525c35785f125ef0b379a73a273', 1573297296, 1573297296);
INSERT INTO `wallet` VALUES (137, 137, 1, 0.000, 0.000, 0.000, 0.000, '0xd626c71b2835abb404203e9e5f3df8d2f4336382', 1573297465, 1573297465);
INSERT INTO `wallet` VALUES (138, 138, 1, 0.000, 0.000, 0.000, 0.000, '0xea9b997df0ca1e736dfc5bc051607694a70e89ff', 1573297598, 1573297598);
INSERT INTO `wallet` VALUES (139, 139, 1, 0.000, 0.000, 0.000, 1.410, '0xdd9a460847d2fe9b02caaaf1ccc0fe8153e8f648', 1573297711, 1573298461);
INSERT INTO `wallet` VALUES (140, 140, 1, 0.000, 0.000, 0.000, 140.850, '0x0a1824ae0789ddc5a955e5ae4cb0cb60605a3e56', 1573298353, 1573446862);
INSERT INTO `wallet` VALUES (141, 141, 1, 0.000, 0.000, 0.000, 0.000, '0x2054ad7906babb371803796d176e4e93d950602e', 1573298984, 1573298984);
INSERT INTO `wallet` VALUES (142, 142, 1, 0.000, 0.000, 0.000, 56.340, '0x92f52c61002bf3d90521ad18031d9f036b9a4a18', 1573299074, 1573300687);
INSERT INTO `wallet` VALUES (143, 143, 1, 0.000, 0.000, 0.000, 0.000, '0xe3aaf3dd46f0e40ce9bc687db11a972b53a688d5', 1573299588, 1573299588);
INSERT INTO `wallet` VALUES (144, 144, 1, 0.000, 0.000, 0.000, 56.340, '0x0ac0150c11b949d16fedc89363790c354e623222', 1573299795, 1573301847);
INSERT INTO `wallet` VALUES (145, 145, 1, 20.708, 20.708, 0.000, 1.410, '0x483c007187f727df94636e140e35eb70e015540f', 1573299967, 1573457431);
INSERT INTO `wallet` VALUES (146, 146, 1, 0.000, 0.000, 0.000, 56.340, '0xfb1071c2e5b371050de1244c48d91612dbd7817f', 1573299986, 1573302068);
INSERT INTO `wallet` VALUES (147, 147, 1, 56.340, 56.340, 0.000, 56.340, '0xf4ef76370dd19b80d824667564a852ceceeaea4c', 1573300328, 1573301948);
INSERT INTO `wallet` VALUES (148, 148, 1, 0.000, 0.000, 0.000, 0.000, '0xd96908a3ee5eee7d411de6c1fe48b04754eaefac', 1573300597, 1573300597);
INSERT INTO `wallet` VALUES (149, 149, 1, 0.000, 0.000, 0.000, 0.000, '0x65ca4edf6f87bf55455c261142aed30e503178c5', 1573300685, 1573300685);
INSERT INTO `wallet` VALUES (150, 150, 1, 0.000, 0.000, 0.000, 0.000, '0x26714eea68b93a9d2eae76b48b226a9fab680422', 1573301476, 1573301476);
INSERT INTO `wallet` VALUES (151, 151, 1, 0.000, 0.000, 0.000, 0.000, '0xe5c7ea087e51e7d3f3b626894d4679ca3c9a6c23', 1573301632, 1573301632);
INSERT INTO `wallet` VALUES (152, 152, 1, 0.000, 0.000, 0.000, 56.340, '0x9e95726eeb4902887183df8c60ba1cc9cbd9c05e', 1573301829, 1573356652);
INSERT INTO `wallet` VALUES (153, 153, 1, 0.000, 0.000, 0.000, 0.000, '0xc7a92f47caccb28fd252df63109c8b71b17d8885', 1573302161, 1573302161);
INSERT INTO `wallet` VALUES (154, 154, 1, 0.000, 0.000, 0.000, 0.000, '0x8b366cb6417ba670ba04463dd715e58a4319a81c', 1573302349, 1573302349);
INSERT INTO `wallet` VALUES (155, 155, 1, 0.000, 0.000, 0.000, 56.340, '0x2c8bada1c34d0b8b89ec7ce2478817d1e473827b', 1573302893, 1573303989);
INSERT INTO `wallet` VALUES (156, 156, 1, 0.000, 0.000, 0.000, 0.000, '0x1671a2d4b4a558f4ea91ba16d7d727c30d441017', 1573303535, 1573303535);
INSERT INTO `wallet` VALUES (157, 157, 1, 0.000, 0.000, 0.000, 0.000, '0x980243518b1c2f1d3a855793b76106e11d9d9c7b', 1573304699, 1573304699);
INSERT INTO `wallet` VALUES (158, 158, 1, 0.100, 0.100, 0.000, 0.000, '0x9ef3f6506e38c89b691d2c3576361bf1bf204c6f', 1573305048, 1573457127);
INSERT INTO `wallet` VALUES (159, 159, 1, 56.340, 56.340, 0.000, 56.340, '0xdaf1cd851dee1ae72b51737b4b2a920ae9253fe2', 1573307819, 1573351746);
INSERT INTO `wallet` VALUES (160, 160, 1, 57.196, 57.196, 0.000, 230.340, '0xfd56cf94f9eb338bc0ea374d188f3d6362c132c1', 1573307941, 1573453797);
INSERT INTO `wallet` VALUES (161, 161, 1, 111.860, 111.860, 0.000, 622.030, '0x1a7c37cf07ec4d17798f0dbe0761ad995329539d', 1573308514, 1573473565);
INSERT INTO `wallet` VALUES (162, 162, 1, 746.470, 746.470, 0.000, 985.950, '0x2625448670f3b9d7c754b93c41e9f12e11ec6420', 1573308734, 1573408402);
INSERT INTO `wallet` VALUES (163, 163, 1, 197.190, 197.190, 0.000, 56.340, '0x357c59e639a59e2f1f71fcbf43a44ec49ef919ce', 1573363612, 1573363724);
INSERT INTO `wallet` VALUES (164, 164, 1, 9.150, 9.150, 0.000, 140.850, '0xf53b16bc790826197553bb307e2b047fccc6fb85', 1573371883, 1573372321);
INSERT INTO `wallet` VALUES (165, 165, 1, 93.660, 93.660, 0.000, 56.340, '0xd7f928bf5c304d2372577c65dbb77c0fd993e1a0', 1573371975, 1573372385);
INSERT INTO `wallet` VALUES (166, 166, 1, 0.000, 0.000, 0.000, 113.340, '0x82a06e03619be1963f179768e62ef9c68ccabda3', 1573372110, 1573400126);
INSERT INTO `wallet` VALUES (167, 167, 1, 93.660, 93.660, 0.000, 56.340, '0xcf246ace3c542c40f03729f6520fefb9603ef34f', 1573372772, 1573373095);
INSERT INTO `wallet` VALUES (168, 168, 1, 93.660, 93.660, 0.000, 56.340, '0x98bbcfca29b5b9cafb3fff7392fb8add79cbcf24', 1573372818, 1573373149);
INSERT INTO `wallet` VALUES (169, 169, 1, 3.660, 3.660, 0.000, 56.340, '0x533674fc991658732affe3652e6f13120060028b', 1573375166, 1573451962);
INSERT INTO `wallet` VALUES (170, 170, 1, 111.270, 111.270, 0.000, 1.410, '0x0f383438bdf50c356346ffc2c7879f43f955ae97', 1573375263, 1573456434);
INSERT INTO `wallet` VALUES (171, 171, 1, 0.000, 0.000, 0.000, 0.000, '0x3a1c5fee3cbe4274d59fac3714745754428c47fa', 1573375275, 1573375275);
INSERT INTO `wallet` VALUES (172, 172, 1, 0.000, 0.000, 0.000, 0.000, '0x9e7dcdb7f12c5f9d83b5d683eff3b50de17ef9c6', 1573379388, 1573379388);
INSERT INTO `wallet` VALUES (173, 173, 1, 0.000, 0.000, 0.000, 0.000, '0xe359bc9527b0fa64515787c13fd77eebfb862b12', 1573380780, 1573380780);
INSERT INTO `wallet` VALUES (174, 174, 1, 0.000, 0.000, 0.000, 0.000, '0x911b7728bc22d715ba22b11b3100d586ed474098', 1573382028, 1573382028);
INSERT INTO `wallet` VALUES (175, 175, 1, 0.000, 0.000, 0.000, 112.680, '0xab672597dc75dd29695bf5934895b5caa1169b9e', 1573383392, 1573385077);
INSERT INTO `wallet` VALUES (176, 176, 1, 0.000, 0.000, 0.000, 169.020, '0xf4ff86a42860d6e74fc1a505eda86209be93164b', 1573384598, 1573389673);
INSERT INTO `wallet` VALUES (177, 177, 1, 112.680, 112.680, 0.000, 112.680, '0xc872fa2cbe4b04d026d5108e83716358ea2488fb', 1573386688, 1573462184);
INSERT INTO `wallet` VALUES (178, 178, 1, 0.000, 0.000, 0.000, 56.340, '0xc5ecf56ca5e6e95481c8b63c3009ba20ed41a58f', 1573389454, 1573389673);
INSERT INTO `wallet` VALUES (179, 179, 1, 0.660, 0.660, 0.000, 56.340, '0xbe2aef87d366c88504103d4e84d3a322d73a1532', 1573390380, 1573390736);
INSERT INTO `wallet` VALUES (180, 180, 1, 0.000, 0.000, 0.000, 56.340, '0x6e7049aceee0451cb6c76c135380a6fdc8b5532d', 1573392544, 1573393511);
INSERT INTO `wallet` VALUES (181, 181, 1, 0.000, 0.000, 0.000, 0.000, '0x1623f913ff7f3f5770f90fbe5be367169bd0ab25', 1573392635, 1573392635);
INSERT INTO `wallet` VALUES (182, 182, 1, 0.000, 0.000, 0.000, 0.000, '0x98c5f93a871f2d1eda2057a767aa5becf105e028', 1573393304, 1573393304);
INSERT INTO `wallet` VALUES (183, 183, 1, 3.660, 3.660, 0.000, 56.340, '0x0211e833561a3a4b9295a7c97760f89a3dc6c754', 1573394291, 1573394841);
INSERT INTO `wallet` VALUES (184, 184, 1, 0.000, 0.000, 0.000, 0.000, '0xf88ab95e2fdea672e5091406782fd2ea27aee4cf', 1573396258, 1573396258);
INSERT INTO `wallet` VALUES (185, 185, 1, 0.000, 0.000, 0.000, 0.000, '0xd381a2b272654b9569fe2b46496bb761f36cbde8', 1573396319, 1573396319);
INSERT INTO `wallet` VALUES (186, 186, 1, 0.000, 0.000, 0.000, 0.000, '0x5126fc6f4de79e018d7c9b8e855417ea311ba3e1', 1573396955, 1573396955);
INSERT INTO `wallet` VALUES (187, 187, 1, 0.000, 0.000, 0.000, 56.340, '0x8ad5e2aa8fa09c62f7162b81fe1c3152c7aa6c3b', 1573398189, 1573398477);
INSERT INTO `wallet` VALUES (188, 188, 1, 0.160, 0.160, 0.000, 56.340, '0xef0106740d5970b235478b7323a33950c033b8bb', 1573399913, 1573400126);
INSERT INTO `wallet` VALUES (189, 189, 1, 0.000, 0.000, 0.000, 253.530, '0x0587347ca332e06600d0e86225588a5eed3e3f87', 1573408154, 1573408432);
INSERT INTO `wallet` VALUES (190, 190, 1, 0.000, 0.000, 0.000, 0.000, '0x7b101a90a381f84f86ab71461bb7ed3b5e813fa3', 1573429413, 1573429413);
INSERT INTO `wallet` VALUES (191, 191, 1, 0.660, 0.660, 0.000, 56.340, '0x2ad7925c0b9f86677955c3026c90d6651e2291dc', 1573429683, 1573429774);
INSERT INTO `wallet` VALUES (192, 192, 1, 0.000, 0.000, 0.000, 0.000, '0xfbccad00d95dd52fc33389941c9dfb894b8fc4da', 1573437024, 1573437024);
INSERT INTO `wallet` VALUES (193, 193, 1, 0.660, 0.660, 0.000, 56.340, '0x07e55512473cf366bef11250d1e987c74e808d2f', 1573439715, 1573453797);
INSERT INTO `wallet` VALUES (194, 194, 1, 0.000, 0.000, 0.000, 56.340, '0xc64673f4c124a6f60b13365fabd2555f5cce952c', 1573440577, 1573462184);
INSERT INTO `wallet` VALUES (195, 195, 1, 0.000, 0.000, 0.000, 0.000, '0xf760c7c7ad834c61311f419c9704002de914f766', 1573441651, 1573441651);
INSERT INTO `wallet` VALUES (196, 196, 1, 0.000, 0.000, 0.000, 0.000, '0x94174f4a4ad63e0082b42e4e91981dd8da7f1606', 1573442466, 1573442466);
INSERT INTO `wallet` VALUES (197, 197, 1, 46.000, 46.000, 0.000, 254.000, '0x31052c828807b49dab8b8ab91166695b7b77dade', 1573444323, 1573444427);
INSERT INTO `wallet` VALUES (198, 198, 1, 0.000, 0.000, 0.000, 0.000, '0x6e6909b6e66b173c20b0f192ed259f4dc5de6c31', 1573445665, 1573445665);
INSERT INTO `wallet` VALUES (199, 199, 1, 0.660, 0.660, 0.000, 56.340, '0x67a5b3721c92a00e2be5515b6c7adc3fec278221', 1573452253, 1573454767);
INSERT INTO `wallet` VALUES (200, 200, 1, 0.000, 0.000, 0.000, 0.000, '0x09a840bb3b3744fcb7c6f6210fa1dd8e37e187c3', 1573454788, 1573454788);
INSERT INTO `wallet` VALUES (201, 201, 1, 126.365, 126.365, 0.000, 1242.150, '0xc77d1b8e8680e946a0a2ed03435e1bb0da381316', 1573455949, 1573535869);
INSERT INTO `wallet` VALUES (202, 202, 1, 2.150, 2.150, 0.000, 111.340, '0x5f4a517b2dd89d0052d38fd8a575bc573c6738c6', 1573456615, 1573468953);
INSERT INTO `wallet` VALUES (203, 203, 1, 0.660, 0.660, 0.000, 56.340, '0x74db91872beae3498733c70bdafb42940c736abb', 1573457117, 1573462841);
INSERT INTO `wallet` VALUES (204, 204, 1, 0.660, 0.660, 0.000, 56.340, '0xb7571bb3a8be0ca01d135f43ef218a0e32ae41a3', 1573458882, 1573460503);
INSERT INTO `wallet` VALUES (205, 205, 1, 0.000, 0.000, 0.000, 0.000, '0xaf7c61b96ae771417aacc82d16483b98c870a002', 1573459654, 1573459654);
INSERT INTO `wallet` VALUES (206, 206, 1, 0.000, 0.000, 0.000, 0.000, '0x1d5c1e4c6c0bfbef69c6b692893fc1f03b4e2053', 1573459689, 1573459689);
INSERT INTO `wallet` VALUES (207, 207, 1, 0.000, 0.000, 0.000, 0.000, '0x3aa9a4c373b04cc25409b52fcd3398793e2ea66f', 1573459896, 1573459896);
INSERT INTO `wallet` VALUES (208, 208, 1, 0.000, 0.000, 0.000, 57.150, '0x96be48a7061dd08e6f9214ba9ad0326848d6df02', 1573464093, 1573466144);
INSERT INTO `wallet` VALUES (209, 209, 1, 0.000, 0.000, 0.000, 0.000, '0xb731dac62a0633dc565e7653f3de79d8d1149dc1', 1573464412, 1573464412);
INSERT INTO `wallet` VALUES (210, 210, 1, 0.850, 0.850, 0.000, 57.150, '0xdd97c0c874e81dcb3b2d8e0f7e89eed94e11f562', 1573465533, 1573466702);
INSERT INTO `wallet` VALUES (211, 211, 1, 0.000, 0.000, 0.000, 200.030, '0x26ecaba0fadc63087b493baf84d49d612cfa2aa3', 1573468754, 1573535869);
INSERT INTO `wallet` VALUES (212, 212, 1, 0.000, 0.000, 0.000, 57.150, '0x8e2ec77d77cbf84a763bd5c968ef946dedee93db', 1573468768, 1573470125);
INSERT INTO `wallet` VALUES (213, 213, 1, 114.300, 114.300, 0.000, 57.150, '0x08ecaef29335d63a57efcf7c1712e87b136b5083', 1573469049, 1573477027);
INSERT INTO `wallet` VALUES (214, 214, 1, 0.000, 0.000, 0.000, 0.000, '0x8f8b77f074b4468f250cc181497962fe0c3ef570', 1573471624, 1573471624);
INSERT INTO `wallet` VALUES (215, 215, 1, 0.000, 0.000, 0.000, 0.000, '0x2bf488fa946a1c4587bfaa3b3727deb7e52d58cb', 1573472168, 1573472168);
INSERT INTO `wallet` VALUES (216, 216, 1, 57.150, 57.150, 0.000, 114.300, '0xc308ff20bcc4260b06e698a279643865ae981701', 1573472399, 1573473022);
INSERT INTO `wallet` VALUES (217, 217, 1, 0.000, 0.000, 0.000, 114.300, '0xf4ee8d17b9afafea7449d2a868cb20e680841154', 1573472526, 1573474168);
INSERT INTO `wallet` VALUES (218, 218, 1, 87.120, 87.120, 0.000, 142.880, '0xa21094314aead061560b634b6506761e2cc996a5', 1573473185, 1573473416);
INSERT INTO `wallet` VALUES (219, 219, 1, 0.000, 0.000, 0.000, 57.150, '0x5df11c31ab9cfea31b5d09abe165e26265285183', 1573473476, 1573473565);
INSERT INTO `wallet` VALUES (220, 220, 1, 0.000, 0.000, 0.000, 57.150, '0x2f8e6cf50c1177646589ed3287f314fa0c0362c9', 1573473913, 1573474168);
INSERT INTO `wallet` VALUES (221, 221, 1, 0.000, 0.000, 0.000, 57.150, '0x650766ace225a8582dfef0d7b18cf85a7c5c7858', 1573474801, 1573477027);
INSERT INTO `wallet` VALUES (222, 222, 1, 0.000, 0.000, 0.000, 0.000, '0x798038afd167c0931c547f41154c4feb601149e3', 1573476151, 1573476151);
INSERT INTO `wallet` VALUES (223, 223, 1, 0.000, 0.000, 0.000, 0.000, '0xc2e6b0c3aa50ca84c4287efab85da98084a9fcfb', 1573539906, 1573539906);
INSERT INTO `wallet` VALUES (224, 224, 1, 0.000, 0.000, 0.000, 0.000, '0x9d1f4c0baaebb4b6c69dd2617010f95b4cb2dad5', 1573541803, 1573541803);
INSERT INTO `wallet` VALUES (225, 225, 1, 0.000, 0.000, 0.000, 0.000, '0x136c676e3fa4263fffaa140a4867c0c421d48224', 1573542745, 1573542745);
INSERT INTO `wallet` VALUES (226, 226, 1, 0.000, 0.000, 0.000, 0.000, '0x80583f1b2544e794ece77f572fe2c7e88fe285e7', 1573543011, 1573543011);
INSERT INTO `wallet` VALUES (227, 227, 1, 0.000, 0.000, 0.000, 0.000, '0x21c37c14e2cd649301407750bb5e05fe098747b9', 1573543490, 1573543490);
INSERT INTO `wallet` VALUES (228, 228, 1, 0.000, 0.000, 0.000, 0.000, '0x7328c229a8e32a85856adc2180498c23875c49c6', 1573543722, 1573543722);

-- ----------------------------
-- Table structure for withdraw
-- ----------------------------
DROP TABLE IF EXISTS `withdraw`;
CREATE TABLE `withdraw`  (
  `id` int(11) UNSIGNED NOT NULL AUTO_INCREMENT,
  `order_no` varchar(50) CHARACTER SET utf8 COLLATE utf8_general_ci NOT NULL COMMENT '订单号',
  `uid` int(11) UNSIGNED NOT NULL COMMENT '用户',
  `address` varchar(255) CHARACTER SET utf8 COLLATE utf8_general_ci NOT NULL COMMENT '提现地址',
  `currency_id` int(11) UNSIGNED NOT NULL COMMENT '币种id',
  `total` decimal(10, 3) NOT NULL COMMENT '总价格',
  `money` decimal(10, 3) NOT NULL COMMENT '提现价格',
  `service` decimal(10, 3) NOT NULL COMMENT '服务费',
  `state` tinyint(1) NOT NULL COMMENT '状态 1待审核 2:待入账 3:失败 4:已完成',
  `create_time` int(11) NOT NULL COMMENT '创建时间',
  `update_time` int(11) NOT NULL DEFAULT 0 COMMENT '更新时间',
  PRIMARY KEY (`id`) USING BTREE,
  UNIQUE INDEX `order_no`(`order_no`) USING BTREE
) ENGINE = InnoDB AUTO_INCREMENT = 5 CHARACTER SET = utf8 COLLATE = utf8_general_ci ROW_FORMAT = Dynamic;

-- ----------------------------
-- Records of withdraw
-- ----------------------------
INSERT INTO `withdraw` VALUES (1, 'WTC2019111053213422686677', 104, '0x3ebbd00136d4b4628beb4d6fcd135443e1394cf4', 1, 56.820, 53.979, 2.841, 9, 1573353213, 0);
INSERT INTO `withdraw` VALUES (2, 'WTC2019111094802798714150', 118, '0x22a5c89df2486e91a7ebddb5000054a364fc844c', 1, 60.000, 57.000, 3.000, 9, 1573394802, 0);
INSERT INTO `withdraw` VALUES (3, 'WTC2019111135193140325621', 89, '0x28fe8a9a2066e0eb8f34842ecc8397d94d264b84', 1, 10.000, 9.500, 0.500, 9, 1573435193, 0);
INSERT INTO `withdraw` VALUES (4, 'WTC2019111229252220165014', 104, '0x3ebbd00136d4b4628beb4d6fcd135443e1394cf4', 1, 56.820, 53.979, 2.841, 4, 1573529252, 1573529258);

SET FOREIGN_KEY_CHECKS = 1;
